MOF,Predicted Value,Model,Features
mof_7484,38.02769230418063,LinearRegression,Density
mof_701,38.02769230418063,LinearRegression,Density
mof_653,38.02769230418063,LinearRegression,Density
mof_700,38.02769230418063,LinearRegression,Density
mof_10598,38.02769230418063,LinearRegression,Density
mof_652,38.02769230418063,LinearRegression,Density
mof_10560,38.02769230418063,LinearRegression,Density
mof_10597,38.02769230418063,LinearRegression,Density
mof_10515,38.02769230418063,LinearRegression,Density
mof_10512,38.02769230418063,LinearRegression,Density
mof_10472,38.02769230418063,LinearRegression,Density
mof_10644,38.02769230418063,LinearRegression,Density
mof_10801,38.02769230418063,LinearRegression,Density
mof_10600,38.02769230418063,LinearRegression,Density
mof_9722,38.02769230418063,LinearRegression,Density
mof_365,38.02769230418063,LinearRegression,Density
mof_10604,38.02769230418063,LinearRegression,Density
mof_10646,38.02769230418063,LinearRegression,Density
mof_749,38.24889934773827,LinearRegression,Density
mof_10653,38.02769230418063,LinearRegression,Density
mof_10602,38.02769230418063,LinearRegression,Density
mof_10842,38.02769230418063,LinearRegression,Density
mof_10893,38.02769230418063,LinearRegression,Density
mof_10846,38.02769230418063,LinearRegression,Density
mof_10805,38.02769230418063,LinearRegression,Density
mof_10652,38.02769230418063,LinearRegression,Density
mof_10475,38.02769230418063,LinearRegression,Density
mof_10607,38.02769230418063,LinearRegression,Density
mof_748,38.24889934773827,LinearRegression,Density
mof_10517,38.02769230418063,LinearRegression,Density
mof_10894,38.02769230418063,LinearRegression,Density
mof_10715,38.02769230418063,LinearRegression,Density
mof_10807,38.02769230418063,LinearRegression,Density
mof_10521,38.02769230418063,LinearRegression,Density
mof_10611,38.24889934773827,LinearRegression,Density
mof_10895,38.02769230418063,LinearRegression,Density
mof_10654,38.02769230418063,LinearRegression,Density
mof_10568,38.24889934773827,LinearRegression,Density
mof_10612,38.24889934773827,LinearRegression,Density
mof_10850,38.02769230418063,LinearRegression,Density
mof_368,38.02769230418063,LinearRegression,Density
mof_10656,38.24889934773827,LinearRegression,Density
mof_10851,38.24889934773827,LinearRegression,Density
mof_10855,38.24889934773827,LinearRegression,Density
mof_10900,38.24889934773827,LinearRegression,Density
mof_10615,38.24889934773827,LinearRegression,Density
mof_10407,38.02769230418063,LinearRegression,Density
mof_10718,38.24889934773827,LinearRegression,Density
mof_10762,38.24889934773827,LinearRegression,Density
mof_10763,38.24889934773827,LinearRegression,Density
mof_10616,38.24889934773827,LinearRegression,Density
mof_10661,38.24889934773827,LinearRegression,Density
mof_10410,38.24889934773827,LinearRegression,Density
mof_10414,38.24889934773827,LinearRegression,Density
mof_10764,38.24889934773827,LinearRegression,Density
mof_10572,38.24889934773827,LinearRegression,Density
mof_10477,38.24889934773827,LinearRegression,Density
mof_10857,38.24889934773827,LinearRegression,Density
mof_10664,38.24889934773827,LinearRegression,Density
mof_10904,38.24889934773827,LinearRegression,Density
mof_10418,38.24889934773827,LinearRegression,Density
mof_10416,38.24889934773827,LinearRegression,Density
mof_10417,38.24889934773827,LinearRegression,Density
mof_10860,38.24889934773827,LinearRegression,Density
mof_10574,38.47010639129592,LinearRegression,Density
mof_10906,38.47010639129592,LinearRegression,Density
mof_10907,38.47010639129592,LinearRegression,Density
mof_10910,38.47010639129592,LinearRegression,Density
DAKXOE_CSD17,47.208553273095006,LinearRegression,GSA
ENAPAL_CSD17,38.54147449248714,LinearRegression,GSA
BIVVEI_CSD17,42.4607384190639,LinearRegression,GSA
mof_6928,42.28630664486299,LinearRegression,GSA
ENIDOV_CSD17,55.65214134300793,LinearRegression,GSA
GOBKEN_CSD17,41.77936430109159,LinearRegression,GSA
mof_4932,46.608944049279366,LinearRegression,GSA
mof_4486,46.87059171058073,LinearRegression,GSA
mof_6879,39.24465258223458,LinearRegression,GSA
mof_4442,47.54651483560927,LinearRegression,GSA
TEWMIS_CSD17,50.6590318065068,LinearRegression,GSA
mof_6926,39.35367244111015,LinearRegression,GSA
mof_7647,38.595984421924925,LinearRegression,GSA
str_m3_o20_o29_f0_pcu.sym.75.out,38.42700364066779,LinearRegression,GSA
str_m2_o20_o29_f0_pcu.sym.84.out,38.54692548543092,LinearRegression,GSA
mof_1803,40.373008121596726,LinearRegression,GSA
str_m2_o20_o29_f0_pcu.sym.105.out,38.410650661836456,LinearRegression,GSA
mof_2033,46.936003625906075,LinearRegression,GSA
mof_2980,41.77391330814781,LinearRegression,GSA
mof_4690,45.18623489095317,LinearRegression,GSA
GOVMEJ_CSD17,41.52861862567778,LinearRegression,GSA
str_m3_o20_o29_f0_pcu.sym.133.out,38.345238746511114,LinearRegression,GSA
WOKLOZ_CSD17,55.89743602547797,LinearRegression,GSA
FASZUW_CSD17,43.63270190197629,LinearRegression,GSA
mof_7693,40.31304719921516,LinearRegression,GSA
str_m2_o20_o29_f0_pcu.sym.150.out,38.63959236547515,LinearRegression,GSA
mof_6144,42.765994023915496,LinearRegression,GSA
mof_1766,41.3705398303082,LinearRegression,GSA
NUSTIF_CSD17,53.008409765275346,LinearRegression,GSA
str_m2_o20_o28_f0_pcu.sym.152.out,38.15445399347887,LinearRegression,GSA
PORZAZ_CSD17,48.009849235830444,LinearRegression,GSA
mof_6115,39.0593188221461,LinearRegression,GSA
mof_7617,43.20752445236157,LinearRegression,GSA
ICETER_CSD17,42.586111256770806,LinearRegression,GSA
EGUGUK_CSD17,45.44788255225454,LinearRegression,GSA
SIBDIS_CSD17,49.318087542337295,LinearRegression,GSA
mof_6420,45.09356801090893,LinearRegression,GSA
mof_4948,47.37753405435213,LinearRegression,GSA
str_m3_o19_o25_f0_nbo.sym.75.out,38.416101654780235,LinearRegression,GSA
mof_1836,40.29124322744005,LinearRegression,GSA
mof_6424,45.83490305126281,LinearRegression,GSA
mof_3661,43.42556417011271,LinearRegression,GSA
str_m2_o19_o25_f0_nbo.sym.32.out,38.383395697117564,LinearRegression,GSA
mof_7614,45.33886269337897,LinearRegression,GSA
UZIDOX_CSD17,56.84590879769543,LinearRegression,GSA
hypotheticalMOF_5048221_i_1_j_25_k_20_m_10,38.85218109028252,LinearRegression,GSA
mof_1702,47.399338026127246,LinearRegression,GSA
WUNPIE_CSD17,46.260080500877535,LinearRegression,GSA
str_m3_o19_o25_f0_nbo.sym.82.out,38.08359108520975,LinearRegression,GSA
str_m2_o20_o25_f0_pcu.sym.31.out,38.15445399347887,LinearRegression,GSA
mof_7618,42.52615033438924,LinearRegression,GSA
BEJZIA_CSD17,39.78975187661243,LinearRegression,GSA
hypotheticalMOF_5073022_i_2_j_25_k_20_m_4,38.57418045014981,LinearRegression,GSA
mof_4708,47.55741682149683,LinearRegression,GSA
mof_7256,38.39429768300512,LinearRegression,GSA
mof_1835,40.667361740560764,LinearRegression,GSA
LADQIQ_CSD17,46.83788575291806,LinearRegression,GSA
mof_1703,50.113932512128954,LinearRegression,GSA
mof_4699,43.125759558204884,LinearRegression,GSA
mof_7222,45.36611765809786,LinearRegression,GSA
str_m2_o20_o29_f0_pcu.sym.11.out,39.228299603403244,LinearRegression,GSA
str_m2_o6_o6_f0_pcu.sym.25.out,40.75457762766123,LinearRegression,GSA
hypotheticalMOF_5048278_i_1_j_25_k_21_m_0,38.841279104394964,LinearRegression,GSA
mof_11122,40.50383195224741,LinearRegression,GSA
mof_5642,38.21441491586043,LinearRegression,GSA
mof_7257,38.7050042808005,LinearRegression,GSA
mof_7870,40.269439255664935,LinearRegression,GSA
mof_4686,41.010774296018816,LinearRegression,GSA
mof_6116,47.24125923075768,LinearRegression,GSA
str_m2_o6_o21_f0_pcu.sym.24.out,39.124730737471445,LinearRegression,GSA
mof_4433,39.34822144816637,LinearRegression,GSA
mof_2330,41.3705398303082,LinearRegression,GSA
str_m2_o19_o25_f0_nbo.sym.173.out,38.83037711850741,LinearRegression,GSA
SOFGIF_CSD17,57.5654398662742,LinearRegression,GSA
mof_7869,41.468657703296216,LinearRegression,GSA
str_m2_o20_o23_f0_pcu.sym.130.out,38.42700364066779,LinearRegression,GSA
LADQOW_CSD17,47.57922079327194,LinearRegression,GSA
str_m2_o6_o29_f0_pcu.sym.36.out,38.95574995621431,LinearRegression,GSA
str_m2_o19_o25_f0_nbo.sym.14.out,38.46516059127424,LinearRegression,GSA
str_m2_o6_o29_f0_pcu.sym.60.out,38.835828111451185,LinearRegression,GSA
str_m2_o21_o25_f0_pcu.sym.12.out,38.416101654780235,LinearRegression,GSA
str_m2_o6_o21_f0_pcu.sym.27.out,38.8576320832263,LinearRegression,GSA
str_m3_o6_o6_f0_pcu.sym.1.out,40.482027980472296,LinearRegression,GSA
mof_5404,38.61233740075626,LinearRegression,GSA
mof_7700,38.57963144309359,LinearRegression,GSA
str_m3_o19_o27_f0_nbo.sym.14.out,39.53900620119862,LinearRegression,GSA
str_m3_o6_o6_f0_pcu.sym.55.out,40.46022400869718,LinearRegression,GSA
str_m2_o6_o29_f0_pcu.sym.196.out,39.04296584331477,LinearRegression,GSA
hypotheticalMOF_3001123_i_2_j_23_k_23_m_4_cat_1,39.0593188221461,LinearRegression,GSA
str_m2_o20_o27_f0_pcu.sym.22.out,38.02908115577196,LinearRegression,GSA
str_m2_o6_o29_f0_pcu.sym.12.out,39.15198570219034,LinearRegression,GSA
str_m3_o6_o11_f0_nbo.sym.177.out,38.39429768300512,LinearRegression,GSA
mof_4393,39.77884989072487,LinearRegression,GSA
mof_4707,40.92900940186214,LinearRegression,GSA
mof_6931,44.14509523869147,LinearRegression,GSA
str_m2_o19_o25_f0_nbo.sym.33.out,40.54743989579764,LinearRegression,GSA
str_m3_o19_o29_f0_nbo.sym.4.out,38.00727718399685,LinearRegression,GSA
HUDHET_CSD17,38.69955328785672,LinearRegression,GSA
XOKYOM_CSD17,41.25606897848885,LinearRegression,GSA
str_m3_o21_o25_f0_pcu.sym.1.out,38.13265002170375,LinearRegression,GSA
mof_11367,43.04399466404821,LinearRegression,GSA
str_m2_o20_o23_f0_pcu.sym.79.out,38.63959236547515,LinearRegression,GSA
NU-TPE-4PTT-ftw,39.71343797539953,LinearRegression,GSA
mof_2751,39.70798698245575,LinearRegression,GSA
str_m3_o21_o29_f0_pcu.sym.165.out,38.3997486759489,LinearRegression,GSA
mof_6372,42.1064238777183,LinearRegression,GSA
str_m2_o19_o25_f0_nbo.sym.172.out,38.57963144309359,LinearRegression,GSA
str_m2_o20_o23_f0_pcu.sym.149.out,38.410650661836456,LinearRegression,GSA
hypotheticalMOF_5048261_i_1_j_25_k_20_m_14,39.20649563162813,LinearRegression,GSA
str_m2_o6_o29_f0_pcu.sym.231.out,39.162887688077895,LinearRegression,GSA
str_m3_o6_o29_f0_pcu.sym.254.out,39.08112279392122,LinearRegression,GSA
hypotheticalMOF_5048158_i_1_j_25_k_20_m_5,38.595984421924925,LinearRegression,GSA
str_m1_o20_o25_f0_pcu.sym.63.out,38.383395697117564,LinearRegression,GSA
str_m2_o6_o21_f0_pcu.sym.59.out,38.25257186646688,LinearRegression,GSA
hypotheticalMOF_5073106_i_2_j_25_k_20_m_10,38.22531690174799,LinearRegression,GSA
str_m3_o6_o29_f0_pcu.sym.9.out,38.7050042808005,LinearRegression,GSA
hypotheticalMOF_5073026_i_2_j_25_k_20_m_5,38.97210293504565,LinearRegression,GSA
str_m2_o6_o27_f0_pcu.sym.130.out,38.2471208735231,LinearRegression,GSA
str_m2_o6_o29_f0_pcu.sym.172.out,39.800653862499985,LinearRegression,GSA
hypotheticalMOF_5073055_i_2_j_25_k_20_m_7,38.0454341346033,LinearRegression,GSA
mof_4738,42.57520927088325,LinearRegression,GSA
str_m3_o6_o19_f0_nbo.sym.91.out,39.45179031409816,LinearRegression,GSA
HIGMOA_CSD17,51.70017145876851,LinearRegression,GSA
KIQCIW_CSD17,45.584157375849,LinearRegression,GSA
hypotheticalMOF_5034204_i_1_j_19_k_5_m_0,38.54147449248714,LinearRegression,GSA
hypotheticalMOF_5034260_i_1_j_19_k_5_m_5,38.31798378179222,LinearRegression,GSA
mof_4978,42.39532650373856,LinearRegression,GSA
str_m2_o19_o27_f0_nbo.sym.36.out,39.98598762258845,LinearRegression,GSA
str_m3_o6_o21_f0_pcu.sym.45.out,39.402731377604155,LinearRegression,GSA
mof_4930,44.27591906934215,LinearRegression,GSA
mof_8944,42.89681785456619,LinearRegression,GSA
str_m2_o19_o25_f0_nbo.sym.67.out,38.29617981001711,LinearRegression,GSA
str_m2_o20_o25_f0_pcu.sym.48.out,39.07022080803366,LinearRegression,GSA
str_m2_o6_o27_f0_pcu.sym.8.out,38.51421952776825,LinearRegression,GSA
XUKYEI_CoRE,39.73524194717464,LinearRegression,GSA
hypotheticalMOF_5073006_i_2_j_25_k_20_m_4,38.65049435136271,LinearRegression,GSA
mof_4312,52.959350828781346,LinearRegression,GSA
mof_6266,41.872031181135824,LinearRegression,GSA
mof_6468,48.12977108059357,LinearRegression,GSA
mof_656,39.5935161306364,LinearRegression,GSA
mof_7656,43.540035021932056,LinearRegression,GSA
str_m2_o19_o25_f0_nbo.sym.177.out,39.904222728431776,LinearRegression,GSA
str_m3_o6_o21_f0_pcu.sym.159.out,38.56872945720603,LinearRegression,GSA
mof_6133,40.13861542501425,LinearRegression,GSA
mof_5498,40.661910747616986,LinearRegression,GSA
mof_6212,42.90226884750996,LinearRegression,GSA
str_m1_o25_o25_f0_pcu.sym.151.out,39.23375059634702,LinearRegression,GSA
hypotheticalMOF_5048227_i_1_j_25_k_20_m_10,39.34277045522259,LinearRegression,GSA
mof_6117,47.45929894850882,LinearRegression,GSA
hypotheticalMOF_5073035_i_2_j_25_k_20_m_5,38.31798378179222,LinearRegression,GSA
mof_10784,38.018179169884405,LinearRegression,GSA
str_m2_o6_o7_f0_pcu.sym.1.out,39.184691659853016,LinearRegression,GSA
str_m3_o6_o29_f0_pcu.sym.147.out,39.795202869556206,LinearRegression,GSA
str_m3_o6_o29_f0_pcu.sym.94.out,39.37547641288526,LinearRegression,GSA
hypotheticalMOF_5048264_i_1_j_25_k_20_m_14,38.841279104394964,LinearRegression,GSA
mof_4947,41.07073521840038,LinearRegression,GSA
str_m2_o25_o29_f0_pcu.sym.196.out,38.672298323137824,LinearRegression,GSA
str_m2_o6_o29_f0_pcu.sym.111.out,38.43245463361157,LinearRegression,GSA
hypotheticalMOF_5048207_i_1_j_25_k_20_m_9,38.79222016790096,LinearRegression,GSA
str_m3_o3_o5_f0_nbo.sym.77.out,38.99935789976454,LinearRegression,GSA
hypotheticalMOF_3001338_i_2_j_24_k_24_m_0_cat_1,38.75406321729451,LinearRegression,GSA
mof_5028,43.49097608543805,LinearRegression,GSA
mof_6881,38.06178711343463,LinearRegression,GSA
str_m3_o6_o27_f0_pcu.sym.168.out,38.345238746511114,LinearRegression,GSA
hypotheticalMOF_5048174_i_1_j_25_k_20_m_7,38.563278464262254,LinearRegression,GSA
mof_5260,40.89085245125569,LinearRegression,GSA
str_m2_o19_o25_f0_nbo.sym.70.out,38.65049435136271,LinearRegression,GSA
mof_4952,49.21996966934928,LinearRegression,GSA
mof_7660,46.71251291521115,LinearRegression,GSA
str_m3_o34_o35_f0_pts.sym.118.out,38.198061937029095,LinearRegression,GSA
mof_4582,50.28291329338609,LinearRegression,GSA
str_m2_o21_o25_f0_pcu.sym.6.out,38.44335661949913,LinearRegression,GSA
hypotheticalMOF_5048236_i_1_j_25_k_20_m_11,38.42155264772401,LinearRegression,GSA
mof_2165,40.24218429094604,LinearRegression,GSA
mof_6848,42.46618941200768,LinearRegression,GSA
str_m2_o6_o7_f0_pcu.sym.113.out,39.130181730415224,LinearRegression,GSA
str_m2_o6_o8_f0_pcu.sym.3.out,38.198061937029095,LinearRegression,GSA
str_m3_o6_o11_f0_nbo.sym.178.out,38.36704271828623,LinearRegression,GSA
mof_4939,43.22932842413668,LinearRegression,GSA
str_m3_o21_o25_f0_pcu.sym.183.out,38.20896392291665,LinearRegression,GSA
mof_7830,40.31849819215894,LinearRegression,GSA
hypotheticalMOF_5048136_i_1_j_25_k_20_m_4,39.11927974452767,LinearRegression,GSA
hypotheticalMOF_5048140_i_1_j_25_k_20_m_4,38.977553927989426,LinearRegression,GSA
hypotheticalMOF_5048286_i_1_j_25_k_21_m_1,39.07567180097744,LinearRegression,GSA
mof_6361,39.52265322236728,LinearRegression,GSA
str_m2_o6_o11_f0_nbo.sym.50.out,39.84971279899399,LinearRegression,GSA
str_m3_o6_o11_f0_nbo.sym.262.out,38.96120094915809,LinearRegression,GSA
hypotheticalMOF_5041153_i_1_j_21_k_21_m_14,38.10539505698486,LinearRegression,GSA
hypotheticalMOF_5044011_i_1_j_23_k_20_m_4,38.91759300560786,LinearRegression,GSA
mof_4258,38.25257186646688,LinearRegression,GSA
str_m2_o6_o11_f0_nbo.sym.60.out,39.25010357517836,LinearRegression,GSA
str_m3_o6_o28_f0_pcu.sym.18.out,38.79222016790096,LinearRegression,GSA
str_m3_o6_o29_f0_pcu.sym.219.out,40.09500748146402,LinearRegression,GSA
mof_6782,41.343284865589304,LinearRegression,GSA
mof_6929,40.302145213327606,LinearRegression,GSA
hypotheticalMOF_5038984_i_1_j_21_k_4_m_14,38.121748035816196,LinearRegression,GSA
mof_12268,42.28085565191921,LinearRegression,GSA
str_m2_o21_o25_f0_pcu.sym.191.out,38.31253278884844,LinearRegression,GSA
hypotheticalMOF_5041015_i_1_j_21_k_21_m_4,38.37249371123001,LinearRegression,GSA
str_m2_o6_o25_f0_pcu.sym.1.out,40.67826372644832,LinearRegression,GSA
str_m3_o20_o20_f0_nbo.sym.1.out,39.228299603403244,LinearRegression,GSA
str_m3_o20_o25_f0_pcu.sym.58.out,38.25802285941066,LinearRegression,GSA
QIYKIU_CSD17,41.28877493615152,LinearRegression,GSA
hypotheticalMOF_5048238_i_1_j_25_k_20_m_11,38.770416196125844,LinearRegression,GSA
str_m2_o3_o5_f0_nbo.sym.40.out,38.74316123140695,LinearRegression,GSA
str_m3_o6_o11_f0_nbo.sym.174.out,38.236218887635545,LinearRegression,GSA
str_m3_o6_o25_f0_pcu.sym.180.out,40.2530862768336,LinearRegression,GSA
hypotheticalMOF_5034208_i_1_j_19_k_5_m_0,38.49786654893691,LinearRegression,GSA
mof_5223,43.142112537036226,LinearRegression,GSA
str_m2_o34_o35_f0_pts.sym.7.out,38.345238746511114,LinearRegression,GSA
str_m2_o6_o19_f0_nbo.sym.1.out,40.07320350968891,LinearRegression,GSA
PEZVEW_CSD17,53.248253454801606,LinearRegression,GSA
str_m3_o34_o35_f0_pts.sym.1.out,38.127199028759975,LinearRegression,GSA
str_m2_o21_o25_f0_pcu.sym.23.out,38.32888576767978,LinearRegression,GSA
str_m2_o3_o5_f0_nbo.sym.14.out,39.52810421531106,LinearRegression,GSA
hypotheticalMOF_3001121_i_2_j_23_k_23_m_4_cat_1,39.02661286448343,LinearRegression,GSA
mof_5354,45.16443091917806,LinearRegression,GSA
str_m2_o6_o8_f0_pcu.sym.127.out,38.22531690174799,LinearRegression,GSA
str_m3_o6_o26_f0_pcu.sym.89.out,38.09994406404108,LinearRegression,GSA
hypotheticalMOF_5048274_i_1_j_25_k_21_m_0,39.184691659853016,LinearRegression,GSA
hypotheticalMOF_5073142_i_2_j_25_k_21_m_0,38.15445399347887,LinearRegression,GSA
mof_7711,43.545486014875834,LinearRegression,GSA
str_m1_o20_o28_f0_pcu.sym.23.out,38.0454341346033,LinearRegression,GSA
str_m2_o20_o21_f0_pcu.sym.16.out,38.230767894691766,LinearRegression,GSA
hypotheticalMOF_5000927_i_0_j_19_k_5_m_12,38.944847970326755,LinearRegression,GSA
mof_6121,50.037618610916056,LinearRegression,GSA
str_m3_o20_o25_f0_pcu.sym.57.out,38.86308307617008,LinearRegression,GSA
KALZUU_CSD17,43.92160452799655,LinearRegression,GSA
mof_7661,46.06929574784529,LinearRegression,GSA
hypotheticalMOF_5036477_i_1_j_20_k_5_m_10,38.912142012664084,LinearRegression,GSA
hypotheticalMOF_5073018_i_2_j_25_k_20_m_4,38.57418045014981,LinearRegression,GSA
mof_1979,41.46320671035244,LinearRegression,GSA
mof_2217,41.77936430109159,LinearRegression,GSA
str_m1_o6_o23_f0_pcu.sym.64.out,38.33433676062356,LinearRegression,GSA
hypotheticalMOF_5039910_i_1_j_21_k_12_m_7,38.03453214871574,LinearRegression,GSA
mof_4267,53.44448920077763,LinearRegression,GSA
mof_4917,38.56872945720603,LinearRegression,GSA
AXILOI_CSD17,44.3903899211615,LinearRegression,GSA
hypotheticalMOF_5041032_i_1_j_21_k_21_m_5,38.03998314165952,LinearRegression,GSA
mof_2127,47.23035724487012,LinearRegression,GSA
mof_2311,43.44736814188782,LinearRegression,GSA
hypotheticalMOF_5073059_i_2_j_25_k_20_m_7,38.24166988057932,LinearRegression,GSA
str_m2_o19_o25_f0_nbo.sym.71.out,38.454258605386684,LinearRegression,GSA
str_m2_o21_o25_f0_pcu.sym.5.out,38.492415555993134,LinearRegression,GSA
str_m2_o21_o29_f0_pcu.sym.92.out,38.53602349954336,LinearRegression,GSA
str_m2_o25_o29_f0_pcu.sym.217.out,38.99390690682076,LinearRegression,GSA
str_m3_o6_o21_f0_pcu.sym.100.out,38.35614073239867,LinearRegression,GSA
hypotheticalMOF_5039882_i_1_j_21_k_12_m_5,38.0454341346033,LinearRegression,GSA
mof_6466,46.794277809367834,LinearRegression,GSA
mof_6512,43.474623106606714,LinearRegression,GSA
str_m1_o6_o29_f0_pcu.sym.50.out,38.77586718906962,LinearRegression,GSA
str_m2_o19_o25_f0_nbo.sym.178.out,41.577677562171786,LinearRegression,GSA
mof_2129,50.59907088412524,LinearRegression,GSA
mof_6783,41.74665834342892,LinearRegression,GSA
mof_7665,44.09603630219746,LinearRegression,GSA
str_m2_o20_o25_f0_pcu.sym.12.out,38.3997486759489,LinearRegression,GSA
str_m2_o3_o5_f0_nbo.sym.4.out,38.454258605386684,LinearRegression,GSA
str_m3_o20_o23_f0_nbo.sym.80.out,39.255554568122136,LinearRegression,GSA
mof_6153,40.231282305058485,LinearRegression,GSA
str_m3_o19_o27_f0_nbo.sym.50.out,40.9889703242437,LinearRegression,GSA
str_m3_o6_o21_f0_pcu.sym.133.out,39.479045278817054,LinearRegression,GSA
mof_5213,38.492415555993134,LinearRegression,GSA
str_m3_o3_o6_f0_pcu.sym.99.out,38.44335661949913,LinearRegression,GSA
str_m3_o6_o26_f0_pcu.sym.36.out,38.31798378179222,LinearRegression,GSA
hypotheticalMOF_5048190_i_1_j_25_k_20_m_8,39.46269229998572,LinearRegression,GSA
mof_767,41.77391330814781,LinearRegression,GSA
str_m3_o25_o29_f0_pcu.sym.178.out,39.46269229998572,LinearRegression,GSA
mof_7226,41.403245787970874,LinearRegression,GSA
str_m2_o6_o25_f0_pcu.sym.36.out,39.95873265786956,LinearRegression,GSA
str_m2_o6_o25_f0_pcu.sym.42.out,38.410650661836456,LinearRegression,GSA
str_m3_o6_o25_f0_pcu.sym.113.out,38.165355979366424,LinearRegression,GSA
hypotheticalMOF_5036515_i_1_j_20_k_5_m_14,40.36210613570917,LinearRegression,GSA
hypotheticalMOF_5073100_i_2_j_25_k_20_m_10,38.448807612442906,LinearRegression,GSA
mof_5423,44.95184219437069,LinearRegression,GSA
mof_6852,48.20608498180647,LinearRegression,GSA
hypotheticalMOF_5048128_i_1_j_25_k_20_m_4,39.16833868102167,LinearRegression,GSA
mof_704,40.11136046029536,LinearRegression,GSA
str_m2_o3_o6_f0_pcu.sym.96.out,38.61233740075626,LinearRegression,GSA
mof_1932,41.85567820230449,LinearRegression,GSA
str_m1_o23_o25_f0_pcu.sym.114.out,38.30163080296089,LinearRegression,GSA
str_m2_o19_o27_f0_nbo.sym.8.out,41.70850139282247,LinearRegression,GSA
str_m2_o21_o29_f0_pcu.sym.227.out,38.230767894691766,LinearRegression,GSA
str_m2_o25_o29_f0_pcu.sym.6.out,39.14653470924656,LinearRegression,GSA
MEVBUK_CSD17,50.58816889823768,LinearRegression,GSA
hypotheticalMOF_3000266_i_1_j_24_k_24_m_0_cat_1,39.57716315180507,LinearRegression,GSA
mof_4353,47.18129830837611,LinearRegression,GSA
str_m3_o6_o25_f0_pcu.sym.209.out,39.549908187086174,LinearRegression,GSA
mof_6123,49.44891137298798,LinearRegression,GSA
mof_7171,38.023630162828184,LinearRegression,GSA
str_m2_o21_o29_f0_pcu.sym.137.out,38.47061158421802,LinearRegression,GSA
hypotheticalMOF_5073110_i_2_j_25_k_20_m_11,38.236218887635545,LinearRegression,GSA
str_m3_o3_o6_f0_pcu.sym.178.out,38.563278464262254,LinearRegression,GSA
str_m1_o25_o29_f0_pcu.sym.184.out,38.18170895819776,LinearRegression,GSA
hypotheticalMOF_3001263_i_2_j_24_k_23_m_4_cat_1,38.85218109028252,LinearRegression,GSA
hypotheticalMOF_5036471_i_1_j_20_k_5_m_10,38.11084604992864,LinearRegression,GSA
mof_134,43.99246743626567,LinearRegression,GSA
str_m1_o6_o29_f0_pcu.sym.61.out,38.14355200759131,LinearRegression,GSA
str_m2_o6_o21_f0_pcu.sym.34.out,39.473594285873276,LinearRegression,GSA
str_m3_o19_o29_f0_nbo.sym.5.out,38.07814009226597,LinearRegression,GSA
mof_3039,44.4667038223744,LinearRegression,GSA
mof_6509,41.686697421047356,LinearRegression,GSA
str_m3_o20_o23_f0_nbo.sym.220.out,38.672298323137824,LinearRegression,GSA
str_m3_o6_o25_f0_pcu.sym.76.out,38.39429768300512,LinearRegression,GSA
mof_2609,42.264502673087875,LinearRegression,GSA
str_m3_o20_o23_f0_nbo.sym.17.out,39.82790882721888,LinearRegression,GSA
str_m3_o20_o25_f0_nbo.sym.75.out,39.3918293917166,LinearRegression,GSA
str_m3_o6_o19_f0_nbo.sym.66.out,40.11136046029536,LinearRegression,GSA
hypotheticalMOF_5039863_i_1_j_21_k_12_m_4,38.06723810637841,LinearRegression,GSA
str_m2_o21_o29_f0_pcu.sym.142.out,38.61778839370004,LinearRegression,GSA
str_m3_o21_o25_f0_pcu.sym.101.out,38.018179169884405,LinearRegression,GSA
hypotheticalMOF_28782_i_2_j_5_k_5_m_9,39.876967763712884,LinearRegression,GSA
mof_1797,48.70212533969031,LinearRegression,GSA
mof_7138,46.472669225684896,LinearRegression,GSA
str_m2_o20_o25_f0_pcu.sym.17.out,39.50084925059217,LinearRegression,GSA
str_m2_o6_o19_f0_nbo.sym.86.out,39.19559364574057,LinearRegression,GSA
str_m2_o6_o29_f0_pcu.sym.202.out,38.634141372531374,LinearRegression,GSA
NU-TPE-4TPT-ftw,39.77884989072487,LinearRegression,GSA
hypotheticalMOF_5048132_i_1_j_25_k_20_m_4,39.015710878595875,LinearRegression,GSA
mof_12856,42.558856292051914,LinearRegression,GSA
str_m2_o6_o11_f0_nbo.sym.34.out,38.563278464262254,LinearRegression,GSA
str_m3_o20_o23_f0_nbo.sym.118.out,38.60688640781248,LinearRegression,GSA
mof_6428,44.56482169536241,LinearRegression,GSA
str_m2_o6_o11_f0_nbo.sym.159.out,38.72135725963184,LinearRegression,GSA
str_m3_o20_o25_f0_nbo.sym.103.out,38.99935789976454,LinearRegression,GSA
str_m3_o25_o29_f0_pcu.sym.181.out,39.800653862499985,LinearRegression,GSA
str_m3_o6_o25_f0_pcu.sym.217.out,40.42751805103451,LinearRegression,GSA
str_m2_o6_o6_f0_pcu.sym.69.out,39.78975187661243,LinearRegression,GSA
str_m3_o20_o23_f0_nbo.sym.3.out,38.92304399855164,LinearRegression,GSA
str_m3_o20_o25_f0_nbo.sym.175.out,38.81947513261985,LinearRegression,GSA
mof_4747,40.46567500164096,LinearRegression,GSA
str_m3_o20_o25_f0_pcu.sym.33.out,39.35367244111015,LinearRegression,GSA
hypotheticalMOF_5036495_i_1_j_20_k_5_m_12,42.65152317209615,LinearRegression,GSA
str_m2_o20_o29_f0_pcu.sym.137.out,38.81947513261985,LinearRegression,GSA
str_m2_o6_o27_f0_pcu.sym.65.out,38.14900300053509,LinearRegression,GSA
str_m3_o20_o25_f0_nbo.sym.151.out,39.17378967396545,LinearRegression,GSA
str_m3_o25_o27_f0_pcu.sym.157.out,38.81402413967607,LinearRegression,GSA
str_m3_o25_o28_f0_pcu.sym.1.out,38.74316123140695,LinearRegression,GSA
str_m3_o7_o19_f0_nbo.sym.96.out,39.255554568122136,LinearRegression,GSA
mof_426,39.729790954230864,LinearRegression,GSA
str_m3_o20_o23_f0_nbo.sym.146.out,38.72135725963184,LinearRegression,GSA
hypotheticalMOF_5048229_i_1_j_25_k_20_m_10,39.21739761751569,LinearRegression,GSA
hypotheticalMOF_5048271_i_1_j_25_k_20_m_14,38.93939697738298,LinearRegression,GSA
hypotheticalMOF_5064185_i_2_j_21_k_5_m_9,38.46516059127424,LinearRegression,GSA
mof_6515,48.31510484068204,LinearRegression,GSA
mof_7832,46.65255199282959,LinearRegression,GSA
str_m2_o6_o23_f0_pcu.sym.167.out,40.96171535952481,LinearRegression,GSA
hypotheticalMOF_3000240_i_1_j_24_k_23_m_11_cat_1,38.345238746511114,LinearRegression,GSA
mof_1837,42.17728678598742,LinearRegression,GSA
mof_3660,46.06929574784529,LinearRegression,GSA
str_m3_o6_o21_f0_pcu.sym.130.out,38.07268909932219,LinearRegression,GSA
hypotheticalMOF_5036513_i_1_j_20_k_5_m_14,38.40519966889268,LinearRegression,GSA
mof_2077,39.96963464375712,LinearRegression,GSA
mof_5306,38.3997486759489,LinearRegression,GSA
mof_5457,40.97261734541237,LinearRegression,GSA
str_m2_o6_o29_f0_pcu.sym.39.out,38.416101654780235,LinearRegression,GSA
str_m3_o20_o25_f0_nbo.sym.35.out,39.35367244111015,LinearRegression,GSA
str_m3_o20_o25_f0_nbo.sym.64.out,38.944847970326755,LinearRegression,GSA
mof_4452,40.38936110042806,LinearRegression,GSA
mof_789,45.74223617121858,LinearRegression,GSA
str_m2_o25_o28_f0_pcu.sym.6.out,39.02661286448343,LinearRegression,GSA
str_m3_o20_o23_f0_nbo.sym.109.out,39.11927974452767,LinearRegression,GSA
str_m3_o25_o29_f0_pcu.sym.15.out,38.236218887635545,LinearRegression,GSA
hypotheticalMOF_5048665_i_1_j_25_k_25_m_0,41.163402098444614,LinearRegression,GSA
mof_6517,45.9657268819135,LinearRegression,GSA
mof_6850,47.7427505815853,LinearRegression,GSA
str_m3_o20_o23_f0_nbo.sym.33.out,38.42700364066779,LinearRegression,GSA
str_m3_o20_o25_f0_nbo.sym.98.out,39.37547641288526,LinearRegression,GSA
hypotheticalMOF_5034281_i_1_j_19_k_5_m_7,38.198061937029095,LinearRegression,GSA
hypotheticalMOF_5073014_i_2_j_25_k_20_m_4,38.339787753567336,LinearRegression,GSA
mof_1795,44.548468716531076,LinearRegression,GSA
mof_6514,49.23087165523684,LinearRegression,GSA
mof_6588,39.98598762258845,LinearRegression,GSA
str_m2_o6_o25_f0_pcu.sym.150.out,38.91759300560786,LinearRegression,GSA
str_m2_o6_o25_f0_pcu.sym.165.out,39.402731377604155,LinearRegression,GSA
str_m3_o20_o25_f0_nbo.sym.148.out,39.07022080803366,LinearRegression,GSA
str_m3_o20_o25_f0_nbo.sym.28.out,40.00234060141979,LinearRegression,GSA
str_m3_o20_o25_f0_nbo.sym.62.out,41.09253919017549,LinearRegression,GSA
str_m3_o6_o8_f0_pcu.sym.220.out,38.03998314165952,LinearRegression,GSA
mof_6934,40.302145213327606,LinearRegression,GSA
str_m2_o6_o11_f0_nbo.sym.63.out,39.184691659853016,LinearRegression,GSA
str_m3_o20_o23_f0_nbo.sym.22.out,39.67528102479308,LinearRegression,GSA
str_m3_o20_o25_f0_nbo.sym.110.out,39.82790882721888,LinearRegression,GSA
str_m3_o21_o29_f0_pcu.sym.22.out,38.14900300053509,LinearRegression,GSA
str_m3_o6_o25_f0_pcu.sym.152.out,41.14704911961328,LinearRegression,GSA
mof_10038,40.54198890285386,LinearRegression,GSA
mof_7353,44.95184219437069,LinearRegression,GSA
str_m3_o20_o25_f0_nbo.sym.1.out,39.80610485544376,LinearRegression,GSA
str_m3_o20_o25_f0_nbo.sym.170.out,38.339787753567336,LinearRegression,GSA
hypotheticalMOF_5064209_i_2_j_21_k_5_m_11,38.694102294912945,LinearRegression,GSA
mof_5308,40.39481209337184,LinearRegression,GSA
str_m2_o20_o29_f0_pcu.sym.151.out,39.20104463868435,LinearRegression,GSA
str_m2_o7_o19_f0_nbo.sym.48.out,42.97858274872286,LinearRegression,GSA
str_m3_o20_o25_f0_nbo.sym.109.out,38.88488704794519,LinearRegression,GSA
str_m3_o20_o25_f0_nbo.sym.51.out,40.874499472424354,LinearRegression,GSA
str_m3_o20_o25_f0_nbo.sym.81.out,39.947830671982004,LinearRegression,GSA
str_m3_o6_o25_f0_pcu.sym.246.out,39.015710878595875,LinearRegression,GSA
mof_5511,41.550422597452894,LinearRegression,GSA
str_m2_o21_o29_f0_pcu.sym.240.out,39.02661286448343,LinearRegression,GSA
str_m3_o20_o25_f0_nbo.sym.139.out,39.838810813106434,LinearRegression,GSA
str_m3_o20_o25_f0_nbo.sym.83.out,38.54692548543092,LinearRegression,GSA
mof_4052,40.307596206271384,LinearRegression,GSA
mof_5555,43.1748184946989,LinearRegression,GSA
hypotheticalMOF_5064168_i_2_j_21_k_5_m_7,39.38637839877282,LinearRegression,GSA
mof_41,44.39584091410528,LinearRegression,GSA
mof_6162,41.26151997143263,LinearRegression,GSA
mof_8953,42.74419005214038,LinearRegression,GSA
str_m2_o6_o25_f0_pcu.sym.63.out,38.69955328785672,LinearRegression,GSA
str_m3_o20_o25_f0_nbo.sym.74.out,40.04049755202624,LinearRegression,GSA
str_m3_o20_o25_f0_nbo.sym.76.out,39.75704591894976,LinearRegression,GSA
hypotheticalMOF_5018816_i_0_j_25_k_20_m_6,39.130181730415224,LinearRegression,GSA
hypotheticalMOF_5034346_i_1_j_19_k_5_m_14,38.165355979366424,LinearRegression,GSA
mof_5221,46.407257310359554,LinearRegression,GSA
str_m3_o20_o23_f0_nbo.sym.137.out,38.39429768300512,LinearRegression,GSA
str_m3_o20_o23_f0_nbo.sym.21.out,38.93939697738298,LinearRegression,GSA
str_m3_o20_o25_f0_nbo.sym.189.out,39.37547641288526,LinearRegression,GSA
hypotheticalMOF_3000209_i_1_j_24_k_23_m_7_cat_1,38.20896392291665,LinearRegression,GSA
hypotheticalMOF_5073102_i_2_j_25_k_20_m_10,38.36704271828623,LinearRegression,GSA
mof_7220,39.16833868102167,LinearRegression,GSA
mof_8850,39.479045278817054,LinearRegression,GSA
str_m2_o6_o23_f0_pcu.sym.6.out,41.1415981266695,LinearRegression,GSA
str_m3_o20_o23_f0_nbo.sym.116.out,38.89578903383275,LinearRegression,GSA
str_m3_o3_o5_f0_nbo.sym.27.out,39.78975187661243,LinearRegression,GSA
hypotheticalMOF_5019126_i_0_j_25_k_21_m_12,40.302145213327606,LinearRegression,GSA
mof_427,42.831405939240845,LinearRegression,GSA
mof_4987,40.13861542501425,LinearRegression,GSA
mof_6630,38.62323938664382,LinearRegression,GSA
mof_7754,41.89383515291094,LinearRegression,GSA
mof_9778,46.85423873174939,LinearRegression,GSA
str_m3_o19_o25_f0_nbo.sym.122.out,39.800653862499985,LinearRegression,GSA
str_m3_o20_o25_f0_nbo.sym.36.out,40.65100876172943,LinearRegression,GSA
str_m3_o25_o28_f0_pcu.sym.16.out,38.89033804088897,LinearRegression,GSA
str_m3_o6_o21_f0_pcu.sym.204.out,38.36159172534245,LinearRegression,GSA
str_m3_o7_o11_f0_nbo.sym.44.out,39.4681432929295,LinearRegression,GSA
mof_10544,38.50331754188069,LinearRegression,GSA
mof_2034,40.40026308631562,LinearRegression,GSA
str_m2_o19_o25_f0_nbo.sym.2.out,38.64504335841893,LinearRegression,GSA
str_m2_o7_o28_f0_pcu.sym.135.out,39.42453534937927,LinearRegression,GSA
str_m3_o20_o23_f0_nbo.sym.128.out,39.45724130704194,LinearRegression,GSA
str_m3_o20_o25_f0_nbo.sym.201.out,39.588065137692624,LinearRegression,GSA
str_m3_o7_o11_f0_nbo.sym.1.out,39.41908435643549,LinearRegression,GSA
hypotheticalMOF_3000223_i_1_j_24_k_23_m_9_cat_1,38.31798378179222,LinearRegression,GSA
hypotheticalMOF_5056891_i_1_j_29_k_5_m_11,42.25360068720032,LinearRegression,GSA
str_m2_o20_o23_f0_nbo.sym.149.out,38.06178711343463,LinearRegression,GSA
str_m2_o21_o23_f0_pcu.sym.111.out,38.797671160844736,LinearRegression,GSA
str_m2_o25_o29_f0_pcu.sym.23.out,39.658928045961744,LinearRegression,GSA
str_m3_o19_o28_f0_nbo.sym.96.out,38.89578903383275,LinearRegression,GSA
str_m3_o20_o25_f0_nbo.sym.146.out,38.91759300560786,LinearRegression,GSA
str_m3_o20_o25_f0_nbo.sym.37.out,40.02959556613868,LinearRegression,GSA
str_m3_o25_o27_f0_pcu.sym.129.out,38.6777493160816,LinearRegression,GSA
str_m3_o25_o27_f0_pcu.sym.246.out,38.63959236547515,LinearRegression,GSA
hypotheticalMOF_5064170_i_2_j_21_k_5_m_7,38.60688640781248,LinearRegression,GSA
mof_5465,48.83840016328478,LinearRegression,GSA
str_m1_o6_o29_f0_pcu.sym.180.out,38.31798378179222,LinearRegression,GSA
str_m3_o3_o6_f0_pcu.sym.44.out,38.66139633725027,LinearRegression,GSA
str_m3_o6_o25_f0_pcu.sym.138.out,39.42453534937927,LinearRegression,GSA
hypotheticalMOF_5039094_i_1_j_21_k_5_m_9,39.015710878595875,LinearRegression,GSA
str_m3_o20_o23_f0_nbo.sym.233.out,40.760028620605006,LinearRegression,GSA
str_m3_o20_o29_f0_pcu.sym.149.out,38.688651301969166,LinearRegression,GSA
str_m3_o7_o19_f0_nbo.sym.70.out,38.841279104394964,LinearRegression,GSA
hypotheticalMOF_5036491_i_1_j_20_k_5_m_11,40.340302163934055,LinearRegression,GSA
hypotheticalMOF_5039871_i_1_j_21_k_12_m_4,38.37249371123001,LinearRegression,GSA
mof_5225,48.79479221973455,LinearRegression,GSA
str_m2_o20_o25_f0_nbo.sym.132.out,40.5310869169663,LinearRegression,GSA
str_m3_o20_o25_f0_nbo.sym.195.out,39.795202869556206,LinearRegression,GSA
str_m2_o21_o29_f0_pcu.sym.49.out,38.377944704173785,LinearRegression,GSA
str_m3_o20_o25_f0_nbo.sym.27.out,40.21492932622715,LinearRegression,GSA
str_m3_o6_o21_f0_pcu.sym.125.out,38.22531690174799,LinearRegression,GSA
str_m3_o6_o26_f0_pcu.sym.124.out,38.50876853482447,LinearRegression,GSA
hypotheticalMOF_3000207_i_1_j_24_k_23_m_7_cat_1,38.448807612442906,LinearRegression,GSA
hypotheticalMOF_5047309_i_1_j_25_k_12_m_0,40.95081337363725,LinearRegression,GSA
mof_6461,38.688651301969166,LinearRegression,GSA
str_m1_o23_o29_f0_pcu.sym.33.out,39.130181730415224,LinearRegression,GSA
str_m2_o25_o28_f0_pcu.sym.35.out,38.96665194210187,LinearRegression,GSA
str_m2_o25_o29_f0_pcu.sym.7.out,38.410650661836456,LinearRegression,GSA
str_m3_o6_o23_f0_pcu.sym.191.out,39.795202869556206,LinearRegression,GSA
mof_4784,39.435437335266826,LinearRegression,GSA
mof_7263,41.99740401884273,LinearRegression,GSA
str_m2_o6_o23_f0_pcu.sym.50.out,40.24218429094604,LinearRegression,GSA
str_m3_o20_o23_f0_nbo.sym.176.out,39.20649563162813,LinearRegression,GSA
str_m3_o20_o23_f0_nbo.sym.29.out,39.3918293917166,LinearRegression,GSA
str_m3_o20_o25_f0_nbo.sym.158.out,39.762496911893535,LinearRegression,GSA
str_m3_o20_o26_f0_pcu.sym.141.out,38.25257186646688,LinearRegression,GSA
hypotheticalMOF_5073146_i_2_j_25_k_21_m_0,39.38637839877282,LinearRegression,GSA
str_m2_o7_o11_f0_nbo.sym.9.out,39.724339961287086,LinearRegression,GSA
str_m3_o20_o25_f0_nbo.sym.50.out,40.06775251674513,LinearRegression,GSA
mof_6456,38.57963144309359,LinearRegression,GSA
str_m2_o6_o11_f0_nbo.sym.124.out,38.977553927989426,LinearRegression,GSA
mof_5593,38.58508243603737,LinearRegression,GSA
str_m2_o20_o25_f0_nbo.sym.127.out,38.38884669006134,LinearRegression,GSA
str_m3_o21_o23_f0_pcu.sym.50.out,38.28527782412955,LinearRegression,GSA
hypotheticalMOF_5048661_i_1_j_25_k_25_m_0,40.96171535952481,LinearRegression,GSA
mof_2310,40.2530862768336,LinearRegression,GSA
str_m2_o20_o23_f0_nbo.sym.131.out,39.41363336349171,LinearRegression,GSA
str_m3_o20_o23_f0_nbo.sym.178.out,38.07814009226597,LinearRegression,GSA
str_m3_o20_o25_f0_pcu.sym.5.out,38.92304399855164,LinearRegression,GSA
str_m2_o6_o25_f0_pcu.sym.55.out,41.20701004199484,LinearRegression,GSA
str_m2_o7_o29_f0_pcu.sym.134.out,38.28527782412955,LinearRegression,GSA
str_m3_o6_o23_f0_pcu.sym.195.out,38.80857314673229,LinearRegression,GSA
mof_1980,40.236733298002264,LinearRegression,GSA
mof_3242,40.939911387749696,LinearRegression,GSA
mof_7229,44.40129190704906,LinearRegression,GSA
str_m1_o23_o28_f0_pcu.sym.18.out,38.127199028759975,LinearRegression,GSA
str_m2_o20_o23_f0_nbo.sym.184.out,39.26645655400969,LinearRegression,GSA
str_m2_o21_o28_f0_pcu.sym.230.out,38.13265002170375,LinearRegression,GSA
str_m3_o20_o25_f0_nbo.sym.181.out,38.563278464262254,LinearRegression,GSA
str_m3_o20_o25_f0_pcu.sym.75.out,38.93939697738298,LinearRegression,GSA
str_m3_o25_o28_f0_pcu.sym.98.out,38.9339459844392,LinearRegression,GSA
str_m3_o25_o29_f0_pcu.sym.39.out,38.121748035816196,LinearRegression,GSA
mof_1217,38.666847330194045,LinearRegression,GSA
mof_3332,39.2392015892908,LinearRegression,GSA
mof_8071,40.42206705809073,LinearRegression,GSA
str_m2_o19_o25_f0_nbo.sym.153.out,38.57963144309359,LinearRegression,GSA
str_m2_o21_o25_f0_pcu.sym.177.out,38.25802285941066,LinearRegression,GSA
str_m2_o3_o25_f0_pcu.sym.6.out,38.86308307617008,LinearRegression,GSA
str_m2_o3_o5_f0_nbo.sym.46.out,41.365088837364425,LinearRegression,GSA
str_m3_o20_o25_f0_nbo.sym.125.out,39.93692868609445,LinearRegression,GSA
str_m3_o20_o25_f0_nbo.sym.69.out,39.99688960847601,LinearRegression,GSA
str_m3_o25_o29_f0_pcu.sym.94.out,38.912142012664084,LinearRegression,GSA
mof_5315,43.16391650881134,LinearRegression,GSA
str_m3_o7_o19_f0_nbo.sym.206.out,39.6698300318493,LinearRegression,GSA
hypotheticalMOF_5039112_i_1_j_21_k_5_m_10,38.486964563049355,LinearRegression,GSA
mof_10768,39.07567180097744,LinearRegression,GSA
str_m2_o20_o23_f0_nbo.sym.181.out,38.99935789976454,LinearRegression,GSA
str_m3_o23_o29_f0_pcu.sym.69.out,38.7813181820134,LinearRegression,GSA
str_m3_o7_o11_f0_nbo.sym.46.out,39.45724130704194,LinearRegression,GSA
hypotheticalMOF_5048343_i_1_j_25_k_21_m_4,39.24465258223458,LinearRegression,GSA
mof_7476,45.52964744641122,LinearRegression,GSA
str_m2_o20_o25_f0_nbo.sym.22.out,40.71096968411099,LinearRegression,GSA
str_m3_o20_o23_f0_nbo.sym.169.out,38.01272817694063,LinearRegression,GSA
str_m3_o6_o21_f0_pcu.sym.57.out,39.60986910946774,LinearRegression,GSA
str_m3_o6_o25_f0_pcu.sym.117.out,39.255554568122136,LinearRegression,GSA
mof_4443,40.72732266294233,LinearRegression,GSA
mof_5471,48.331457819513375,LinearRegression,GSA
str_m1_o25_o25_f0_pcu.sym.47.out,41.054382239569044,LinearRegression,GSA
str_m1_o7_o29_f0_pcu.sym.41.out,39.653477053017966,LinearRegression,GSA
str_m2_o20_o25_f0_nbo.sym.227.out,39.71888896834331,LinearRegression,GSA
str_m2_o7_o23_f0_pcu.sym.263.out,38.54692548543092,LinearRegression,GSA
str_m3_o25_o29_f0_pcu.sym.6.out,39.48449627176083,LinearRegression,GSA
VAQSEL_CSD17,49.42165640826908,LinearRegression,GSA
mof_6632,38.19261094408532,LinearRegression,GSA
str_m2_o20_o23_f0_nbo.sym.160.out,38.377944704173785,LinearRegression,GSA
str_m2_o20_o25_f0_nbo.sym.34.out,40.8635974865368,LinearRegression,GSA
str_m2_o3_o21_f0_pcu.sym.88.out,38.21986590880421,LinearRegression,GSA
str_m3_o6_o23_f0_pcu.sym.246.out,40.127713439126694,LinearRegression,GSA
str_m3_o6_o25_f0_pcu.sym.216.out,40.983519331299924,LinearRegression,GSA
str_m3_o6_o25_f0_pcu.sym.247.out,38.03998314165952,LinearRegression,GSA
mof_1704,44.60297864596886,LinearRegression,GSA
mof_4502,46.07474674078907,LinearRegression,GSA
str_m2_o21_o25_f0_pcu.sym.148.out,38.71590626668806,LinearRegression,GSA
str_m3_o20_o23_f0_nbo.sym.36.out,38.563278464262254,LinearRegression,GSA
str_m3_o20_o25_f0_nbo.sym.116.out,39.32096648344748,LinearRegression,GSA
str_m3_o3_o25_f0_pcu.sym.60.out,38.00727718399685,LinearRegression,GSA
str_m3_o6_o25_f0_pcu.sym.50.out,38.54692548543092,LinearRegression,GSA
hypotheticalMOF_5047313_i_1_j_25_k_12_m_0,41.190657063163506,LinearRegression,GSA
mof_2583,45.082666025021375,LinearRegression,GSA
mof_5470,47.08863142833187,LinearRegression,GSA
str_m1_o6_o27_f0_pcu.sym.78.out,39.57171215886129,LinearRegression,GSA
str_m2_o20_o25_f0_nbo.sym.1.out,40.28579223449627,LinearRegression,GSA
str_m2_o20_o25_f0_nbo.sym.134.out,39.904222728431776,LinearRegression,GSA
str_m2_o20_o25_f0_nbo.sym.211.out,41.37599082325198,LinearRegression,GSA
str_m3_o21_o23_f0_pcu.sym.1.out,38.31253278884844,LinearRegression,GSA
str_m3_o7_o25_f0_pcu.sym.27.out,38.203512929972874,LinearRegression,GSA
hypotheticalMOF_5061537_i_2_j_20_k_5_m_5,38.79222016790096,LinearRegression,GSA
str_m2_o20_o23_f0_nbo.sym.48.out,40.20402734033959,LinearRegression,GSA
str_m2_o21_o29_f0_pcu.sym.181.out,38.345238746511114,LinearRegression,GSA
str_m2_o6_o23_f0_pcu.sym.123.out,39.89332074254422,LinearRegression,GSA
str_m2_o6_o8_f0_pcu.sym.172.out,38.20896392291665,LinearRegression,GSA
str_m2_o7_o25_f0_pcu.sym.61.out,38.38884669006134,LinearRegression,GSA
hypotheticalMOF_5036517_i_1_j_20_k_5_m_14,39.086573786864996,LinearRegression,GSA
mof_5603,48.33690881245715,LinearRegression,GSA
str_m3_o25_o27_f0_pcu.sym.37.out,39.015710878595875,LinearRegression,GSA
str_m3_o7_o23_f0_pcu.sym.1.out,38.25257186646688,LinearRegression,GSA
mof_13000,43.76897672557075,LinearRegression,GSA
str_m2_o25_o27_f0_pcu.sym.229.out,38.79222016790096,LinearRegression,GSA
str_m2_o3_o5_f0_nbo.sym.58.out,41.25061798554507,LinearRegression,GSA
mof_11506,43.19662246647401,LinearRegression,GSA
mof_2890,44.1614482175228,LinearRegression,GSA
mof_5467,49.31263654939351,LinearRegression,GSA
str_m2_o20_o23_f0_nbo.sym.65.out,39.364574426997706,LinearRegression,GSA
str_m3_o7_o11_f0_nbo.sym.52.out,38.74316123140695,LinearRegression,GSA
hypotheticalMOF_5046699_i_1_j_25_k_5_m_7,39.91512471431933,LinearRegression,GSA
mof_7752,44.48850779414951,LinearRegression,GSA
str_m2_o6_o23_f0_pcu.sym.143.out,38.590533428981146,LinearRegression,GSA
str_m2_o6_o23_f0_pcu.sym.43.out,39.57171215886129,LinearRegression,GSA
str_m2_o7_o11_f0_nbo.sym.287.out,39.82790882721888,LinearRegression,GSA
str_m2_o7_o19_f0_nbo.sym.169.out,38.61778839370004,LinearRegression,GSA
str_m3_o19_o25_f0_nbo.sym.47.out,40.345753156877834,LinearRegression,GSA
mof_11380,47.61737774387839,LinearRegression,GSA
str_m2_o20_o25_f0_nbo.sym.169.out,40.373008121596726,LinearRegression,GSA
str_m2_o20_o25_f0_nbo.sym.170.out,39.77884989072487,LinearRegression,GSA
str_m2_o21_o25_f0_pcu.sym.24.out,39.435437335266826,LinearRegression,GSA
str_m2_o6_o29_f0_pcu.sym.99.out,39.222848610459465,LinearRegression,GSA
str_m2_o7_o23_f0_pcu.sym.92.out,38.61778839370004,LinearRegression,GSA
str_m3_o20_o25_f0_nbo.sym.77.out,39.942379679038226,LinearRegression,GSA
hypotheticalMOF_5018844_i_0_j_25_k_20_m_8,38.14355200759131,LinearRegression,GSA
mof_5460,40.09500748146402,LinearRegression,GSA
mof_9054,44.046977365703455,LinearRegression,GSA
str_m1_o25_o25_f0_pcu.sym.7.out,38.43245463361157,LinearRegression,GSA
str_m2_o20_o25_f0_nbo.sym.122.out,40.71096968411099,LinearRegression,GSA
str_m2_o20_o25_f0_nbo.sym.189.out,38.977553927989426,LinearRegression,GSA
str_m2_o7_o11_f0_nbo.sym.68.out,39.479045278817054,LinearRegression,GSA
str_m3_o25_o29_f0_pcu.sym.44.out,38.96120094915809,LinearRegression,GSA
str_m3_o3_o21_f0_pcu.sym.44.out,38.09994406404108,LinearRegression,GSA
mof_4360,53.66252891852877,LinearRegression,GSA
mof_6202,38.159904986422646,LinearRegression,GSA
str_m2_o20_o23_f0_nbo.sym.235.out,39.86606577782533,LinearRegression,GSA
str_m2_o20_o25_f0_nbo.sym.126.out,40.411165072203175,LinearRegression,GSA
str_m2_o21_o23_f0_pcu.sym.20.out,38.89033804088897,LinearRegression,GSA
str_m2_o7_o19_f0_nbo.sym.3.out,40.51473393813497,LinearRegression,GSA
str_m3_o21_o25_f0_pcu.sym.148.out,38.089042078153525,LinearRegression,GSA
str_m3_o25_o25_f0_pcu.sym.6.out,40.27489024860871,LinearRegression,GSA
str_m3_o3_o19_f0_nbo.sym.5.out,38.803122153788514,LinearRegression,GSA
mof_5363,48.407771720726274,LinearRegression,GSA
mof_979,42.084619905943185,LinearRegression,GSA
str_m2_o6_o26_f0_pcu.sym.102.out,38.666847330194045,LinearRegression,GSA
str_m3_o21_o23_f0_pcu.sym.272.out,38.42700364066779,LinearRegression,GSA
str_m3_o6_o25_f0_pcu.sym.178.out,38.274375838241994,LinearRegression,GSA
hypotheticalMOF_5000925_i_0_j_19_k_5_m_12,38.87943605500141,LinearRegression,GSA
hypotheticalMOF_5039048_i_1_j_21_k_5_m_4,40.47657698752852,LinearRegression,GSA
hypotheticalMOF_5046672_i_1_j_25_k_5_m_4,40.945362380693474,LinearRegression,GSA
mof_3988,41.942894089404945,LinearRegression,GSA
mof_5427,46.227374543214864,LinearRegression,GSA
mof_7274,43.70356481024541,LinearRegression,GSA
str_m2_o20_o25_f0_nbo.sym.84.out,39.95873265786956,LinearRegression,GSA
str_m2_o7_o11_f0_nbo.sym.10.out,38.13810101464753,LinearRegression,GSA
str_m3_o6_o25_f0_pcu.sym.184.out,40.89085245125569,LinearRegression,GSA
hypotheticalMOF_5039078_i_1_j_21_k_5_m_7,38.8576320832263,LinearRegression,GSA
hypotheticalMOF_5061612_i_2_j_20_k_5_m_12,38.37249371123001,LinearRegression,GSA
mof_4995,38.79222016790096,LinearRegression,GSA
mof_7264,39.21739761751569,LinearRegression,GSA
str_m2_o20_o23_f0_nbo.sym.67.out,38.99390690682076,LinearRegression,GSA
str_m2_o20_o25_f0_nbo.sym.184.out,40.56924386757275,LinearRegression,GSA
str_m2_o6_o25_f0_pcu.sym.45.out,39.31006449755992,LinearRegression,GSA
str_m2_o6_o28_f0_pcu.sym.140.out,38.6777493160816,LinearRegression,GSA
mof_9177,44.297723041117266,LinearRegression,GSA
str_m2_o20_o25_f0_nbo.sym.114.out,38.38884669006134,LinearRegression,GSA
str_m3_o21_o25_f0_pcu.sym.98.out,38.492415555993134,LinearRegression,GSA
str_m3_o3_o20_f0_pcu.sym.53.out,38.64504335841893,LinearRegression,GSA
NUKCIG_CSD17,38.47061158421802,LinearRegression,GSA
mof_4507,49.863186836715144,LinearRegression,GSA
mof_4712,48.609458459646085,LinearRegression,GSA
str_m2_o19_o29_f0_nbo.sym.9.out,40.525635924022524,LinearRegression,GSA
str_m2_o20_o23_f0_nbo.sym.172.out,38.83037711850741,LinearRegression,GSA
str_m2_o20_o25_f0_nbo.sym.125.out,38.77586718906962,LinearRegression,GSA
str_m2_o27_o29_f0_pcu.sym.47.out,38.69955328785672,LinearRegression,GSA
str_m3_o21_o29_f0_pcu.sym.129.out,38.60688640781248,LinearRegression,GSA
str_m3_o23_o29_f0_pcu.sym.184.out,39.06476981508988,LinearRegression,GSA
str_m3_o25_o27_f0_pcu.sym.10.out,38.82492612556363,LinearRegression,GSA
str_m3_o6_o8_f0_pcu.sym.147.out,38.50876853482447,LinearRegression,GSA
hypotheticalMOF_5039116_i_1_j_21_k_5_m_11,39.56626116591751,LinearRegression,GSA
str_m1_o6_o28_f0_pcu.sym.10.out,39.20649563162813,LinearRegression,GSA
str_m2_o23_o29_f0_pcu.sym.111.out,39.28280953284103,LinearRegression,GSA
str_m3_o19_o25_f0_nbo.sym.157.out,39.28826052578481,LinearRegression,GSA
str_m3_o6_o20_f0_nbo.sym.1.out,41.337833872645525,LinearRegression,GSA
mof_5912,39.10292676569633,LinearRegression,GSA
mof_7230,48.227888953581584,LinearRegression,GSA
str_m2_o20_o25_f0_nbo.sym.113.out,39.95873265786956,LinearRegression,GSA
str_m2_o23_o29_f0_pcu.sym.249.out,38.9339459844392,LinearRegression,GSA
str_m2_o25_o29_f0_pcu.sym.51.out,38.165355979366424,LinearRegression,GSA
str_m2_o6_o7_f0_pcu.sym.54.out,38.307081795904665,LinearRegression,GSA
str_m2_o7_o19_f0_nbo.sym.87.out,38.99390690682076,LinearRegression,GSA
mof_2185,40.449322022809625,LinearRegression,GSA
mof_7746,39.38637839877282,LinearRegression,GSA
str_m2_o6_o25_f0_pcu.sym.231.out,38.410650661836456,LinearRegression,GSA
str_m3_o19_o25_f0_nbo.sym.125.out,40.77093060649256,LinearRegression,GSA
str_m3_o25_o25_f0_pcu.sym.21.out,40.18767436150826,LinearRegression,GSA
mof_10064,38.159904986422646,LinearRegression,GSA
str_m2_o2_o6_f0_nbo.sym.1.out,39.00480889270832,LinearRegression,GSA
str_m3_o23_o29_f0_pcu.sym.239.out,39.35367244111015,LinearRegression,GSA
str_m3_o25_o28_f0_pcu.sym.256.out,38.486964563049355,LinearRegression,GSA
hypotheticalMOF_5039144_i_1_j_21_k_5_m_14,38.018179169884405,LinearRegression,GSA
mof_6171,47.720946609810184,LinearRegression,GSA
str_m1_o25_o27_f0_pcu.sym.36.out,38.71590626668806,LinearRegression,GSA
str_m2_o20_o23_f0_nbo.sym.180.out,39.0593188221461,LinearRegression,GSA
str_m2_o20_o25_f0_nbo.sym.103.out,40.443871029865846,LinearRegression,GSA
str_m2_o20_o25_f0_nbo.sym.74.out,41.196108056107285,LinearRegression,GSA
str_m2_o25_o28_f0_pcu.sym.133.out,38.06178711343463,LinearRegression,GSA
str_m2_o3_o6_f0_pcu.sym.61.out,39.157436695134116,LinearRegression,GSA
str_m3_o6_o25_f0_pcu.sym.103.out,38.85218109028252,LinearRegression,GSA
hypotheticalMOF_5036424_i_1_j_20_k_5_m_5,41.32693188675797,LinearRegression,GSA
mof_11381,46.67435596460471,LinearRegression,GSA
str_m1_o3_o25_f0_pcu.sym.30.out,38.35068973945489,LinearRegression,GSA
str_m1_o7_o29_f0_pcu.sym.11.out,38.49786654893691,LinearRegression,GSA
str_m2_o20_o23_f0_nbo.sym.185.out,40.13861542501425,LinearRegression,GSA
str_m2_o20_o23_f0_nbo.sym.50.out,40.35665514276539,LinearRegression,GSA
str_m2_o25_o27_f0_pcu.sym.194.out,38.14900300053509,LinearRegression,GSA
str_m2_o3_o23_f0_pcu.sym.46.out,38.65049435136271,LinearRegression,GSA
str_m2_o3_o5_f0_nbo.sym.9.out,39.34277045522259,LinearRegression,GSA
str_m3_o2_o25_f0_nbo.sym.60.out,38.91759300560786,LinearRegression,GSA
str_m3_o6_o23_f0_pcu.sym.209.out,38.83037711850741,LinearRegression,GSA
str_m3_o7_o19_f0_nbo.sym.63.out,40.96171535952481,LinearRegression,GSA
hypotheticalMOF_5064138_i_2_j_21_k_5_m_4,39.588065137692624,LinearRegression,GSA
mof_4755,38.73771023846317,LinearRegression,GSA
mof_5516,43.469172113662935,LinearRegression,GSA
str_m2_o20_o23_f0_nbo.sym.236.out,39.77884989072487,LinearRegression,GSA
str_m2_o20_o25_f0_nbo.sym.197.out,39.95873265786956,LinearRegression,GSA
str_m2_o27_o28_f0_pcu.sym.24.out,38.91759300560786,LinearRegression,GSA
str_m2_o3_o23_f0_pcu.sym.88.out,38.98845591387698,LinearRegression,GSA
str_m2_o3_o28_f0_pcu.sym.260.out,39.473594285873276,LinearRegression,GSA
str_m2_o3_o28_f0_pcu.sym.48.out,40.051399537913795,LinearRegression,GSA
str_m3_o21_o23_f0_pcu.sym.168.out,38.24166988057932,LinearRegression,GSA
mof_662,40.558341881685195,LinearRegression,GSA
str_m1_o6_o27_f0_pcu.sym.46.out,38.18170895819776,LinearRegression,GSA
str_m2_o20_o29_f0_nbo.sym.41.out,42.6133662214897,LinearRegression,GSA
str_m2_o25_o28_f0_pcu.sym.167.out,38.089042078153525,LinearRegression,GSA
str_m2_o6_o25_f0_pcu.sym.208.out,38.198061937029095,LinearRegression,GSA
str_m3_o25_o29_f0_pcu.sym.13.out,38.307081795904665,LinearRegression,GSA
hypotheticalMOF_5019131_i_0_j_25_k_21_m_12,38.307081795904665,LinearRegression,GSA
mof_11461,39.724339961287086,LinearRegression,GSA
mof_4510,52.78491905458043,LinearRegression,GSA
mof_4740,44.42309587882417,LinearRegression,GSA
str_m1_o25_o25_f0_pcu.sym.49.out,38.628690379587596,LinearRegression,GSA
str_m2_o20_o23_f0_nbo.sym.86.out,39.80610485544376,LinearRegression,GSA
str_m2_o20_o25_f0_nbo.sym.130.out,40.71096968411099,LinearRegression,GSA
str_m2_o21_o23_f0_pcu.sym.136.out,38.29617981001711,LinearRegression,GSA
str_m2_o23_o29_f0_pcu.sym.124.out,38.91759300560786,LinearRegression,GSA
mof_2272,48.473183636051616,LinearRegression,GSA
mof_8848,38.80857314673229,LinearRegression,GSA
str_m1_o6_o28_f0_pcu.sym.12.out,40.983519331299924,LinearRegression,GSA
str_m2_o6_o21_f0_pcu.sym.15.out,39.56626116591751,LinearRegression,GSA
str_m3_o19_o25_f0_nbo.sym.39.out,39.74069294011842,LinearRegression,GSA
str_m3_o21_o29_f0_pcu.sym.98.out,38.770416196125844,LinearRegression,GSA
str_m3_o3_o23_f0_pcu.sym.18.out,38.089042078153525,LinearRegression,GSA
str_m3_o7_o19_f0_nbo.sym.36.out,41.07073521840038,LinearRegression,GSA
hypotheticalMOF_5061629_i_2_j_20_k_5_m_14,38.54147449248714,LinearRegression,GSA
mof_11386,48.369614770119824,LinearRegression,GSA
mof_567,41.45230472446488,LinearRegression,GSA
str_m2_o20_o23_f0_nbo.sym.115.out,40.29669422038383,LinearRegression,GSA
str_m2_o3_o23_f0_pcu.sym.184.out,38.8576320832263,LinearRegression,GSA
str_m3_o20_o27_f0_nbo.sym.85.out,39.57171215886129,LinearRegression,GSA
mof_9963,43.33834828301225,LinearRegression,GSA
str_m2_o21_o29_f0_pcu.sym.93.out,39.0102598856521,LinearRegression,GSA
str_m3_o3_o29_f0_pcu.sym.30.out,38.25802285941066,LinearRegression,GSA
hypotheticalMOF_5064166_i_2_j_21_k_5_m_7,38.81402413967607,LinearRegression,GSA
hypotheticalMOF_5072231_i_2_j_25_k_12_m_0,40.50928294519119,LinearRegression,GSA
mof_10747,38.983004920933205,LinearRegression,GSA
mof_2000,53.52080310199053,LinearRegression,GSA
mof_5220,40.945362380693474,LinearRegression,GSA
str_m1_o3_o3_f0_pcu.sym.2.out,38.03998314165952,LinearRegression,GSA
str_m2_o20_o23_f0_nbo.sym.218.out,38.023630162828184,LinearRegression,GSA
str_m2_o6_o28_f0_pcu.sym.114.out,38.80857314673229,LinearRegression,GSA
hypotheticalMOF_5019103_i_0_j_25_k_21_m_10,38.21441491586043,LinearRegression,GSA
hypotheticalMOF_5073505_i_2_j_25_k_25_m_0,40.49838095930363,LinearRegression,GSA
mof_4703,46.60349305633558,LinearRegression,GSA
mof_6773,39.795202869556206,LinearRegression,GSA
str_m2_o20_o23_f0_nbo.sym.191.out,39.7461439330622,LinearRegression,GSA
str_m2_o20_o25_f0_nbo.sym.143.out,40.00779159436357,LinearRegression,GSA
str_m2_o20_o28_f0_pcu.sym.88.out,38.30163080296089,LinearRegression,GSA
str_m2_o21_o29_f0_pcu.sym.44.out,38.694102294912945,LinearRegression,GSA
str_m3_o21_o25_f0_pcu.sym.197.out,39.11927974452767,LinearRegression,GSA
str_m3_o6_o23_f0_pcu.sym.23.out,40.62375379701054,LinearRegression,GSA
str_m3_o6_o25_f0_pcu.sym.29.out,40.00234060141979,LinearRegression,GSA
str_m1_o7_o25_f0_pcu.sym.19.out,40.74367564177366,LinearRegression,GSA
str_m2_o2_o25_f0_nbo.sym.169.out,38.36704271828623,LinearRegression,GSA
str_m3_o20_o27_f0_nbo.sym.44.out,39.582614144748845,LinearRegression,GSA
str_m3_o25_o29_f0_pcu.sym.67.out,41.10889216900683,LinearRegression,GSA
str_m3_o3_o29_f0_pcu.sym.186.out,38.06178711343463,LinearRegression,GSA
str_m3_o6_o6_f0_nbo.sym.14.out,41.86112919524827,LinearRegression,GSA
str_m3_o7_o19_f0_nbo.sym.37.out,42.95132778400397,LinearRegression,GSA
hypotheticalMOF_18204_i_1_j_5_k_5_m_7,40.558341881685195,LinearRegression,GSA
hypotheticalMOF_5039110_i_1_j_21_k_5_m_10,38.410650661836456,LinearRegression,GSA
mof_7833,48.685772360858984,LinearRegression,GSA
str_m2_o20_o25_f0_nbo.sym.206.out,38.17625796525398,LinearRegression,GSA
hypotheticalMOF_5046704_i_1_j_25_k_5_m_7,39.20649563162813,LinearRegression,GSA
hypotheticalMOF_5047333_i_1_j_25_k_12_m_1,39.35912343405393,LinearRegression,GSA
mof_383,43.436466156000265,LinearRegression,GSA
str_m2_o20_o25_f0_nbo.sym.60.out,39.17924066690924,LinearRegression,GSA
str_m2_o7_o11_f0_nbo.sym.42.out,39.190142652796794,LinearRegression,GSA
str_m3_o20_o28_f0_nbo.sym.26.out,39.62622208829907,LinearRegression,GSA
str_m3_o6_o23_f0_pcu.sym.244.out,38.63959236547515,LinearRegression,GSA
hypotheticalMOF_5039042_i_1_j_21_k_5_m_4,39.45179031409816,LinearRegression,GSA
str_m2_o21_o25_f0_pcu.sym.200.out,39.364574426997706,LinearRegression,GSA
str_m3_o21_o25_f0_pcu.sym.93.out,38.416101654780235,LinearRegression,GSA
str_m3_o25_o28_f0_pcu.sym.117.out,39.048416836258546,LinearRegression,GSA
str_m2_o20_o27_f0_nbo.sym.76.out,38.86308307617008,LinearRegression,GSA
str_m2_o3_o25_f0_pcu.sym.179.out,38.557827471318475,LinearRegression,GSA
str_m3_o20_o28_f0_nbo.sym.47.out,38.9339459844392,LinearRegression,GSA
str_m3_o25_o25_f0_nbo.sym.31.out,40.558341881685195,LinearRegression,GSA
str_m3_o6_o25_f0_nbo.sym.20.out,41.00532330307504,LinearRegression,GSA
hypotheticalMOF_5073120_i_2_j_25_k_20_m_12,39.17924066690924,LinearRegression,GSA
mof_4540,42.940425798116415,LinearRegression,GSA
str_m2_o20_o25_f0_nbo.sym.196.out,40.11136046029536,LinearRegression,GSA
str_m2_o20_o25_f0_nbo.sym.236.out,40.482027980472296,LinearRegression,GSA
str_m2_o3_o19_f0_nbo.sym.25.out,40.84179351476168,LinearRegression,GSA
str_m3_o25_o25_f0_pcu.sym.57.out,40.2530862768336,LinearRegression,GSA
str_m3_o6_o25_f0_pcu.sym.58.out,40.39481209337184,LinearRegression,GSA
mof_4320,52.77401706869287,LinearRegression,GSA
str_m2_o2_o25_f0_nbo.sym.244.out,38.17625796525398,LinearRegression,GSA
str_m2_o20_o25_f0_nbo.sym.18.out,39.38637839877282,LinearRegression,GSA
str_m2_o3_o11_f0_nbo.sym.168.out,38.345238746511114,LinearRegression,GSA
str_m2_o6_o25_f0_pcu.sym.68.out,38.57418045014981,LinearRegression,GSA
str_m3_o6_o8_f0_pcu.sym.54.out,38.198061937029095,LinearRegression,GSA
str_m2_o20_o23_f0_nbo.sym.32.out,40.35665514276539,LinearRegression,GSA
str_m2_o3_o11_f0_nbo.sym.28.out,39.88241875665666,LinearRegression,GSA
str_m2_o6_o23_f0_pcu.sym.229.out,40.67281273350454,LinearRegression,GSA
str_m2_o6_o25_f0_pcu.sym.100.out,39.62622208829907,LinearRegression,GSA
hypotheticalMOF_19839_i_1_j_8_k_5_m_4,40.520184931078745,LinearRegression,GSA
str_m1_o21_o21_f0_pcu.sym.160.out,38.056336120490855,LinearRegression,GSA
str_m1_o3_o27_f0_pcu.sym.2.out,38.018179169884405,LinearRegression,GSA
str_m2_o2_o23_f0_nbo.sym.44.out,38.770416196125844,LinearRegression,GSA
str_m2_o20_o25_f0_nbo.sym.13.out,40.302145213327606,LinearRegression,GSA
str_m2_o21_o23_f0_pcu.sym.5.out,38.81402413967607,LinearRegression,GSA
str_m3_o2_o23_f0_nbo.sym.203.out,38.2471208735231,LinearRegression,GSA
str_m3_o25_o29_f0_pcu.sym.190.out,41.337833872645525,LinearRegression,GSA
str_m3_o3_o19_f0_nbo.sym.44.out,40.81998954298657,LinearRegression,GSA
str_m3_o6_o23_f0_pcu.sym.119.out,39.56081017297373,LinearRegression,GSA
hypotheticalMOF_5071625_i_2_j_25_k_5_m_4,40.018693580251124,LinearRegression,GSA
mof_6475,43.67630984552652,LinearRegression,GSA
str_m1_o21_o21_f0_pcu.sym.33.out,38.0454341346033,LinearRegression,GSA
str_m1_o26_o26_f0_pcu.sym.69.out,38.18170895819776,LinearRegression,GSA
str_m2_o20_o25_f0_nbo.sym.178.out,38.75406321729451,LinearRegression,GSA
str_m2_o23_o28_f0_pcu.sym.215.out,38.29072881707333,LinearRegression,GSA
str_m2_o3_o11_f0_nbo.sym.11.out,38.486964563049355,LinearRegression,GSA
str_m3_o2_o7_f0_nbo.sym.11.out,38.950298963270534,LinearRegression,GSA
str_m3_o25_o27_f0_pcu.sym.174.out,38.03453214871574,LinearRegression,GSA
str_m3_o25_o28_f0_pcu.sym.17.out,38.00182619105307,LinearRegression,GSA
str_m3_o3_o25_f0_pcu.sym.81.out,38.31798378179222,LinearRegression,GSA
str_m3_o3_o4_f0_nbo.sym.1.out,38.1708069723102,LinearRegression,GSA
hypotheticalMOF_28387_i_2_j_5_k_1_m_11,39.35367244111015,LinearRegression,GSA
hypotheticalMOF_5003645_i_0_j_20_k_5_m_13,39.086573786864996,LinearRegression,GSA
hypotheticalMOF_5019043_i_0_j_25_k_21_m_6,39.975085636700896,LinearRegression,GSA
mof_2616,39.38637839877282,LinearRegression,GSA
str_m2_o21_o27_f0_pcu.sym.221.out,38.416101654780235,LinearRegression,GSA
str_m2_o25_o27_f0_pcu.sym.31.out,38.35614073239867,LinearRegression,GSA
str_m3_o20_o28_f0_nbo.sym.41.out,39.63167308124285,LinearRegression,GSA
str_m3_o6_o23_f0_pcu.sym.185.out,38.274375838241994,LinearRegression,GSA
hypotheticalMOF_5036493_i_1_j_20_k_5_m_11,39.84426180605021,LinearRegression,GSA
mof_6262,50.55001194763123,LinearRegression,GSA
mof_8946,41.8774821740796,LinearRegression,GSA
str_m2_o20_o23_f0_nbo.sym.194.out,39.800653862499985,LinearRegression,GSA
str_m2_o20_o25_f0_nbo.sym.66.out,39.48449627176083,LinearRegression,GSA
str_m2_o20_o27_f0_pcu.sym.43.out,38.81402413967607,LinearRegression,GSA
str_m2_o3_o24_f0_nbo.sym.15.out,38.10539505698486,LinearRegression,GSA
str_m2_o6_o25_f0_pcu.sym.114.out,40.85814649359302,LinearRegression,GSA
str_m2_o6_o26_f0_pcu.sym.9.out,38.236218887635545,LinearRegression,GSA
str_m3_o6_o25_f0_pcu.sym.135.out,39.81155584838754,LinearRegression,GSA
hypotheticalMOF_5044105_i_1_j_23_k_21_m_0,39.50630024353595,LinearRegression,GSA
hypotheticalMOF_5061527_i_2_j_20_k_5_m_5,38.8576320832263,LinearRegression,GSA
hypotheticalMOF_5069075_i_2_j_23_k_21_m_0,39.17378967396545,LinearRegression,GSA
mof_4263,42.771445016859275,LinearRegression,GSA
str_m2_o25_o25_f0_nbo.sym.18.out,39.800653862499985,LinearRegression,GSA
str_m2_o6_o23_f0_pcu.sym.222.out,38.57418045014981,LinearRegression,GSA
str_m3_o20_o26_f0_pcu.sym.154.out,38.018179169884405,LinearRegression,GSA
str_m3_o7_o19_f0_nbo.sym.38.out,41.81207025875426,LinearRegression,GSA
mof_2434,40.63465578289809,LinearRegression,GSA
str_m2_o21_o23_f0_pcu.sym.88.out,38.75951421023829,LinearRegression,GSA
str_m2_o3_o29_f0_pcu.sym.90.out,39.3918293917166,LinearRegression,GSA
str_m3_o25_o25_f0_pcu.sym.65.out,40.21492932622715,LinearRegression,GSA
hypotheticalMOF_5048347_i_1_j_25_k_21_m_4,38.2471208735231,LinearRegression,GSA
hypotheticalMOF_5073037_i_2_j_25_k_20_m_5,38.54692548543092,LinearRegression,GSA
hypotheticalMOF_5073084_i_2_j_25_k_20_m_9,39.20104463868435,LinearRegression,GSA
mof_4795,40.06775251674513,LinearRegression,GSA
mof_5552,40.62375379701054,LinearRegression,GSA
mof_6477,41.163402098444614,LinearRegression,GSA
str_m2_o25_o28_f0_pcu.sym.55.out,39.228299603403244,LinearRegression,GSA
str_m2_o6_o20_f0_nbo.sym.20.out,40.84179351476168,LinearRegression,GSA
str_m2_o7_o19_f0_nbo.sym.70.out,41.403245787970874,LinearRegression,GSA
str_m3_o19_o25_f0_nbo.sym.202.out,38.056336120490855,LinearRegression,GSA
str_m3_o20_o28_f0_nbo.sym.25.out,39.975085636700896,LinearRegression,GSA
hypotheticalMOF_5048418_i_1_j_25_k_21_m_10,38.84673009733874,LinearRegression,GSA
mof_617,47.53016185677793,LinearRegression,GSA
mof_665,48.49498760782673,LinearRegression,GSA
str_m2_o25_o29_f0_pcu.sym.129.out,39.75159492600598,LinearRegression,GSA
str_m3_o25_o29_f0_pcu.sym.191.out,39.44633932115438,LinearRegression,GSA
str_m3_o7_o19_f0_nbo.sym.197.out,42.945876791060186,LinearRegression,GSA
hypotheticalMOF_5069079_i_2_j_23_k_21_m_0,39.26645655400969,LinearRegression,GSA
mof_11430,46.70161092932359,LinearRegression,GSA
str_m2_o21_o23_f0_pcu.sym.130.out,38.09994406404108,LinearRegression,GSA
str_m2_o3_o25_f0_pcu.sym.12.out,38.57418045014981,LinearRegression,GSA
str_m2_o6_o23_f0_pcu.sym.260.out,40.38936110042806,LinearRegression,GSA
str_m3_o20_o27_f0_nbo.sym.25.out,40.558341881685195,LinearRegression,GSA
str_m3_o25_o25_f0_pcu.sym.1.out,40.35120414982161,LinearRegression,GSA
str_m3_o6_o23_f0_pcu.sym.68.out,40.525635924022524,LinearRegression,GSA
str_m3_o6_o25_f0_pcu.sym.112.out,40.00234060141979,LinearRegression,GSA
hypotheticalMOF_5039875_i_1_j_21_k_12_m_4,38.60688640781248,LinearRegression,GSA
mof_5133,44.60842963891265,LinearRegression,GSA
mof_7667,43.049445656991985,LinearRegression,GSA
str_m2_o6_o23_f0_pcu.sym.56.out,39.909673721375555,LinearRegression,GSA
str_m3_o20_o29_f0_nbo.sym.66.out,38.37249371123001,LinearRegression,GSA
str_m3_o21_o25_f0_pcu.sym.166.out,38.339787753567336,LinearRegression,GSA
str_m3_o23_o29_f0_pcu.sym.261.out,39.800653862499985,LinearRegression,GSA
str_m3_o25_o25_f0_pcu.sym.48.out,40.22038031917093,LinearRegression,GSA
str_m3_o3_o6_f0_pcu.sym.165.out,39.09747577275255,LinearRegression,GSA
hypotheticalMOF_5048184_i_1_j_25_k_20_m_7,40.17132138267692,LinearRegression,GSA
hypotheticalMOF_5048247_i_1_j_25_k_20_m_12,41.55587359039667,LinearRegression,GSA
mof_7402,45.398823615760534,LinearRegression,GSA
mof_9157,39.04296584331477,LinearRegression,GSA
str_m1_o3_o25_f0_pcu.sym.95.out,38.688651301969166,LinearRegression,GSA
str_m2_o6_o20_f0_nbo.sym.78.out,42.25360068720032,LinearRegression,GSA
str_m2_o6_o29_f0_pcu.sym.119.out,38.165355979366424,LinearRegression,GSA
str_m3_o2_o23_f0_nbo.sym.99.out,38.486964563049355,LinearRegression,GSA
str_m3_o25_o25_f0_pcu.sym.3.out,38.7813181820134,LinearRegression,GSA
str_m3_o25_o26_f0_pcu.sym.1.out,38.11629704287242,LinearRegression,GSA
str_m3_o3_o11_f0_nbo.sym.73.out,38.1708069723102,LinearRegression,GSA
str_m3_o3_o3_f0_pcu.sym.198.out,38.416101654780235,LinearRegression,GSA
mof_2320,49.98310868147827,LinearRegression,GSA
mof_6887,39.27190754695347,LinearRegression,GSA
str_m2_o25_o25_f0_nbo.sym.36.out,41.41959876680221,LinearRegression,GSA
str_m2_o25_o25_f0_pcu.sym.23.out,40.193125354452036,LinearRegression,GSA
str_m2_o3_o25_f0_pcu.sym.154.out,39.3155154905037,LinearRegression,GSA
hypotheticalMOF_5072233_i_2_j_25_k_12_m_0,40.39481209337184,LinearRegression,GSA
str_m2_o25_o25_f0_pcu.sym.209.out,40.4057140792594,LinearRegression,GSA
str_m3_o20_o28_f0_nbo.sym.11.out,38.00727718399685,LinearRegression,GSA
str_m3_o6_o23_f0_nbo.sym.6.out,41.42504975974599,LinearRegression,GSA
str_m3_o6_o28_f0_pcu.sym.92.out,38.20896392291665,LinearRegression,GSA
str_m1_o3_o27_f0_pcu.sym.71.out,38.121748035816196,LinearRegression,GSA
str_m2_o34_o35_f0_pts.sym.213.out,38.35614073239867,LinearRegression,GSA
str_m2_o6_o20_f0_nbo.sym.46.out,38.79222016790096,LinearRegression,GSA
str_m2_o6_o25_f0_pcu.sym.241.out,41.92654111057361,LinearRegression,GSA
str_m2_o7_o19_f0_nbo.sym.57.out,45.48058850991721,LinearRegression,GSA
str_m3_o6_o23_f0_pcu.sym.128.out,39.184691659853016,LinearRegression,GSA
str_m3_o6_o25_f0_nbo.sym.2.out,40.49838095930363,LinearRegression,GSA
mof_4364,47.34482809668946,LinearRegression,GSA
mof_6178,52.070838978945446,LinearRegression,GSA
mof_6936,42.4607384190639,LinearRegression,GSA
str_m1_o6_o27_f0_pcu.sym.36.out,39.74069294011842,LinearRegression,GSA
VAQBEU_CSD17,50.19569740628563,LinearRegression,GSA
str_m2_o21_o23_f0_pcu.sym.260.out,38.203512929972874,LinearRegression,GSA
str_m2_o25_o25_f0_nbo.sym.224.out,38.38884669006134,LinearRegression,GSA
str_m2_o25_o29_f0_pcu.sym.239.out,38.274375838241994,LinearRegression,GSA
str_m2_o3_o25_f0_pcu.sym.61.out,38.74861222435073,LinearRegression,GSA
str_m3_o2_o19_f0_nbo.sym.22.out,38.09994406404108,LinearRegression,GSA
str_m3_o21_o23_f0_pcu.sym.184.out,38.00182619105307,LinearRegression,GSA
str_m3_o21_o25_f0_pcu.sym.47.out,38.377944704173785,LinearRegression,GSA
str_m3_o6_o23_f0_pcu.sym.87.out,39.440888328210605,LinearRegression,GSA
str_m3_o6_o23_f0_pcu.sym.95.out,40.77093060649256,LinearRegression,GSA
str_m3_o6_o25_f0_nbo.sym.1.out,41.692148413991134,LinearRegression,GSA
hypotheticalMOF_5071707_i_2_j_25_k_5_m_14,39.92602670020689,LinearRegression,GSA
str_m2_o20_o27_f0_nbo.sym.27.out,40.06775251674513,LinearRegression,GSA
str_m2_o21_o23_f0_pcu.sym.265.out,38.11084604992864,LinearRegression,GSA
str_m2_o21_o23_f0_pcu.sym.56.out,38.345238746511114,LinearRegression,GSA
str_m2_o21_o25_f0_pcu.sym.85.out,39.17378967396545,LinearRegression,GSA
str_m2_o25_o25_f0_pcu.sym.13.out,40.28579223449627,LinearRegression,GSA
str_m2_o33_o58_f0_tbo.sym.19.out,38.22531690174799,LinearRegression,GSA
str_m2_o6_o23_f0_pcu.sym.182.out,38.74861222435073,LinearRegression,GSA
str_m3_o20_o28_f0_nbo.sym.18.out,38.121748035816196,LinearRegression,GSA
str_m3_o21_o29_f0_pcu.sym.41.out,38.912142012664084,LinearRegression,GSA
mof_1121,40.92900940186214,LinearRegression,GSA
mof_2424,40.558341881685195,LinearRegression,GSA
str_m2_o20_o25_f0_pcu.sym.13.out,38.666847330194045,LinearRegression,GSA
str_m2_o6_o23_f0_pcu.sym.21.out,38.18715995114154,LinearRegression,GSA
str_m2_o6_o25_f0_pcu.sym.44.out,41.583128555115564,LinearRegression,GSA
str_m3_o3_o19_f0_nbo.sym.11.out,42.2590516801441,LinearRegression,GSA
hypotheticalMOF_5071665_i_2_j_25_k_5_m_9,39.00480889270832,LinearRegression,GSA
mof_1560,38.25802285941066,LinearRegression,GSA
mof_2005,49.394401443550194,LinearRegression,GSA
mof_7267,42.28085565191921,LinearRegression,GSA
mof_7809,45.80219709360014,LinearRegression,GSA
str_m1_o21_o21_f0_pcu.sym.181.out,38.35068973945489,LinearRegression,GSA
str_m2_o2_o7_f0_nbo.sym.21.out,39.124730737471445,LinearRegression,GSA
str_m2_o6_o20_f0_nbo.sym.62.out,40.27489024860871,LinearRegression,GSA
str_m2_o6_o23_f0_pcu.sym.28.out,40.2530862768336,LinearRegression,GSA
str_m3_o20_o28_f0_nbo.sym.27.out,39.63167308124285,LinearRegression,GSA
mof_11338,44.67929254718176,LinearRegression,GSA
mof_12867,43.654505873751404,LinearRegression,GSA
str_m2_o25_o25_f0_pcu.sym.110.out,40.591047839347866,LinearRegression,GSA
str_m2_o25_o29_f0_pcu.sym.186.out,39.92602670020689,LinearRegression,GSA
str_m2_o3_o21_f0_pcu.sym.133.out,38.274375838241994,LinearRegression,GSA
str_m3_o20_o29_f0_nbo.sym.87.out,40.06230152380135,LinearRegression,GSA
str_m3_o3_o24_f0_nbo.sym.5.out,38.65049435136271,LinearRegression,GSA
str_m3_o6_o23_f0_pcu.sym.64.out,38.732259245519394,LinearRegression,GSA
hypotheticalMOF_5073509_i_2_j_25_k_25_m_0,40.525635924022524,LinearRegression,GSA
mof_5508,38.73771023846317,LinearRegression,GSA
mof_6591,44.0360753798159,LinearRegression,GSA
mof_7352,44.72290049073199,LinearRegression,GSA
mof_9053,42.482542390839015,LinearRegression,GSA
str_m2_o23_o28_f0_pcu.sym.177.out,38.57963144309359,LinearRegression,GSA
str_m2_o23_o29_f0_pcu.sym.212.out,39.27190754695347,LinearRegression,GSA
str_m2_o7_o24_f0_nbo.sym.19.out,39.980536629644675,LinearRegression,GSA
str_m3_o6_o19_f0_nbo.sym.2.out,38.018179169884405,LinearRegression,GSA
mof_1652,38.36704271828623,LinearRegression,GSA
mof_2318,49.93950073792804,LinearRegression,GSA
mof_6431,41.74120735048514,LinearRegression,GSA
str_m2_o21_o25_f0_pcu.sym.84.out,39.56626116591751,LinearRegression,GSA
str_m3_o2_o19_f0_nbo.sym.167.out,40.99442131718748,LinearRegression,GSA
str_m3_o23_o29_f0_pcu.sym.131.out,38.40519966889268,LinearRegression,GSA
hypotheticalMOF_5071678_i_2_j_25_k_5_m_10,38.43245463361157,LinearRegression,GSA
mof_2037,38.17625796525398,LinearRegression,GSA
str_m2_o2_o23_f0_nbo.sym.41.out,38.53602349954336,LinearRegression,GSA
str_m2_o21_o29_f0_pcu.sym.20.out,38.8576320832263,LinearRegression,GSA
str_m2_o3_o23_f0_pcu.sym.35.out,39.35912343405393,LinearRegression,GSA
str_m3_o20_o27_f0_pcu.sym.28.out,38.60688640781248,LinearRegression,GSA
str_m3_o3_o11_f0_nbo.sym.3.out,38.0454341346033,LinearRegression,GSA
hypotheticalMOF_5034257_i_1_j_19_k_5_m_4,38.519670520712026,LinearRegression,GSA
hypotheticalMOF_5039044_i_1_j_21_k_5_m_4,39.60441811652396,LinearRegression,GSA
hypotheticalMOF_5039083_i_1_j_21_k_5_m_7,39.135632723359,LinearRegression,GSA
mof_1607,44.799214391944886,LinearRegression,GSA
mof_5179,43.24023041002424,LinearRegression,GSA
str_m2_o21_o23_f0_pcu.sym.281.out,38.339787753567336,LinearRegression,GSA
str_m2_o3_o25_f0_pcu.sym.192.out,39.440888328210605,LinearRegression,GSA
str_m2_o3_o6_f0_pcu.sym.93.out,38.45970959833046,LinearRegression,GSA
str_m3_o23_o29_f0_pcu.sym.192.out,39.42998634232305,LinearRegression,GSA
hypotheticalMOF_5039080_i_1_j_21_k_5_m_7,39.81155584838754,LinearRegression,GSA
hypotheticalMOF_5041001_i_1_j_21_k_21_m_4,38.1708069723102,LinearRegression,GSA
str_m2_o25_o28_f0_pcu.sym.184.out,38.841279104394964,LinearRegression,GSA
str_m2_o6_o20_f0_nbo.sym.26.out,41.58857954805934,LinearRegression,GSA
str_m3_o2_o25_f0_nbo.sym.3.out,38.835828111451185,LinearRegression,GSA
str_m3_o21_o25_f0_pcu.sym.108.out,38.81947513261985,LinearRegression,GSA
mof_6937,43.24023041002424,LinearRegression,GSA
str_m2_o23_o28_f0_pcu.sym.264.out,38.416101654780235,LinearRegression,GSA
str_m3_o20_o28_f0_nbo.sym.22.out,39.479045278817054,LinearRegression,GSA
str_m3_o6_o23_f0_nbo.sym.1.out,41.89383515291094,LinearRegression,GSA
str_m3_o6_o23_f0_pcu.sym.43.out,38.25257186646688,LinearRegression,GSA
hypotheticalMOF_5048266_i_1_j_25_k_20_m_14,38.694102294912945,LinearRegression,GSA
hypotheticalMOF_5048371_i_1_j_25_k_21_m_7,38.944847970326755,LinearRegression,GSA
str_m2_o6_o25_f0_pcu.sym.50.out,41.305127914982855,LinearRegression,GSA
str_m3_o3_o23_f0_pcu.sym.193.out,38.68320030902538,LinearRegression,GSA
mof_2237,49.94495173087182,LinearRegression,GSA
mof_5311,38.14355200759131,LinearRegression,GSA
str_m1_o21_o21_f0_pcu.sym.74.out,38.84673009733874,LinearRegression,GSA
str_m2_o23_o28_f0_pcu.sym.54.out,38.65594534430649,LinearRegression,GSA
str_m2_o25_o26_f0_pcu.sym.183.out,38.21441491586043,LinearRegression,GSA
str_m2_o3_o4_f0_nbo.sym.6.out,38.06178711343463,LinearRegression,GSA
str_m2_o33_o58_f0_tbo.sym.16.out,38.121748035816196,LinearRegression,GSA
str_m2_o6_o20_f0_nbo.sym.52.out,41.08163720428794,LinearRegression,GSA
str_m2_o6_o23_f0_pcu.sym.241.out,39.871516770769105,LinearRegression,GSA
str_m3_o20_o27_f0_nbo.sym.30.out,38.797671160844736,LinearRegression,GSA
str_m3_o6_o25_f0_pcu.sym.114.out,40.907205430087025,LinearRegression,GSA
mof_7142,42.23724770836898,LinearRegression,GSA
mof_7401,43.53458402898828,LinearRegression,GSA
str_m2_o20_o27_f0_nbo.sym.68.out,39.85516379193777,LinearRegression,GSA
str_m2_o23_o29_f0_pcu.sym.246.out,38.36159172534245,LinearRegression,GSA
str_m2_o33_o58_f0_tbo.sym.4.out,38.873985062057635,LinearRegression,GSA
str_m3_o19_o25_f0_nbo.sym.117.out,38.73771023846317,LinearRegression,GSA
str_m3_o21_o29_f0_pcu.sym.152.out,38.93939697738298,LinearRegression,GSA
str_m3_o6_o23_f0_pcu.sym.132.out,38.121748035816196,LinearRegression,GSA
str_m3_o6_o25_f0_pcu.sym.70.out,40.57469486051653,LinearRegression,GSA
str_m2_o23_o27_f0_pcu.sym.106.out,38.43790562655535,LinearRegression,GSA
str_m2_o25_o25_f0_nbo.sym.149.out,40.89085245125569,LinearRegression,GSA
str_m2_o3_o23_f0_pcu.sym.115.out,38.42155264772401,LinearRegression,GSA
mof_12864,43.93250651388411,LinearRegression,GSA
mof_3038,39.11382875158389,LinearRegression,GSA
mof_5564,42.00285501178651,LinearRegression,GSA
mof_6316,42.013756997674065,LinearRegression,GSA
str_m2_o20_o26_f0_pcu.sym.42.out,40.345753156877834,LinearRegression,GSA
str_m2_o25_o25_f0_nbo.sym.228.out,41.833874230529375,LinearRegression,GSA
str_m2_o3_o11_f0_nbo.sym.6.out,41.02167628190637,LinearRegression,GSA
str_m3_o2_o23_f0_nbo.sym.45.out,38.46516059127424,LinearRegression,GSA
str_m3_o20_o29_f0_nbo.sym.83.out,40.13861542501425,LinearRegression,GSA
mof_1473,38.54692548543092,LinearRegression,GSA
str_m2_o6_o25_f0_pcu.sym.143.out,38.14900300053509,LinearRegression,GSA
str_m3_o3_o11_f0_nbo.sym.30.out,39.86606577782533,LinearRegression,GSA
mof_2184,43.83983963383987,LinearRegression,GSA
mof_666,49.32898952822485,LinearRegression,GSA
str_m2_o23_o28_f0_pcu.sym.179.out,38.688651301969166,LinearRegression,GSA
str_m2_o25_o25_f0_pcu.sym.66.out,40.18767436150826,LinearRegression,GSA
str_m3_o20_o28_f0_nbo.sym.79.out,38.33433676062356,LinearRegression,GSA
str_m3_o21_o25_f0_pcu.sym.21.out,39.053867829202325,LinearRegression,GSA
hypotheticalMOF_5000929_i_0_j_19_k_5_m_12,39.021161871539654,LinearRegression,GSA
hypotheticalMOF_5048155_i_1_j_25_k_20_m_5,40.00779159436357,LinearRegression,GSA
mof_7218,38.868534069113856,LinearRegression,GSA
str_m2_o2_o23_f0_nbo.sym.5.out,39.37547641288526,LinearRegression,GSA
str_m2_o20_o27_f0_nbo.sym.39.out,38.4760625771618,LinearRegression,GSA
str_m2_o25_o26_f0_pcu.sym.180.out,38.72135725963184,LinearRegression,GSA
str_m2_o6_o25_f0_pcu.sym.219.out,38.410650661836456,LinearRegression,GSA
str_m3_o21_o23_f0_pcu.sym.203.out,38.43790562655535,LinearRegression,GSA
str_m3_o6_o20_f0_nbo.sym.19.out,38.51421952776825,LinearRegression,GSA
hypotheticalMOF_28381_i_2_j_5_k_1_m_11,40.629204789954315,LinearRegression,GSA
hypotheticalMOF_5071652_i_2_j_25_k_5_m_7,38.25257186646688,LinearRegression,GSA
mof_6946,50.55546294057501,LinearRegression,GSA
str_m1_o3_o27_f0_pcu.sym.37.out,38.43245463361157,LinearRegression,GSA
str_m3_o19_o25_f0_nbo.sym.98.out,39.93692868609445,LinearRegression,GSA
str_m3_o20_o28_f0_nbo.sym.98.out,39.09747577275255,LinearRegression,GSA
hypotheticalMOF_5048675_i_1_j_25_k_25_m_1,38.557827471318475,LinearRegression,GSA
str_m2_o6_o21_f0_pcu.sym.218.out,39.015710878595875,LinearRegression,GSA
str_m2_o6_o25_f0_pcu.sym.142.out,41.26151997143263,LinearRegression,GSA
str_m2_o6_o28_f0_pcu.sym.80.out,39.092024779808774,LinearRegression,GSA
str_m3_o20_o28_f0_nbo.sym.61.out,38.51421952776825,LinearRegression,GSA
str_m3_o20_o29_f0_nbo.sym.2.out,38.66139633725027,LinearRegression,GSA
hypotheticalMOF_5048298_i_1_j_25_k_21_m_1,38.35614073239867,LinearRegression,GSA
hypotheticalMOF_5073040_i_2_j_25_k_20_m_6,39.904222728431776,LinearRegression,GSA
mof_12991,38.03453214871574,LinearRegression,GSA
mof_6525,43.049445656991985,LinearRegression,GSA
str_m2_o21_o25_f0_pcu.sym.11.out,38.726808252575616,LinearRegression,GSA
str_m2_o21_o28_f0_pcu.sym.214.out,38.65594534430649,LinearRegression,GSA
str_m2_o6_o20_f0_nbo.sym.7.out,41.96469806118006,LinearRegression,GSA
str_m3_o20_o29_f0_nbo.sym.101.out,38.73771023846317,LinearRegression,GSA
str_m3_o20_o29_f0_nbo.sym.55.out,38.74861222435073,LinearRegression,GSA
str_m3_o3_o5_f0_nbo.sym.34.out,39.724339961287086,LinearRegression,GSA
hypotheticalMOF_28802_i_2_j_5_k_5_m_11,41.157951105500835,LinearRegression,GSA
mof_2051,49.9504027238156,LinearRegression,GSA
mof_2130,45.83490305126281,LinearRegression,GSA
mof_4622,38.42700364066779,LinearRegression,GSA
mof_6634,38.089042078153525,LinearRegression,GSA
str_m2_o27_o29_f0_pcu.sym.2.out,38.47061158421802,LinearRegression,GSA
str_m2_o7_o19_f0_nbo.sym.62.out,41.866580188192046,LinearRegression,GSA
str_m3_o20_o29_f0_nbo.sym.21.out,38.65594534430649,LinearRegression,GSA
str_m3_o6_o25_f0_pcu.sym.195.out,38.492415555993134,LinearRegression,GSA
str_m3_o20_o28_f0_nbo.sym.111.out,38.21986590880421,LinearRegression,GSA
str_m3_o6_o23_f0_pcu.sym.75.out,39.67528102479308,LinearRegression,GSA
hypotheticalMOF_28808_i_2_j_5_k_5_m_11,38.18170895819776,LinearRegression,GSA
hypotheticalMOF_5019658_i_0_j_25_k_25_m_14,38.094493071097304,LinearRegression,GSA
hypotheticalMOF_5048245_i_1_j_25_k_20_m_12,40.11681145323914,LinearRegression,GSA
hypotheticalMOF_5048379_i_1_j_25_k_21_m_7,38.33433676062356,LinearRegression,GSA
mof_6323,43.37105424067492,LinearRegression,GSA
str_m2_o3_o14_f0_nbo.sym.157.out,38.54692548543092,LinearRegression,GSA
str_m2_o3_o25_f0_pcu.sym.190.out,38.37249371123001,LinearRegression,GSA
hypotheticalMOF_5041009_i_1_j_21_k_21_m_4,38.50331754188069,LinearRegression,GSA
hypotheticalMOF_5046674_i_1_j_25_k_5_m_4,39.795202869556206,LinearRegression,GSA
mof_5476,42.67332714387126,LinearRegression,GSA
mof_9692,38.09994406404108,LinearRegression,GSA
str_m2_o2_o19_f0_nbo.sym.93.out,39.25010357517836,LinearRegression,GSA
str_m2_o20_o28_f0_nbo.sym.14.out,38.21986590880421,LinearRegression,GSA
str_m2_o3_o25_f0_pcu.sym.151.out,38.4760625771618,LinearRegression,GSA
mof_2225,43.24023041002424,LinearRegression,GSA
str_m2_o6_o6_f0_pcu.sym.17.out,39.71888896834331,LinearRegression,GSA
str_m3_o3_o7_f0_pcu.sym.195.out,38.25257186646688,LinearRegression,GSA
hypotheticalMOF_5046731_i_1_j_25_k_5_m_10,39.08112279392122,LinearRegression,GSA
mof_12720,43.88889857033388,LinearRegression,GSA
str_m2_o20_o29_f0_nbo.sym.60.out,39.222848610459465,LinearRegression,GSA
str_m3_o20_o25_f0_pcu.sym.41.out,38.69955328785672,LinearRegression,GSA
str_m3_o20_o29_f0_nbo.sym.39.out,39.77884989072487,LinearRegression,GSA
str_m3_o25_o25_f0_pcu.sym.28.out,38.80857314673229,LinearRegression,GSA
str_m3_o6_o21_f0_pcu.sym.166.out,39.50630024353595,LinearRegression,GSA
mof_11230,43.24023041002424,LinearRegression,GSA
mof_4650,40.81453855004279,LinearRegression,GSA
str_m3_o6_o23_f0_pcu.sym.52.out,38.29072881707333,LinearRegression,GSA
HOMTAE_CSD17,41.31057890792663,LinearRegression,GSA
hypotheticalMOF_5036497_i_1_j_20_k_5_m_12,40.60194982523542,LinearRegression,GSA
hypotheticalMOF_5071659_i_2_j_25_k_5_m_9,38.36704271828623,LinearRegression,GSA
mof_13504,38.06178711343463,LinearRegression,GSA
mof_2132,50.037618610916056,LinearRegression,GSA
mof_5610,48.4513796642765,LinearRegression,GSA
str_m2_o6_o25_f0_pcu.sym.212.out,39.980536629644675,LinearRegression,GSA
str_m3_o25_o25_f0_nbo.sym.69.out,42.36262054607589,LinearRegression,GSA
hypotheticalMOF_5064140_i_2_j_21_k_5_m_4,39.45724130704194,LinearRegression,GSA
mof_4786,40.9126564230308,LinearRegression,GSA
mof_5048,46.56533610572914,LinearRegression,GSA
mof_6387,50.94793443252707,LinearRegression,GSA
mof_7836,48.767537255015654,LinearRegression,GSA
str_m2_o20_o27_f0_nbo.sym.51.out,40.24763528388982,LinearRegression,GSA
str_m2_o3_o25_f0_pcu.sym.28.out,38.230767894691766,LinearRegression,GSA
str_m2_o3_o29_f0_pcu.sym.13.out,38.841279104394964,LinearRegression,GSA
str_m3_o25_o25_f0_nbo.sym.25.out,40.39481209337184,LinearRegression,GSA
str_m3_o3_o29_f0_pcu.sym.116.out,39.16833868102167,LinearRegression,GSA
mof_5589,40.830891528874126,LinearRegression,GSA
str_m2_o20_o27_f0_nbo.sym.21.out,38.27982683118577,LinearRegression,GSA
str_m2_o20_o29_f0_nbo.sym.64.out,39.8224578342751,LinearRegression,GSA
str_m3_o20_o25_f0_pcu.sym.32.out,38.31798378179222,LinearRegression,GSA
str_m3_o3_o29_f0_pcu.sym.204.out,39.27190754695347,LinearRegression,GSA
hypotheticalMOF_3000358_i_1_j_24_k_24_m_12_cat_1,39.898771735488,LinearRegression,GSA
hypotheticalMOF_5048409_i_1_j_25_k_21_m_9,38.121748035816196,LinearRegression,GSA
mof_5720,41.31057890792663,LinearRegression,GSA
str_m2_o19_o25_f0_nbo.sym.167.out,39.68073201773686,LinearRegression,GSA
str_m2_o23_o29_f0_pcu.sym.183.out,38.6014354148687,LinearRegression,GSA
str_m2_o3_o3_f0_pcu.sym.156.out,38.77586718906962,LinearRegression,GSA
mof_1942,46.734316886986264,LinearRegression,GSA
str_m2_o25_o25_f0_pcu.sym.8.out,39.38092740582904,LinearRegression,GSA
str_m2_o6_o23_f0_nbo.sym.75.out,42.340816574300774,LinearRegression,GSA
str_m2_o7_o19_f0_nbo.sym.133.out,38.71590626668806,LinearRegression,GSA
str_m3_o20_o29_f0_nbo.sym.68.out,40.236733298002264,LinearRegression,GSA
str_m3_o6_o23_f0_pcu.sym.58.out,38.64504335841893,LinearRegression,GSA
hypotheticalMOF_5073246_i_2_j_25_k_21_m_7,38.27982683118577,LinearRegression,GSA
mof_2279,53.79335274917946,LinearRegression,GSA
str_m2_o17_o20_f0_nbo.sym.44.out,38.666847330194045,LinearRegression,GSA
str_m3_o23_o23_f0_nbo.sym.5.out,40.9889703242437,LinearRegression,GSA
str_m3_o25_o29_f0_pcu.sym.249.out,39.31006449755992,LinearRegression,GSA
mof_5598,41.10889216900683,LinearRegression,GSA
mof_6947,49.399852436493966,LinearRegression,GSA
mof_9967,45.158979926234274,LinearRegression,GSA
str_m2_o2_o25_f0_nbo.sym.15.out,38.377944704173785,LinearRegression,GSA
str_m2_o23_o25_f0_nbo.sym.39.out,40.81453855004279,LinearRegression,GSA
str_m3_o20_o29_f0_nbo.sym.1.out,40.084105495576466,LinearRegression,GSA
str_m3_o6_o17_f0_nbo.sym.72.out,40.74367564177366,LinearRegression,GSA
str_m3_o6_o27_f0_nbo.sym.83.out,40.10590946735158,LinearRegression,GSA
str_m2_o21_o29_f0_pcu.sym.155.out,39.42998634232305,LinearRegression,GSA
str_m3_o7_o20_f0_nbo.sym.101.out,39.55535918002995,LinearRegression,GSA
str_m2_o20_o25_f0_pcu.sym.84.out,39.331868469335035,LinearRegression,GSA
str_m2_o21_o29_f0_pcu.sym.99.out,38.95574995621431,LinearRegression,GSA
str_m2_o6_o23_f0_pcu.sym.107.out,40.14406641795803,LinearRegression,GSA
str_m2_o6_o23_f0_pcu.sym.227.out,40.89085245125569,LinearRegression,GSA
str_m2_o6_o29_f0_pcu.sym.188.out,40.803636564155234,LinearRegression,GSA
str_m3_o23_o23_f0_nbo.sym.9.out,39.70253598951197,LinearRegression,GSA
str_m3_o6_o7_f0_nbo.sym.133.out,39.17378967396545,LinearRegression,GSA
hypotheticalMOF_5039041_i_1_j_21_k_5_m_4,39.4681432929295,LinearRegression,GSA
hypotheticalMOF_5048251_i_1_j_25_k_20_m_13,40.345753156877834,LinearRegression,GSA
hypotheticalMOF_5072328_i_2_j_25_k_12_m_9,39.84971279899399,LinearRegression,GSA
mof_4940,41.544971604509115,LinearRegression,GSA
mof_5134,44.652037582462874,LinearRegression,GSA
str_m2_o20_o26_f0_pcu.sym.64.out,39.17924066690924,LinearRegression,GSA
str_m2_o21_o29_f0_pcu.sym.165.out,38.27982683118577,LinearRegression,GSA
str_m2_o3_o19_f0_nbo.sym.18.out,38.39429768300512,LinearRegression,GSA
hypotheticalMOF_5016368_i_0_j_25_k_1_m_5,38.47061158421802,LinearRegression,GSA
hypotheticalMOF_5016967_i_0_j_25_k_5_m_10,39.21194662457191,LinearRegression,GSA
mof_5370,48.31510484068204,LinearRegression,GSA
mof_6136,54.01684345987438,LinearRegression,GSA
mof_7624,43.70356481024541,LinearRegression,GSA
mof_7628,49.70510804134557,LinearRegression,GSA
str_m1_o21_o21_f0_pcu.sym.46.out,38.3997486759489,LinearRegression,GSA
str_m1_o3_o25_f0_pcu.sym.53.out,40.54743989579764,LinearRegression,GSA
str_m2_o3_o15_f0_nbo.sym.14.out,38.74861222435073,LinearRegression,GSA
mof_2093,53.83150969978591,LinearRegression,GSA
mof_2854,39.33731946227881,LinearRegression,GSA
mof_7187,43.28928934651824,LinearRegression,GSA
mof_11710,42.03556096944918,LinearRegression,GSA
str_m2_o6_o23_f0_nbo.sym.9.out,41.49591266801511,LinearRegression,GSA
str_m3_o6_o25_f0_pcu.sym.83.out,40.96716635246859,LinearRegression,GSA
mof_4644,40.443871029865846,LinearRegression,GSA
mof_5000,48.0970651229309,LinearRegression,GSA
str_m3_o2_o25_f0_nbo.sym.13.out,38.797671160844736,LinearRegression,GSA
str_m3_o20_o27_f0_nbo.sym.27.out,38.4760625771618,LinearRegression,GSA
str_m3_o21_o29_f0_pcu.sym.179.out,38.198061937029095,LinearRegression,GSA
str_m3_o25_o25_f0_nbo.sym.260.out,39.66437903890552,LinearRegression,GSA
hypotheticalMOF_5016996_i_0_j_25_k_5_m_12,40.50928294519119,LinearRegression,GSA
mof_5615,49.27993059173084,LinearRegression,GSA
str_m2_o6_o23_f0_pcu.sym.55.out,39.03751485037099,LinearRegression,GSA
hypotheticalMOF_5048243_i_1_j_25_k_20_m_12,38.983004920933205,LinearRegression,GSA
hypotheticalMOF_5071644_i_2_j_25_k_5_m_7,38.7813181820134,LinearRegression,GSA
mof_13135,38.050885127547076,LinearRegression,GSA
mof_9910,39.762496911893535,LinearRegression,GSA
str_m2_o25_o25_f0_nbo.sym.28.out,41.34873585853308,LinearRegression,GSA
str_m2_o6_o23_f0_pcu.sym.201.out,40.193125354452036,LinearRegression,GSA
str_m2_o6_o25_f0_pcu.sym.119.out,40.9126564230308,LinearRegression,GSA
str_m3_o2_o7_f0_nbo.sym.55.out,39.3918293917166,LinearRegression,GSA
str_m3_o25_o29_f0_pcu.sym.183.out,38.0454341346033,LinearRegression,GSA
str_m3_o6_o25_f0_pcu.sym.130.out,39.41363336349171,LinearRegression,GSA
hypotheticalMOF_5019623_i_0_j_25_k_25_m_10,39.68618301068064,LinearRegression,GSA
str_m2_o3_o25_f0_pcu.sym.102.out,41.07618621134416,LinearRegression,GSA
str_m3_o17_o20_f0_nbo.sym.23.out,38.486964563049355,LinearRegression,GSA
str_m3_o6_o23_f0_pcu.sym.85.out,38.11629704287242,LinearRegression,GSA
str_m3_o6_o7_f0_nbo.sym.24.out,41.18520607021973,LinearRegression,GSA
HOMTEI_CSD17,41.801168272866704,LinearRegression,GSA
hypotheticalMOF_5048223_i_1_j_25_k_20_m_10,39.02661286448343,LinearRegression,GSA
hypotheticalMOF_5048397_i_1_j_25_k_21_m_9,38.672298323137824,LinearRegression,GSA
hypotheticalMOF_5064220_i_2_j_21_k_5_m_12,38.307081795904665,LinearRegression,GSA
mof_4825,45.01725410969603,LinearRegression,GSA
mof_6135,50.09757953329762,LinearRegression,GSA
mof_6544,39.57171215886129,LinearRegression,GSA
str_m2_o20_o29_f0_nbo.sym.36.out,40.38936110042806,LinearRegression,GSA
str_m2_o6_o20_f0_nbo.sym.31.out,40.6074008181792,LinearRegression,GSA
str_m3_o25_o25_f0_pcu.sym.50.out,40.00779159436357,LinearRegression,GSA
str_m3_o6_o23_f0_pcu.sym.217.out,40.416616065146954,LinearRegression,GSA
str_m3_o6_o23_f0_pcu.sym.82.out,39.833359820162656,LinearRegression,GSA
hypotheticalMOF_5041013_i_1_j_21_k_21_m_4,38.18170895819776,LinearRegression,GSA
mof_5371,50.435541095811885,LinearRegression,GSA
mof_5372,47.05047447772542,LinearRegression,GSA
mof_6331,48.23333994652536,LinearRegression,GSA
mof_6524,48.3750657630636,LinearRegression,GSA
str_m2_o20_o26_f0_pcu.sym.116.out,38.82492612556363,LinearRegression,GSA
str_m2_o3_o29_f0_pcu.sym.249.out,39.34277045522259,LinearRegression,GSA
str_m3_o25_o29_f0_pcu.sym.255.out,40.49838095930363,LinearRegression,GSA
str_m3_o3_o8_f0_pcu.sym.104.out,38.31798378179222,LinearRegression,GSA
str_m3_o6_o23_f0_pcu.sym.176.out,38.35068973945489,LinearRegression,GSA
str_m3_o6_o27_f0_nbo.sym.7.out,41.615834512778235,LinearRegression,GSA
hypotheticalMOF_5034256_i_1_j_19_k_5_m_4,38.37249371123001,LinearRegression,GSA
mof_11368,38.873985062057635,LinearRegression,GSA
mof_2758,40.869048479480576,LinearRegression,GSA
mof_4402,45.24074482039096,LinearRegression,GSA
mof_7266,41.37599082325198,LinearRegression,GSA
str_m3_o20_o29_f0_nbo.sym.50.out,41.05983323251282,LinearRegression,GSA
str_m3_o25_o27_f0_nbo.sym.10.out,39.60986910946774,LinearRegression,GSA
hypotheticalMOF_3000205_i_1_j_24_k_23_m_6_cat_1,39.24465258223458,LinearRegression,GSA
hypotheticalMOF_5041005_i_1_j_21_k_21_m_4,38.47061158421802,LinearRegression,GSA
str_m1_o25_o25_f0_pcu.sym.50.out,38.88488704794519,LinearRegression,GSA
str_m2_o25_o25_f0_pcu.sym.3.out,40.263988262721156,LinearRegression,GSA
str_m3_o3_o19_f0_nbo.sym.151.out,40.378459114540505,LinearRegression,GSA
mof_2042,45.05541106030248,LinearRegression,GSA
mof_3050,50.25020733572342,LinearRegression,GSA
mof_11854,41.61038351983446,LinearRegression,GSA
str_m2_o20_o28_f0_nbo.sym.55.out,41.26151997143263,LinearRegression,GSA
str_m2_o6_o23_f0_pcu.sym.178.out,40.122262446182916,LinearRegression,GSA
str_m3_o6_o27_f0_nbo.sym.81.out,39.615320102411516,LinearRegression,GSA
hypotheticalMOF_5048383_i_1_j_25_k_21_m_7,40.056850530857574,LinearRegression,GSA
str_m2_o23_o23_f0_nbo.sym.10.out,40.67826372644832,LinearRegression,GSA
str_m2_o25_o27_f0_pcu.sym.231.out,39.34822144816637,LinearRegression,GSA
hypotheticalMOF_5017866_i_0_j_25_k_12_m_10,38.48151357010558,LinearRegression,GSA
mof_1996,42.82595494629706,LinearRegression,GSA
mof_4803,38.6014354148687,LinearRegression,GSA
mof_5043,38.56872945720603,LinearRegression,GSA
mof_7501,46.76157185170516,LinearRegression,GSA
mof_9969,46.52717915512268,LinearRegression,GSA
str_m2_o6_o25_f0_nbo.sym.64.out,39.724339961287086,LinearRegression,GSA
str_m3_o25_o25_f0_nbo.sym.61.out,41.98650203295517,LinearRegression,GSA
str_m3_o3_o25_f0_pcu.sym.146.out,39.440888328210605,LinearRegression,GSA
mof_2040,40.67281273350454,LinearRegression,GSA
mof_5026,40.77638159943634,LinearRegression,GSA
mof_7073,40.20947833328337,LinearRegression,GSA
str_m3_o3_o11_f0_nbo.sym.44.out,38.7050042808005,LinearRegression,GSA
RUTNOK_CoRE,39.04296584331477,LinearRegression,GSA
hypotheticalMOF_5046733_i_1_j_25_k_5_m_10,38.22531690174799,LinearRegression,GSA
hypotheticalMOF_5073030_i_2_j_25_k_20_m_5,39.37547641288526,LinearRegression,GSA
mof_1654,44.55937070241863,LinearRegression,GSA
mof_5369,49.47071534476309,LinearRegression,GSA
mof_6324,48.876557113891224,LinearRegression,GSA
mof_978,38.97210293504565,LinearRegression,GSA
str_m1_o3_o20_f0_pcu.sym.49.out,38.81402413967607,LinearRegression,GSA
str_m1_o3_o27_f0_pcu.sym.73.out,39.00480889270832,LinearRegression,GSA
str_m2_o23_o29_f0_pcu.sym.270.out,38.31253278884844,LinearRegression,GSA
str_m2_o6_o23_f0_pcu.sym.258.out,39.45724130704194,LinearRegression,GSA
str_m2_o6_o25_f0_pcu.sym.240.out,40.798185571211455,LinearRegression,GSA
str_m3_o3_o6_f0_pcu.sym.133.out,38.91759300560786,LinearRegression,GSA
mof_13439,46.292786458540206,LinearRegression,GSA
mof_2193,50.41373712403677,LinearRegression,GSA
mof_4951,42.45528742612012,LinearRegression,GSA
mof_7348,39.71343797539953,LinearRegression,GSA
str_m2_o3_o27_f0_pcu.sym.150.out,38.18715995114154,LinearRegression,GSA
hypotheticalMOF_5019661_i_0_j_25_k_25_m_14,38.13810101464753,LinearRegression,GSA
hypotheticalMOF_5073096_i_2_j_25_k_20_m_10,39.06476981508988,LinearRegression,GSA
mof_5475,47.91173136284243,LinearRegression,GSA
mof_3048,39.21739761751569,LinearRegression,GSA
mof_7404,40.35120414982161,LinearRegression,GSA
str_m1_o25_o25_f0_pcu.sym.81.out,38.198061937029095,LinearRegression,GSA
str_m2_o34_o35_f0_pts.sym.109.out,39.06476981508988,LinearRegression,GSA
str_m3_o21_o25_f0_pcu.sym.143.out,38.03453214871574,LinearRegression,GSA
mof_2190,51.02969932668374,LinearRegression,GSA
mof_5429,45.31705872160386,LinearRegression,GSA
mof_7838,49.12185179636126,LinearRegression,GSA
str_m2_o21_o26_f0_pcu.sym.215.out,38.44335661949913,LinearRegression,GSA
str_m3_o23_o28_f0_pcu.sym.61.out,39.795202869556206,LinearRegression,GSA
str_m3_o25_o25_f0_pcu.sym.76.out,39.724339961287086,LinearRegression,GSA
str_m3_o3_o20_f0_nbo.sym.116.out,39.63712407418663,LinearRegression,GSA
mof_11269,45.006352123808476,LinearRegression,GSA
mof_1130,41.119794154894386,LinearRegression,GSA
mof_2903,39.81155584838754,LinearRegression,GSA
mof_5035,39.74069294011842,LinearRegression,GSA
mof_6137,53.05201770882557,LinearRegression,GSA
str_m1_o25_o25_f0_pcu.sym.131.out,38.98845591387698,LinearRegression,GSA
str_m3_o6_o7_f0_nbo.sym.125.out,38.50876853482447,LinearRegression,GSA
mof_2196,53.03021373705046,LinearRegression,GSA
mof_7265,40.269439255664935,LinearRegression,GSA
str_m1_o21_o21_f0_pcu.sym.201.out,38.53602349954336,LinearRegression,GSA
str_m2_o23_o26_f0_pcu.sym.157.out,38.797671160844736,LinearRegression,GSA
hypotheticalMOF_5065119_i_2_j_21_k_13_m_5,38.30163080296089,LinearRegression,GSA
mof_1800,46.826983767030505,LinearRegression,GSA
mof_4554,53.962333530436595,LinearRegression,GSA
mof_6951,49.19816569757416,LinearRegression,GSA
mof_7962,42.65152317209615,LinearRegression,GSA
mof_9724,41.228814013769956,LinearRegression,GSA
str_m1_o25_o25_f0_pcu.sym.65.out,40.62375379701054,LinearRegression,GSA
str_m2_o23_o23_f0_nbo.sym.41.out,38.377944704173785,LinearRegression,GSA
mof_7445,41.65944245632846,LinearRegression,GSA
mof_9062,42.160933807156084,LinearRegression,GSA
mof_9068,47.92808434167377,LinearRegression,GSA
str_m2_o3_o19_f0_nbo.sym.30.out,38.81402413967607,LinearRegression,GSA
str_m3_o6_o27_f0_nbo.sym.39.out,40.20947833328337,LinearRegression,GSA
mof_12628,41.18520607021973,LinearRegression,GSA
mof_4760,47.573769800328165,LinearRegression,GSA
str_m2_o3_o6_f0_pcu.sym.178.out,39.67528102479308,LinearRegression,GSA
str_m2_o6_o27_f0_nbo.sym.8.out,38.32888576767978,LinearRegression,GSA
str_m2_o7_o20_f0_nbo.sym.45.out,42.624268207377256,LinearRegression,GSA
str_m3_o25_o27_f0_pcu.sym.180.out,39.93147769315067,LinearRegression,GSA
mof_7311,49.85228485082759,LinearRegression,GSA
str_m2_o21_o23_f0_pcu.sym.152.out,39.0593188221461,LinearRegression,GSA
str_m3_o6_o7_f0_nbo.sym.89.out,38.06178711343463,LinearRegression,GSA
mof_4942,38.77586718906962,LinearRegression,GSA
str_m1_o21_o21_f0_pcu.sym.188.out,39.17924066690924,LinearRegression,GSA
str_m1_o27_o29_f0_pcu.sym.29.out,39.35367244111015,LinearRegression,GSA
str_m3_o25_o25_f0_pcu.sym.79.out,40.416616065146954,LinearRegression,GSA
str_m3_o6_o27_f0_nbo.sym.46.out,38.49786654893691,LinearRegression,GSA
str_m3_o6_o7_f0_nbo.sym.69.out,40.22583131211471,LinearRegression,GSA
mof_6179,45.48603950286099,LinearRegression,GSA
mof_6640,44.19960516812925,LinearRegression,GSA
str_m2_o23_o25_f0_nbo.sym.47.out,38.97210293504565,LinearRegression,GSA
str_m2_o25_o26_f0_pcu.sym.109.out,39.228299603403244,LinearRegression,GSA
str_m2_o7_o25_f0_pcu.sym.58.out,38.448807612442906,LinearRegression,GSA
str_m3_o23_o28_f0_pcu.sym.180.out,39.370025419941484,LinearRegression,GSA
str_m3_o6_o27_f0_nbo.sym.69.out,38.492415555993134,LinearRegression,GSA
mof_1609,38.7813181820134,LinearRegression,GSA
mof_2435,40.99442131718748,LinearRegression,GSA
str_m2_o6_o27_f0_nbo.sym.5.out,38.590533428981146,LinearRegression,GSA
str_m2_o6_o29_f0_pcu.sym.28.out,39.14108371630278,LinearRegression,GSA
str_m3_o25_o27_f0_nbo.sym.31.out,40.89630344419947,LinearRegression,GSA
hypotheticalMOF_17747_i_1_j_5_k_1_m_4,40.051399537913795,LinearRegression,GSA
mof_10769,38.10539505698486,LinearRegression,GSA
mof_13152,44.87552829315779,LinearRegression,GSA
mof_8200,43.31109331829335,LinearRegression,GSA
str_m2_o20_o29_f0_nbo.sym.5.out,39.71888896834331,LinearRegression,GSA
str_m2_o21_o21_f0_pcu.sym.10.out,38.46516059127424,LinearRegression,GSA
str_m2_o3_o25_f0_pcu.sym.205.out,40.307596206271384,LinearRegression,GSA
mof_12863,39.84426180605021,LinearRegression,GSA
mof_13008,44.61388063185642,LinearRegression,GSA
mof_2242,50.5336589687999,LinearRegression,GSA
str_m1_o3_o29_f0_pcu.sym.14.out,38.36159172534245,LinearRegression,GSA
str_m2_o2_o29_f0_nbo.sym.12.out,38.07268909932219,LinearRegression,GSA
str_m3_o23_o26_f0_pcu.sym.248.out,38.39429768300512,LinearRegression,GSA
str_m3_o6_o7_f0_nbo.sym.17.out,40.056850530857574,LinearRegression,GSA
hypotheticalMOF_5073244_i_2_j_25_k_21_m_7,38.08359108520975,LinearRegression,GSA
mof_5614,48.407771720726274,LinearRegression,GSA
mof_6789,44.259566090510816,LinearRegression,GSA
mof_7235,44.940940208483134,LinearRegression,GSA
str_m2_o1_o29_f0_nbo.sym.9.out,38.54692548543092,LinearRegression,GSA
str_m2_o25_o25_f0_pcu.sym.150.out,39.98598762258845,LinearRegression,GSA
str_m2_o25_o25_f0_pcu.sym.213.out,38.75406321729451,LinearRegression,GSA
str_m3_o6_o7_f0_nbo.sym.97.out,40.92900940186214,LinearRegression,GSA
hypotheticalMOF_5069736_i_2_j_24_k_5_m_11,38.906691019720306,LinearRegression,GSA
mof_6184,51.5257396845676,LinearRegression,GSA
mof_977,40.869048479480576,LinearRegression,GSA
str_m1_o25_o27_f0_pcu.sym.131.out,38.050885127547076,LinearRegression,GSA
str_m2_o20_o29_f0_nbo.sym.32.out,39.615320102411516,LinearRegression,GSA
str_m2_o3_o21_f0_pcu.sym.127.out,39.511751236479725,LinearRegression,GSA
str_m2_o6_o27_f0_nbo.sym.34.out,40.51473393813497,LinearRegression,GSA
str_m3_o21_o23_f0_pcu.sym.249.out,38.35614073239867,LinearRegression,GSA
str_m3_o25_o25_f0_pcu.sym.40.out,39.261005561065915,LinearRegression,GSA
str_m3_o25_o28_f0_pcu.sym.141.out,39.88786974960044,LinearRegression,GSA
mof_1271,39.658928045961744,LinearRegression,GSA
str_m2_o25_o25_f0_pcu.sym.169.out,39.92057570726311,LinearRegression,GSA
str_m2_o28_o28_f0_pcu.sym.188.out,38.06178711343463,LinearRegression,GSA
str_m3_o3_o20_f0_pcu.sym.42.out,38.416101654780235,LinearRegression,GSA
REWRER_CSD17,55.712102265389504,LinearRegression,GSA
str_m1_o25_o25_f0_pcu.sym.136.out,39.20104463868435,LinearRegression,GSA
str_m2_o23_o25_f0_pcu.sym.51.out,40.667361740560764,LinearRegression,GSA
str_m2_o25_o25_f0_pcu.sym.72.out,38.61778839370004,LinearRegression,GSA
str_m2_o6_o29_f0_pcu.sym.71.out,38.46516059127424,LinearRegression,GSA
str_m3_o23_o29_f0_pcu.sym.256.out,38.666847330194045,LinearRegression,GSA
str_m3_o25_o28_f0_nbo.sym.2.out,39.55535918002995,LinearRegression,GSA
hypotheticalMOF_5067892_i_2_j_23_k_5_m_0,40.67281273350454,LinearRegression,GSA
mof_11387,46.61984603516692,LinearRegression,GSA
mof_4327,47.81361348985442,LinearRegression,GSA
mof_4899,40.60194982523542,LinearRegression,GSA
mof_6327,42.449836433176344,LinearRegression,GSA
str_m2_o21_o23_f0_pcu.sym.42.out,38.33433676062356,LinearRegression,GSA
hypotheticalMOF_5071663_i_2_j_25_k_5_m_9,38.97210293504565,LinearRegression,GSA
str_m2_o21_o23_f0_pcu.sym.172.out,38.40519966889268,LinearRegression,GSA
str_m3_o23_o27_f0_nbo.sym.182.out,38.33433676062356,LinearRegression,GSA
str_m3_o25_o25_f0_nbo.sym.133.out,41.81752125169804,LinearRegression,GSA
hypotheticalMOF_5048501_i_1_j_25_k_23_m_0,41.66489344927224,LinearRegression,GSA
mof_12904,44.03062438687212,LinearRegression,GSA
mof_987,41.03257826779393,LinearRegression,GSA
hypotheticalMOF_5067935_i_2_j_23_k_5_m_4,38.43245463361157,LinearRegression,GSA
str_m3_o23_o27_f0_nbo.sym.98.out,38.525121513655805,LinearRegression,GSA
str_m3_o3_o20_f0_nbo.sym.26.out,40.978068338356145,LinearRegression,GSA
mof_7446,44.439448857655506,LinearRegression,GSA
str_m2_o20_o25_f0_pcu.sym.56.out,39.440888328210605,LinearRegression,GSA
str_m2_o25_o26_f0_pcu.sym.45.out,38.17625796525398,LinearRegression,GSA
str_m3_o6_o28_f0_nbo.sym.169.out,38.198061937029095,LinearRegression,GSA
hypotheticalMOF_5016998_i_0_j_25_k_5_m_12,38.31798378179222,LinearRegression,GSA
mof_3564,42.39532650373856,LinearRegression,GSA
mof_4783,40.6074008181792,LinearRegression,GSA
str_m2_o23_o25_f0_pcu.sym.68.out,40.552890888741416,LinearRegression,GSA
str_m2_o25_o25_f0_pcu.sym.185.out,38.28527782412955,LinearRegression,GSA
str_m2_o25_o26_f0_pcu.sym.115.out,38.49786654893691,LinearRegression,GSA
str_m3_o6_o21_f0_pcu.sym.184.out,40.27489024860871,LinearRegression,GSA
str_m3_o6_o28_f0_nbo.sym.7.out,40.5310869169663,LinearRegression,GSA
str_m3_o7_o17_f0_nbo.sym.1.out,39.299162511672364,LinearRegression,GSA
hypotheticalMOF_5039123_i_1_j_21_k_5_m_12,38.18715995114154,LinearRegression,GSA
hypotheticalMOF_5073209_i_2_j_25_k_21_m_4,38.42700364066779,LinearRegression,GSA
hypotheticalMOF_5073258_i_2_j_25_k_21_m_9,38.236218887635545,LinearRegression,GSA
mof_4889,41.99740401884273,LinearRegression,GSA
hypotheticalMOF_2150_i_0_j_5_k_5_m_12,39.74069294011842,LinearRegression,GSA
hypotheticalMOF_5019615_i_0_j_25_k_25_m_10,38.97210293504565,LinearRegression,GSA
mof_11140,47.46474994145259,LinearRegression,GSA
str_m2_o23_o27_f0_nbo.sym.20.out,38.868534069113856,LinearRegression,GSA
str_m3_o23_o27_f0_nbo.sym.54.out,40.85814649359302,LinearRegression,GSA
str_m3_o25_o27_f0_nbo.sym.82.out,39.135632723359,LinearRegression,GSA
str_m3_o3_o20_f0_nbo.sym.85.out,38.236218887635545,LinearRegression,GSA
str_m2_o21_o23_f0_pcu.sym.40.out,38.672298323137824,LinearRegression,GSA
str_m3_o21_o23_f0_pcu.sym.251.out,39.31006449755992,LinearRegression,GSA
str_m3_o25_o26_f0_pcu.sym.67.out,38.377944704173785,LinearRegression,GSA
mof_11191,44.02517339392834,LinearRegression,GSA
mof_11384,41.648540470440906,LinearRegression,GSA
mof_6952,50.004912653253385,LinearRegression,GSA
hypotheticalMOF_5046759_i_1_j_25_k_5_m_14,39.39728038466038,LinearRegression,GSA
mof_6267,49.66150009779534,LinearRegression,GSA
str_m3_o6_o23_f0_pcu.sym.242.out,40.64010677584187,LinearRegression,GSA
str_m3_o6_o27_f0_nbo.sym.111.out,39.67528102479308,LinearRegression,GSA
str_m3_o6_o27_f0_nbo.sym.30.out,41.79026628697915,LinearRegression,GSA
hypotheticalMOF_5073352_i_2_j_25_k_23_m_0,40.72732266294233,LinearRegression,GSA
mof_11141,46.799728802311606,LinearRegression,GSA
mof_2097,47.5901227791595,LinearRegression,GSA
str_m2_o6_o25_f0_pcu.sym.166.out,38.96120094915809,LinearRegression,GSA
str_m2_o6_o26_f0_pcu.sym.132.out,39.56081017297373,LinearRegression,GSA
VAQBEU01_CSD17,49.334440521168624,LinearRegression,GSA
mof_10640,40.29124322744005,LinearRegression,GSA
mof_2012,38.42155264772401,LinearRegression,GSA
mof_430,43.16936750175511,LinearRegression,GSA
str_m2_o20_o29_f0_nbo.sym.73.out,38.3997486759489,LinearRegression,GSA
str_m2_o6_o27_f0_nbo.sym.24.out,41.59403054100312,LinearRegression,GSA
str_m2_o6_o7_f0_nbo.sym.212.out,38.525121513655805,LinearRegression,GSA
str_m3_o28_o29_f0_pcu.sym.256.out,38.15445399347887,LinearRegression,GSA
str_m3_o3_o11_f0_nbo.sym.31.out,38.19261094408532,LinearRegression,GSA
hypotheticalMOF_5042863_i_1_j_23_k_5_m_0,42.25360068720032,LinearRegression,GSA
hypotheticalMOF_5048405_i_1_j_25_k_21_m_9,38.198061937029095,LinearRegression,GSA
hypotheticalMOF_5073213_i_2_j_25_k_21_m_4,38.99935789976454,LinearRegression,GSA
str_m3_o3_o8_f0_pcu.sym.214.out,38.688651301969166,LinearRegression,GSA
hypotheticalMOF_5046742_i_1_j_25_k_5_m_11,39.582614144748845,LinearRegression,GSA
hypotheticalMOF_5048182_i_1_j_25_k_20_m_7,38.66139633725027,LinearRegression,GSA
mof_11758,41.07618621134416,LinearRegression,GSA
str_m3_o21_o23_f0_pcu.sym.114.out,38.410650661836456,LinearRegression,GSA
str_m3_o25_o28_f0_pcu.sym.159.out,38.31798378179222,LinearRegression,GSA
mof_6983,42.04101196239296,LinearRegression,GSA
str_m1_o21_o21_f0_pcu.sym.219.out,39.898771735488,LinearRegression,GSA
str_m2_o25_o27_f0_nbo.sym.23.out,41.81207025875426,LinearRegression,GSA
str_m2_o25_o28_f0_pcu.sym.63.out,39.697084996568194,LinearRegression,GSA
str_m2_o6_o21_f0_pcu.sym.9.out,39.62622208829907,LinearRegression,GSA
str_m3_o7_o23_f0_nbo.sym.3.out,39.27190754695347,LinearRegression,GSA
hypotheticalMOF_5046697_i_1_j_25_k_5_m_7,38.71590626668806,LinearRegression,GSA
hypotheticalMOF_5073127_i_2_j_25_k_20_m_13,38.595984421924925,LinearRegression,GSA
mof_4701,38.65049435136271,LinearRegression,GSA
str_m2_o28_o29_f0_pcu.sym.218.out,39.261005561065915,LinearRegression,GSA
str_m2_o6_o23_f0_pcu.sym.61.out,39.2392015892908,LinearRegression,GSA
str_m3_o6_o25_f0_nbo.sym.9.out,38.2471208735231,LinearRegression,GSA
mof_10954,43.332897290068466,LinearRegression,GSA
mof_2286,51.12781719967176,LinearRegression,GSA
mof_7238,46.292786458540206,LinearRegression,GSA
mof_9188,48.88200810683501,LinearRegression,GSA
str_m1_o21_o21_f0_pcu.sym.105.out,38.54147449248714,LinearRegression,GSA
mof_11055,39.980536629644675,LinearRegression,GSA
mof_7450,50.72989471477593,LinearRegression,GSA
str_m2_o21_o21_f0_pcu.sym.12.out,38.25802285941066,LinearRegression,GSA
str_m2_o23_o26_f0_pcu.sym.212.out,38.25802285941066,LinearRegression,GSA
str_m2_o25_o26_f0_pcu.sym.202.out,39.64802606007419,LinearRegression,GSA
str_m3_o21_o23_f0_pcu.sym.159.out,38.25802285941066,LinearRegression,GSA
str_m3_o25_o27_f0_nbo.sym.194.out,38.7050042808005,LinearRegression,GSA
str_m3_o6_o27_f0_nbo.sym.100.out,41.99740401884273,LinearRegression,GSA
BATNER_CSD17,48.34781079834471,LinearRegression,GSA
mof_2327,55.08523807685497,LinearRegression,GSA
mof_884,39.48449627176083,LinearRegression,GSA
str_m3_o21_o28_f0_pcu.sym.73.out,38.274375838241994,LinearRegression,GSA
str_m3_o25_o25_f0_pcu.sym.29.out,39.25010357517836,LinearRegression,GSA
hypotheticalMOF_3000133_i_1_j_23_k_23_m_12_cat_1,39.64257506713041,LinearRegression,GSA
hypotheticalMOF_5048734_i_1_j_25_k_25_m_7,39.620771095355295,LinearRegression,GSA
mof_13007,40.901754437143246,LinearRegression,GSA
mof_6334,51.33495493153534,LinearRegression,GSA
mof_9185,40.61285181112298,LinearRegression,GSA
mof_9790,53.06291969471313,LinearRegression,GSA
hypotheticalMOF_5046730_i_1_j_25_k_5_m_10,38.9339459844392,LinearRegression,GSA
hypotheticalMOF_5047912_i_1_j_25_k_19_m_0,38.18170895819776,LinearRegression,GSA
hypotheticalMOF_5048765_i_1_j_25_k_25_m_10,39.767947904837314,LinearRegression,GSA
mof_2141,55.11794403451764,LinearRegression,GSA
str_m3_o2_o29_f0_nbo.sym.10.out,39.299162511672364,LinearRegression,GSA
str_m3_o25_o26_f0_pcu.sym.15.out,39.015710878595875,LinearRegression,GSA
str_m3_o6_o26_f0_pcu.sym.177.out,40.945362380693474,LinearRegression,GSA
mof_2010,50.87707152425794,LinearRegression,GSA
mof_6189,51.8037403247003,LinearRegression,GSA
str_m2_o25_o25_f0_nbo.sym.30.out,40.60194982523542,LinearRegression,GSA
str_m3_o3_o20_f0_nbo.sym.24.out,41.53952061156534,LinearRegression,GSA
hypotheticalMOF_5047410_i_1_j_25_k_12_m_9,38.86308307617008,LinearRegression,GSA
hypotheticalMOF_5071670_i_2_j_25_k_5_m_10,39.048416836258546,LinearRegression,GSA
mof_5613,43.300191332405795,LinearRegression,GSA
str_m2_o21_o23_f0_pcu.sym.241.out,38.72135725963184,LinearRegression,GSA
str_m3_o28_o29_f0_pcu.sym.6.out,38.10539505698486,LinearRegression,GSA
str_m3_o7_o23_f0_nbo.sym.21.out,40.25853726977738,LinearRegression,GSA
XAHQAA_CoRE,39.3155154905037,LinearRegression,GSA
mof_5067,44.96274418025825,LinearRegression,GSA
mof_6093,47.20310228015122,LinearRegression,GSA
str_m2_o21_o23_f0_pcu.sym.65.out,38.39429768300512,LinearRegression,GSA
str_m3_o23_o27_f0_nbo.sym.55.out,40.82544053593035,LinearRegression,GSA
hypotheticalMOF_5018181_i_0_j_25_k_15_m_10,38.868534069113856,LinearRegression,GSA
hypotheticalMOF_5019650_i_0_j_25_k_25_m_12,38.198061937029095,LinearRegression,GSA
mof_11130,40.04049755202624,LinearRegression,GSA
mof_2198,38.323434774736,LinearRegression,GSA
mof_4742,40.28579223449627,LinearRegression,GSA
str_m2_o21_o23_f0_pcu.sym.243.out,38.595984421924925,LinearRegression,GSA
str_m2_o7_o23_f0_nbo.sym.11.out,38.73771023846317,LinearRegression,GSA
str_m3_o6_o28_f0_nbo.sym.1.out,40.765479613548784,LinearRegression,GSA
XANLIJ_CSD17,39.67528102479308,LinearRegression,GSA
hypotheticalMOF_5048257_i_1_j_25_k_20_m_13,38.764965203182065,LinearRegression,GSA
mof_6992,45.115371982684046,LinearRegression,GSA
str_m2_o23_o27_f0_nbo.sym.5.out,38.43245463361157,LinearRegression,GSA
str_m3_o3_o26_f0_pcu.sym.157.out,39.30461350461614,LinearRegression,GSA
str_m3_o6_o25_f0_pcu.sym.179.out,41.15250011255706,LinearRegression,GSA
hypotheticalMOF_5045907_i_1_j_24_k_21_m_4,38.563278464262254,LinearRegression,GSA
mof_759,45.01725410969603,LinearRegression,GSA
mof_9828,40.36755712865295,LinearRegression,GSA
str_m1_o3_o7_f0_pcu.sym.50.out,41.61038351983446,LinearRegression,GSA
hypotheticalMOF_5048355_i_1_j_25_k_21_m_4,38.97210293504565,LinearRegression,GSA
str_m2_o28_o29_f0_pcu.sym.199.out,38.672298323137824,LinearRegression,GSA
str_m2_o6_o25_f0_pcu.sym.220.out,41.63218749160957,LinearRegression,GSA
str_m2_o7_o25_f0_nbo.sym.6.out,40.22038031917093,LinearRegression,GSA
str_m3_o25_o27_f0_pcu.sym.257.out,38.98845591387698,LinearRegression,GSA
str_m3_o6_o23_f0_pcu.sym.213.out,38.21986590880421,LinearRegression,GSA
hypotheticalMOF_5071617_i_2_j_25_k_5_m_4,40.02959556613868,LinearRegression,GSA
hypotheticalMOF_5073517_i_2_j_25_k_25_m_1,38.61778839370004,LinearRegression,GSA
mof_1943,48.7075763326341,LinearRegression,GSA
mof_8131,44.58662566713753,LinearRegression,GSA
str_m3_o20_o25_f0_pcu.sym.65.out,39.086573786864996,LinearRegression,GSA
str_m3_o23_o25_f0_pcu.sym.63.out,39.57716315180507,LinearRegression,GSA
str_m3_o25_o29_f0_pcu.sym.130.out,38.50331754188069,LinearRegression,GSA
str_m3_o6_o29_f0_pcu.sym.206.out,39.60986910946774,LinearRegression,GSA
LERNED_CSD17,40.84724450770546,LinearRegression,GSA
mof_5517,40.29669422038383,LinearRegression,GSA
str_m2_o6_o23_f0_pcu.sym.191.out,39.7461439330622,LinearRegression,GSA
WIYMOG_CoRE,42.49344437672657,LinearRegression,GSA
hypotheticalMOF_5042922_i_1_j_23_k_5_m_4,39.46269229998572,LinearRegression,GSA
hypotheticalMOF_5048509_i_1_j_25_k_23_m_1,38.01272817694063,LinearRegression,GSA
mof_12858,40.22038031917093,LinearRegression,GSA
mof_2095,50.88252251720173,LinearRegression,GSA
mof_4834,48.15702604531246,LinearRegression,GSA
mof_4950,41.07073521840038,LinearRegression,GSA
mof_5074,48.151575052368685,LinearRegression,GSA
mof_802,44.265017083454595,LinearRegression,GSA
str_m3_o21_o29_f0_pcu.sym.136.out,38.345238746511114,LinearRegression,GSA
str_m3_o25_o29_f0_pcu.sym.227.out,40.33485117099028,LinearRegression,GSA
str_m3_o28_o28_f0_pcu.sym.65.out,39.53355520825484,LinearRegression,GSA
hypotheticalMOF_5048568_i_1_j_25_k_23_m_9,39.833359820162656,LinearRegression,GSA
mof_13300,40.307596206271384,LinearRegression,GSA
mof_2003,45.0009011308647,LinearRegression,GSA
mof_520,38.4760625771618,LinearRegression,GSA
str_m2_o21_o28_f0_pcu.sym.20.out,38.65049435136271,LinearRegression,GSA
str_m3_o25_o29_f0_nbo.sym.214.out,38.96120094915809,LinearRegression,GSA
hypotheticalMOF_3001318_i_2_j_24_k_23_m_12_cat_1,38.666847330194045,LinearRegression,GSA
hypotheticalMOF_5046696_i_1_j_25_k_5_m_6,39.68073201773686,LinearRegression,GSA
str_m2_o23_o25_f0_pcu.sym.7.out,38.13810101464753,LinearRegression,GSA
str_m2_o7_o23_f0_nbo.sym.6.out,40.07865450263269,LinearRegression,GSA
hypotheticalMOF_5071649_i_2_j_25_k_5_m_7,38.06178711343463,LinearRegression,GSA
mof_11228,39.402731377604155,LinearRegression,GSA
mof_11481,44.51031176592463,LinearRegression,GSA
mof_4710,41.17975507727595,LinearRegression,GSA
str_m2_o28_o28_f0_pcu.sym.208.out,38.85218109028252,LinearRegression,GSA
str_m3_o2_o5_f0_nbo.sym.9.out,38.08359108520975,LinearRegression,GSA
str_m3_o25_o27_f0_nbo.sym.21.out,40.122262446182916,LinearRegression,GSA
str_m3_o3_o21_f0_pcu.sym.245.out,38.492415555993134,LinearRegression,GSA
mof_6190,52.04903500717033,LinearRegression,GSA
mof_6230,46.003883832519946,LinearRegression,GSA
mof_669,43.540035021932056,LinearRegression,GSA
str_m2_o6_o28_f0_nbo.sym.4.out,41.0652842254566,LinearRegression,GSA
str_m3_o25_o25_f0_nbo.sym.5.out,39.56626116591751,LinearRegression,GSA
str_m3_o25_o25_f0_pcu.sym.220.out,39.615320102411516,LinearRegression,GSA
str_m3_o25_o29_f0_nbo.sym.2.out,39.77339889778109,LinearRegression,GSA
hypotheticalMOF_5072324_i_2_j_25_k_12_m_9,38.57963144309359,LinearRegression,GSA
mof_13376,39.03751485037099,LinearRegression,GSA
mof_2100,51.035150319627526,LinearRegression,GSA
mof_3658,42.2590516801441,LinearRegression,GSA
mof_758,43.082151614654656,LinearRegression,GSA
str_m2_o21_o23_f0_pcu.sym.183.out,38.797671160844736,LinearRegression,GSA
str_m2_o25_o29_f0_nbo.sym.13.out,40.67826372644832,LinearRegression,GSA
str_m3_o6_o29_f0_pcu.sym.133.out,40.54198890285386,LinearRegression,GSA
hypotheticalMOF_5048503_i_1_j_25_k_23_m_0,41.35963784442065,LinearRegression,GSA
hypotheticalMOF_5073596_i_2_j_25_k_25_m_9,38.44335661949913,LinearRegression,GSA
mof_13346,44.01972240098456,LinearRegression,GSA
mof_2287,54.469275874207995,LinearRegression,GSA
mof_7403,42.71148409447771,LinearRegression,GSA
str_m3_o21_o25_f0_pcu.sym.201.out,39.086573786864996,LinearRegression,GSA
str_m3_o23_o27_f0_nbo.sym.217.out,38.454258605386684,LinearRegression,GSA
str_m3_o7_o7_f0_nbo.sym.1.out,42.25360068720032,LinearRegression,GSA
mof_11234,40.77093060649256,LinearRegression,GSA
mof_1895,51.63475954344317,LinearRegression,GSA
mof_2099,53.182841539476264,LinearRegression,GSA
mof_4591,48.74573328324054,LinearRegression,GSA
mof_4993,44.150546231635246,LinearRegression,GSA
mof_8308,46.98506256240008,LinearRegression,GSA
str_m2_o21_o25_f0_pcu.sym.226.out,39.27190754695347,LinearRegression,GSA
str_m2_o21_o29_f0_pcu.sym.21.out,38.57418045014981,LinearRegression,GSA
str_m2_o23_o25_f0_pcu.sym.166.out,39.71888896834331,LinearRegression,GSA
str_m3_o6_o29_f0_nbo.sym.22.out,38.06723810637841,LinearRegression,GSA
hypotheticalMOF_5046717_i_1_j_25_k_5_m_9,39.21194662457191,LinearRegression,GSA
hypotheticalMOF_5073114_i_2_j_25_k_20_m_11,38.51421952776825,LinearRegression,GSA
mof_7035,39.88786974960044,LinearRegression,GSA
mof_11272,39.71888896834331,LinearRegression,GSA
mof_11394,41.13069614078194,LinearRegression,GSA
str_m2_o25_o28_f0_pcu.sym.8.out,38.57418045014981,LinearRegression,GSA
str_m2_o3_o23_f0_pcu.sym.233.out,38.62323938664382,LinearRegression,GSA
hypotheticalMOF_19843_i_1_j_8_k_5_m_5,39.28826052578481,LinearRegression,GSA
hypotheticalMOF_5047415_i_1_j_25_k_12_m_9,38.165355979366424,LinearRegression,GSA
hypotheticalMOF_5048219_i_1_j_25_k_20_m_10,41.17430408433217,LinearRegression,GSA
mof_11625,40.35665514276539,LinearRegression,GSA
XAHQAA_UM,40.263988262721156,LinearRegression,GSA
str_m2_o6_o25_f0_pcu.sym.13.out,43.12030856526111,LinearRegression,GSA
hypotheticalMOF_5048411_i_1_j_25_k_21_m_10,38.11629704287242,LinearRegression,GSA
mof_11179,41.795717279922926,LinearRegression,GSA
mof_1713,46.84878773880562,LinearRegression,GSA
mof_2101,54.48562885303933,LinearRegression,GSA
XAHPUT_UM,40.416616065146954,LinearRegression,GSA
str_m2_o23_o25_f0_pcu.sym.185.out,40.35665514276539,LinearRegression,GSA
str_m3_o21_o25_f0_pcu.sym.134.out,39.157436695134116,LinearRegression,GSA
hypotheticalMOF_5016915_i_0_j_25_k_5_m_6,38.492415555993134,LinearRegression,GSA
hypotheticalMOF_5047372_i_1_j_25_k_12_m_4,39.876967763712884,LinearRegression,GSA
hypotheticalMOF_5071619_i_2_j_25_k_5_m_4,38.81402413967607,LinearRegression,GSA
mof_2285,53.0465667158818,LinearRegression,GSA
mof_7314,46.07474674078907,LinearRegression,GSA
mof_1138,38.61233740075626,LinearRegression,GSA
mof_6902,42.20454175070631,LinearRegression,GSA
str_m3_o23_o25_f0_pcu.sym.23.out,39.39728038466038,LinearRegression,GSA
str_m3_o25_o26_f0_pcu.sym.126.out,38.35614073239867,LinearRegression,GSA
hypotheticalMOF_5073219_i_2_j_25_k_21_m_4,38.764965203182065,LinearRegression,GSA
mof_2291,53.351822320733405,LinearRegression,GSA
mof_7085,42.384424517851,LinearRegression,GSA
str_m2_o23_o25_f0_pcu.sym.170.out,40.67826372644832,LinearRegression,GSA
str_m3_o25_o25_f0_pcu.sym.135.out,38.868534069113856,LinearRegression,GSA
str_m3_o25_o27_f0_pcu.sym.74.out,40.28034124155249,LinearRegression,GSA
str_m3_o6_o29_f0_nbo.sym.2.out,43.44191714894404,LinearRegression,GSA
WEGWOW_CSD17,39.04296584331477,LinearRegression,GSA
hypotheticalMOF_5016570_i_0_j_25_k_2_m_10,38.56872945720603,LinearRegression,GSA
hypotheticalMOF_5044150_i_1_j_23_k_21_m_4,38.26347385235444,LinearRegression,GSA
hypotheticalMOF_5046682_i_1_j_25_k_5_m_4,41.33238287970175,LinearRegression,GSA
hypotheticalMOF_5073354_i_2_j_25_k_23_m_0,40.47112599458474,LinearRegression,GSA
mof_10056,43.10395558642977,LinearRegression,GSA
mof_11146,47.63918171565351,LinearRegression,GSA
mof_6094,47.677338666259956,LinearRegression,GSA
mof_9970,41.087088197231715,LinearRegression,GSA
str_m2_o25_o27_f0_pcu.sym.83.out,38.797671160844736,LinearRegression,GSA
str_m2_o25_o28_f0_pcu.sym.137.out,38.68320030902538,LinearRegression,GSA
str_m2_o25_o28_f0_pcu.sym.217.out,39.86061478488155,LinearRegression,GSA
str_m3_o21_o23_f0_pcu.sym.171.out,39.08112279392122,LinearRegression,GSA
str_m3_o25_o26_f0_pcu.sym.131.out,38.33433676062356,LinearRegression,GSA
str_m3_o25_o26_f0_pcu.sym.47.out,39.20649563162813,LinearRegression,GSA
XAHPUT_CoRE,39.5935161306364,LinearRegression,GSA
mof_10984,40.160419396789365,LinearRegression,GSA
mof_11653,38.056336120490855,LinearRegression,GSA
mof_1127,42.8150529604095,LinearRegression,GSA
mof_13448,45.42062758753565,LinearRegression,GSA
mof_1742,38.72135725963184,LinearRegression,GSA
mof_4598,49.154557754023934,LinearRegression,GSA
mof_5669,45.327960707491414,LinearRegression,GSA
mof_6231,45.31160772866008,LinearRegression,GSA
str_m2_o25_o26_f0_pcu.sym.135.out,38.65049435136271,LinearRegression,GSA
str_m2_o25_o25_f0_pcu.sym.167.out,39.88241875665666,LinearRegression,GSA
str_m2_o6_o28_f0_pcu.sym.81.out,38.03998314165952,LinearRegression,GSA
sod_B_Syn000007,38.236218887635545,LinearRegression,GSA
hypotheticalMOF_5048162_i_1_j_25_k_20_m_6,40.96171535952481,LinearRegression,GSA
mof_12872,42.444385440232566,LinearRegression,GSA
mof_4412,49.20906768346172,LinearRegression,GSA
mof_6386,49.32898952822485,LinearRegression,GSA
mof_8168,38.60688640781248,LinearRegression,GSA
str_m2_o21_o23_f0_pcu.sym.108.out,38.30163080296089,LinearRegression,GSA
str_m2_o23_o25_f0_pcu.sym.112.out,39.24465258223458,LinearRegression,GSA
str_m3_o3_o26_f0_pcu.sym.269.out,38.416101654780235,LinearRegression,GSA
str_m3_o6_o6_f0_nbo.sym.5.out,38.557827471318475,LinearRegression,GSA
hypotheticalMOF_5039119_i_1_j_21_k_5_m_11,38.10539505698486,LinearRegression,GSA
hypotheticalMOF_5064144_i_2_j_21_k_5_m_4,39.17378967396545,LinearRegression,GSA
mof_12618,38.27982683118577,LinearRegression,GSA
mof_13345,48.23879093946914,LinearRegression,GSA
mof_9874,50.402835138149214,LinearRegression,GSA
str_m2_o25_o28_f0_pcu.sym.77.out,40.03504655908246,LinearRegression,GSA
str_m3_o6_o29_f0_nbo.sym.20.out,38.58508243603737,LinearRegression,GSA
sod_B_Syn000010,38.53602349954336,LinearRegression,GSA
mof_2248,45.03905808147115,LinearRegression,GSA
mof_7084,46.439963268022225,LinearRegression,GSA
str_m2_o23_o23_f0_nbo.sym.13.out,39.00480889270832,LinearRegression,GSA
str_m2_o25_o29_f0_nbo.sym.9.out,39.23375059634702,LinearRegression,GSA
str_m3_o25_o29_f0_nbo.sym.36.out,38.694102294912945,LinearRegression,GSA
CUKWAH_CSD17,39.77339889778109,LinearRegression,GSA
mof_11129,38.33433676062356,LinearRegression,GSA
mof_6234,50.12483449801651,LinearRegression,GSA
str_m2_o3_o20_f0_nbo.sym.19.out,42.411679482569895,LinearRegression,GSA
str_m2_o6_o28_f0_pcu.sym.39.out,38.56872945720603,LinearRegression,GSA
str_m3_o7_o17_f0_nbo.sym.75.out,38.906691019720306,LinearRegression,GSA
hypotheticalMOF_5047407_i_1_j_25_k_12_m_9,38.868534069113856,LinearRegression,GSA
hypotheticalMOF_5048342_i_1_j_25_k_21_m_4,39.23375059634702,LinearRegression,GSA
hypotheticalMOF_5061608_i_2_j_20_k_5_m_12,39.11382875158389,LinearRegression,GSA
mof_2288,50.9915423760773,LinearRegression,GSA
mof_5672,49.93950073792804,LinearRegression,GSA
mof_9829,48.3750657630636,LinearRegression,GSA
str_m3_o23_o25_f0_pcu.sym.70.out,38.99935789976454,LinearRegression,GSA
RUTNOK_CSD17,38.06178711343463,LinearRegression,GSA
mof_2060,47.87902540517976,LinearRegression,GSA
str_m2_o25_o25_f0_pcu.sym.129.out,39.228299603403244,LinearRegression,GSA
str_m3_o23_o25_f0_pcu.sym.95.out,39.75704591894976,LinearRegression,GSA
str_m3_o6_o27_f0_nbo.sym.113.out,38.10539505698486,LinearRegression,GSA
mof_2062,45.077215032077596,LinearRegression,GSA
mof_2146,49.80867690727736,LinearRegression,GSA
str_m2_o21_o23_f0_pcu.sym.78.out,38.69955328785672,LinearRegression,GSA
str_m3_o3_o20_f0_nbo.sym.65.out,38.944847970326755,LinearRegression,GSA
NOPQUG_CSD17,40.5310869169663,LinearRegression,GSA
mof_10992,42.8150529604095,LinearRegression,GSA
mof_11232,43.36560324773114,LinearRegression,GSA
mof_11674,44.46125282943062,LinearRegression,GSA
mof_5432,50.152089462735404,LinearRegression,GSA
mof_7840,44.96274418025825,LinearRegression,GSA
mof_8404,43.267485374743124,LinearRegression,GSA
str_m2_o21_o25_f0_pcu.sym.103.out,38.45970959833046,LinearRegression,GSA
hypotheticalMOF_5048416_i_1_j_25_k_21_m_10,38.31253278884844,LinearRegression,GSA
mof_2328,47.23035724487012,LinearRegression,GSA
str_m2_o20_o25_f0_pcu.sym.73.out,39.27735853989725,LinearRegression,GSA
str_m2_o25_o29_f0_pcu.sym.230.out,40.43842003692207,LinearRegression,GSA
str_m3_o23_o29_f0_nbo.sym.1.out,41.32693188675797,LinearRegression,GSA
mof_4657,40.6837147193921,LinearRegression,GSA
mof_4897,42.82595494629706,LinearRegression,GSA
str_m2_o25_o29_f0_nbo.sym.187.out,40.28579223449627,LinearRegression,GSA
str_m2_o3_o28_f0_pcu.sym.61.out,38.28527782412955,LinearRegression,GSA
str_m2_o7_o23_f0_nbo.sym.269.out,38.29072881707333,LinearRegression,GSA
str_m3_o3_o6_f0_nbo.sym.4.out,43.4528191348316,LinearRegression,GSA
str_m3_o7_o23_f0_nbo.sym.9.out,39.64257506713041,LinearRegression,GSA
hypotheticalMOF_5039114_i_1_j_21_k_5_m_11,38.797671160844736,LinearRegression,GSA
mof_12424,40.084105495576466,LinearRegression,GSA
mof_5379,49.30173456350595,LinearRegression,GSA
mof_6994,50.52820797585612,LinearRegression,GSA
str_m2_o20_o28_f0_nbo.sym.5.out,39.45179031409816,LinearRegression,GSA
str_m2_o25_o25_f0_pcu.sym.106.out,40.738224648829885,LinearRegression,GSA
str_m2_o3_o20_f0_nbo.sym.9.out,38.72135725963184,LinearRegression,GSA
mof_13344,45.12082297562783,LinearRegression,GSA
str_m2_o21_o23_f0_pcu.sym.234.out,38.912142012664084,LinearRegression,GSA
str_m2_o3_o23_f0_nbo.sym.273.out,39.402731377604155,LinearRegression,GSA
str_m2_o3_o23_f0_pcu.sym.119.out,39.408182370547934,LinearRegression,GSA
hypotheticalMOF_5048168_i_1_j_25_k_20_m_6,38.525121513655805,LinearRegression,GSA
mof_11183,39.42998634232305,LinearRegression,GSA
mof_2137,46.83788575291806,LinearRegression,GSA
mof_2145,49.30718555644974,LinearRegression,GSA
mof_5477,47.09408242127565,LinearRegression,GSA
str_m2_o25_o26_f0_pcu.sym.60.out,39.5935161306364,LinearRegression,GSA
str_m2_o3_o23_f0_nbo.sym.8.out,42.10097288477452,LinearRegression,GSA
mof_11769,42.72783707330905,LinearRegression,GSA
mof_6481,50.09757953329762,LinearRegression,GSA
mof_7081,43.540035021932056,LinearRegression,GSA
str_m3_o6_o21_f0_pcu.sym.197.out,40.20402734033959,LinearRegression,GSA
str_m3_o6_o23_f0_pcu.sym.36.out,39.57171215886129,LinearRegression,GSA
hypotheticalMOF_5043412_i_1_j_23_k_12_m_0,41.81752125169804,LinearRegression,GSA
hypotheticalMOF_5071622_i_2_j_25_k_5_m_4,38.58508243603737,LinearRegression,GSA
mof_13418,38.6014354148687,LinearRegression,GSA
str_m1_o21_o21_f0_pcu.sym.187.out,39.74069294011842,LinearRegression,GSA
str_m3_o2_o29_f0_nbo.sym.217.out,38.590533428981146,LinearRegression,GSA
str_m3_o23_o29_f0_nbo.sym.131.out,40.9889703242437,LinearRegression,GSA
str_m3_o3_o6_f0_nbo.sym.64.out,42.738739059196604,LinearRegression,GSA
str_m3_o6_o25_f0_pcu.sym.96.out,42.700582108590154,LinearRegression,GSA
str_m3_o6_o29_f0_nbo.sym.11.out,38.56872945720603,LinearRegression,GSA
hypotheticalMOF_5048737_i_1_j_25_k_25_m_7,38.18715995114154,LinearRegression,GSA
mof_5039,44.27046807639837,LinearRegression,GSA
str_m2_o21_o25_f0_pcu.sym.194.out,40.24763528388982,LinearRegression,GSA
str_m3_o25_o27_f0_pcu.sym.130.out,38.77586718906962,LinearRegression,GSA
hypotheticalMOF_5047427_i_1_j_25_k_12_m_10,38.42155264772401,LinearRegression,GSA
mof_2199,48.33690881245715,LinearRegression,GSA
mof_7564,43.98156545037811,LinearRegression,GSA
str_m2_o20_o25_f0_pcu.sym.26.out,39.04296584331477,LinearRegression,GSA
str_m2_o23_o25_f0_pcu.sym.226.out,40.07320350968891,LinearRegression,GSA
mof_11616,38.56872945720603,LinearRegression,GSA
mof_11722,42.63517019326481,LinearRegression,GSA
mof_2105,51.84189727530675,LinearRegression,GSA
mof_6233,48.34235980540093,LinearRegression,GSA
mof_6907,45.84580503715037,LinearRegression,GSA
str_m2_o21_o23_f0_pcu.sym.135.out,38.127199028759975,LinearRegression,GSA
str_m3_o2_o28_f0_nbo.sym.3.out,39.28280953284103,LinearRegression,GSA
str_m3_o23_o25_f0_pcu.sym.1.out,40.46567500164096,LinearRegression,GSA
str_m3_o6_o27_f0_nbo.sym.24.out,38.29072881707333,LinearRegression,GSA
hypotheticalMOF_3001273_i_2_j_24_k_23_m_6_cat_1,39.402731377604155,LinearRegression,GSA
hypotheticalMOF_5048761_i_1_j_25_k_25_m_10,38.8576320832263,LinearRegression,GSA
mof_7196,50.85526755248283,LinearRegression,GSA
str_m3_o25_o25_f0_pcu.sym.181.out,39.60441811652396,LinearRegression,GSA
str_m3_o6_o25_f0_pcu.sym.147.out,39.14653470924656,LinearRegression,GSA
cds_A_Syn010302,38.307081795904665,LinearRegression,GSA
mof_11065,39.04296584331477,LinearRegression,GSA
mof_4835,42.02465898356162,LinearRegression,GSA
mof_5373,43.55638800076339,LinearRegression,GSA
mof_6228,48.59310548081474,LinearRegression,GSA
mof_7038,48.21153597475025,LinearRegression,GSA
str_m2_o6_o29_f0_nbo.sym.15.out,38.835828111451185,LinearRegression,GSA
str_m3_o25_o26_f0_pcu.sym.242.out,39.0593188221461,LinearRegression,GSA
mof_13446,45.03360708852737,LinearRegression,GSA
mof_4801,43.48007409955049,LinearRegression,GSA
str_m2_o3_o20_f0_nbo.sym.166.out,39.14653470924656,LinearRegression,GSA
str_m3_o2_o17_f0_nbo.sym.29.out,41.724854371653805,LinearRegression,GSA
str_m3_o3_o25_f0_nbo.sym.6.out,40.78183259238012,LinearRegression,GSA
str_m3_o6_o17_f0_nbo.sym.96.out,38.094493071097304,LinearRegression,GSA
str_m3_o6_o6_f0_pcu.sym.7.out,39.27735853989725,LinearRegression,GSA
mof_4895,42.940425798116415,LinearRegression,GSA
str_m2_o23_o25_f0_pcu.sym.107.out,38.74316123140695,LinearRegression,GSA
str_m3_o21_o25_f0_pcu.sym.2.out,39.71888896834331,LinearRegression,GSA
str_m3_o25_o25_f0_pcu.sym.115.out,40.04594854497002,LinearRegression,GSA
hypotheticalMOF_5069227_i_2_j_23_k_23_m_0,41.20155904905106,LinearRegression,GSA
str_m2_o25_o29_f0_nbo.sym.273.out,40.487478973416074,LinearRegression,GSA
str_m2_o25_o29_f0_pcu.sym.46.out,38.11084604992864,LinearRegression,GSA
hypotheticalMOF_5048747_i_1_j_25_k_25_m_9,38.45970959833046,LinearRegression,GSA
mof_10683,43.583642965482284,LinearRegression,GSA
str_m2_o7_o23_f0_nbo.sym.37.out,42.54250331322058,LinearRegression,GSA
str_m3_o6_o25_f0_pcu.sym.183.out,39.3155154905037,LinearRegression,GSA
mof_6735,45.84035404420659,LinearRegression,GSA
str_m2_o6_o29_f0_nbo.sym.18.out,39.84971279899399,LinearRegression,GSA
str_m3_o25_o29_f0_pcu.sym.156.out,38.454258605386684,LinearRegression,GSA
TIDVIM_CSD17,40.36755712865295,LinearRegression,GSA
hypotheticalMOF_3000260_i_1_j_24_k_23_m_13_cat_1,38.71045527374428,LinearRegression,GSA
hypotheticalMOF_5046678_i_1_j_25_k_5_m_4,38.97210293504565,LinearRegression,GSA
hypotheticalMOF_5071621_i_2_j_25_k_5_m_4,41.234265006713734,LinearRegression,GSA
mof_11276,42.32446359546944,LinearRegression,GSA
mof_6999,49.60153917541378,LinearRegression,GSA
mof_715,51.80919131764408,LinearRegression,GSA
str_m2_o25_o28_f0_nbo.sym.4.out,39.21194662457191,LinearRegression,GSA
str_m2_o25_o29_f0_nbo.sym.107.out,40.47112599458474,LinearRegression,GSA
str_m2_o6_o29_f0_nbo.sym.1.out,41.41414777385843,LinearRegression,GSA
str_m2_o7_o27_f0_nbo.sym.6.out,41.63763848455335,LinearRegression,GSA
str_m3_o23_o25_f0_pcu.sym.90.out,39.408182370547934,LinearRegression,GSA
mof_10727,39.27190754695347,LinearRegression,GSA
mof_6150,45.27890177099741,LinearRegression,GSA
mof_6238,50.24475634277964,LinearRegression,GSA
str_m3_o23_o25_f0_pcu.sym.192.out,38.21441491586043,LinearRegression,GSA
mof_10998,44.232311125791924,LinearRegression,GSA
str_m2_o23_o25_f0_pcu.sym.38.out,38.983004920933205,LinearRegression,GSA
mof_2244,48.974674986879236,LinearRegression,GSA
mof_2247,50.27201130749853,LinearRegression,GSA
mof_5238,44.95729318731447,LinearRegression,GSA
mof_6953,48.151575052368685,LinearRegression,GSA
str_m2_o7_o7_f0_nbo.sym.5.out,39.190142652796794,LinearRegression,GSA
str_m3_o23_o23_f0_pcu.sym.56.out,40.705518691167214,LinearRegression,GSA
BAZGAM_CoRE,41.119794154894386,LinearRegression,GSA
mof_2290,51.787387345868964,LinearRegression,GSA
mof_6195,46.17286461377708,LinearRegression,GSA
mof_6237,50.19569740628563,LinearRegression,GSA
mof_6337,48.407771720726274,LinearRegression,GSA
str_m2_o3_o23_f0_nbo.sym.15.out,38.50876853482447,LinearRegression,GSA
str_m3_o25_o27_f0_pcu.sym.214.out,40.50928294519119,LinearRegression,GSA
str_m3_o25_o28_f0_pcu.sym.193.out,39.07022080803366,LinearRegression,GSA
str_m3_o28_o29_f0_pcu.sym.146.out,40.92355840891836,LinearRegression,GSA
hypotheticalMOF_5043408_i_1_j_23_k_12_m_0,41.73575635754136,LinearRegression,GSA
mof_1897,44.40129190704906,LinearRegression,GSA
mof_9974,43.409211191281365,LinearRegression,GSA
str_m3_o3_o23_f0_pcu.sym.45.out,38.634141372531374,LinearRegression,GSA
str_m3_o6_o25_f0_pcu.sym.97.out,39.326417476391256,LinearRegression,GSA
mof_2013,48.17883001708758,LinearRegression,GSA
mof_2061,50.31016825810498,LinearRegression,GSA
mof_5376,47.76455455336041,LinearRegression,GSA
mof_7842,48.293300868906925,LinearRegression,GSA
str_m2_o23_o23_f0_pcu.sym.212.out,40.798185571211455,LinearRegression,GSA
str_m2_o25_o25_f0_pcu.sym.41.out,38.13810101464753,LinearRegression,GSA
str_m2_o3_o20_f0_nbo.sym.1.out,38.53057250659958,LinearRegression,GSA
mof_6905,47.06682745655676,LinearRegression,GSA
str_m2_o23_o25_f0_pcu.sym.233.out,40.22583131211471,LinearRegression,GSA
mof_10098,39.653477053017966,LinearRegression,GSA
mof_6095,46.799728802311606,LinearRegression,GSA
mof_7323,49.66695109073912,LinearRegression,GSA
str_m2_o21_o26_f0_pcu.sym.123.out,38.19261094408532,LinearRegression,GSA
mof_10865,39.98598762258845,LinearRegression,GSA
mof_13146,41.02712727485015,LinearRegression,GSA
mof_2443,45.21348985567206,LinearRegression,GSA
mof_5041,43.21297544530534,LinearRegression,GSA
mof_6188,45.7367851782748,LinearRegression,GSA
str_m2_o23_o23_f0_pcu.sym.6.out,40.92900940186214,LinearRegression,GSA
str_m2_o25_o25_f0_pcu.sym.27.out,39.84971279899399,LinearRegression,GSA
str_m3_o25_o25_f0_pcu.sym.124.out,41.20701004199484,LinearRegression,GSA
hypotheticalMOF_5073237_i_2_j_25_k_21_m_7,39.14108371630278,LinearRegression,GSA
mof_10963,42.28630664486299,LinearRegression,GSA
str_m2_o21_o23_f0_pcu.sym.6.out,38.61233740075626,LinearRegression,GSA
MOF-5_cooh_2_779_1_basic_opt,43.38740721950625,LinearRegression,GSA
hypotheticalMOF_3001208_i_2_j_23_k_23_m_12_cat_1,38.71045527374428,LinearRegression,GSA
hypotheticalMOF_5061559_i_2_j_20_k_5_m_8,38.21986590880421,LinearRegression,GSA
mof_9980,46.20011957849597,LinearRegression,GSA
str_m2_o3_o23_f0_nbo.sym.229.out,38.448807612442906,LinearRegression,GSA
hypotheticalMOF_5067662_i_2_j_23_k_2_m_0,41.11434316195061,LinearRegression,GSA
mof_10062,42.864111896903516,LinearRegression,GSA
mof_10911,40.89085245125569,LinearRegression,GSA
mof_6274,54.431118923601545,LinearRegression,GSA
mof_7413,41.2942259290953,LinearRegression,GSA
mof_6530,53.357273313677176,LinearRegression,GSA
mof_6791,40.661910747616986,LinearRegression,GSA
str_m2_o20_o25_f0_pcu.sym.47.out,39.795202869556206,LinearRegression,GSA
str_m3_o6_o23_f0_pcu.sym.260.out,38.65049435136271,LinearRegression,GSA
mof_4100,40.160419396789365,LinearRegression,GSA
mof_4655,41.8774821740796,LinearRegression,GSA
str_m2_o21_o23_f0_pcu.sym.275.out,38.339787753567336,LinearRegression,GSA
str_m3_o25_o26_f0_pcu.sym.212.out,38.49786654893691,LinearRegression,GSA
str_m3_o25_o26_f0_pcu.sym.68.out,39.32096648344748,LinearRegression,GSA
str_m3_o7_o28_f0_nbo.sym.167.out,40.07320350968891,LinearRegression,GSA
mof_10960,43.46372112071916,LinearRegression,GSA
mof_2331,49.34534250705618,LinearRegression,GSA
mof_6957,43.81258466912098,LinearRegression,GSA
mof_8497,38.06723810637841,LinearRegression,GSA
str_m2_o2_o5_f0_nbo.sym.43.out,40.089556488520245,LinearRegression,GSA
hypotheticalMOF_5044260_i_1_j_23_k_23_m_0,41.828423237585596,LinearRegression,GSA
hypotheticalMOF_5048753_i_1_j_25_k_25_m_9,40.03504655908246,LinearRegression,GSA
mof_7371,46.71251291521115,LinearRegression,GSA
str_m2_o20_o25_f0_pcu.sym.19.out,40.14951741090181,LinearRegression,GSA
str_m2_o21_o23_f0_pcu.sym.85.out,38.58508243603737,LinearRegression,GSA
str_m2_o23_o25_f0_pcu.sym.240.out,39.5935161306364,LinearRegression,GSA
str_m3_o21_o23_f0_pcu.sym.74.out,38.983004920933205,LinearRegression,GSA
str_m3_o21_o25_f0_pcu.sym.124.out,38.416101654780235,LinearRegression,GSA
mof_10843,41.09253919017549,LinearRegression,GSA
mof_2200,50.45189407464322,LinearRegression,GSA
mof_5623,42.59701324265836,LinearRegression,GSA
mof_672,51.40581783980447,LinearRegression,GSA
mof_7518,50.473698046418335,LinearRegression,GSA
str_m2_o21_o25_f0_pcu.sym.120.out,38.51421952776825,LinearRegression,GSA
str_m2_o25_o25_f0_nbo.sym.31.out,40.97261734541237,LinearRegression,GSA
str_m3_o3_o3_f0_pcu.sym.20.out,39.92057570726311,LinearRegression,GSA
str_m3_o6_o7_f0_pcu.sym.190.out,38.050885127547076,LinearRegression,GSA
hypotheticalMOF_5048550_i_1_j_25_k_23_m_7,38.02908115577196,LinearRegression,GSA
mof_7506,43.24023041002424,LinearRegression,GSA
mof_9792,49.072792859867256,LinearRegression,GSA
mof_9978,49.10004782458615,LinearRegression,GSA
str_m2_o25_o26_f0_pcu.sym.258.out,38.5523764783747,LinearRegression,GSA
str_m3_o20_o25_f0_pcu.sym.102.out,38.198061937029095,LinearRegression,GSA
mof_1522,40.92900940186214,LinearRegression,GSA
str_m3_o3_o7_f0_nbo.sym.34.out,41.55587359039667,LinearRegression,GSA
mof_13013,42.090070898886964,LinearRegression,GSA
mof_582,42.45528742612012,LinearRegression,GSA
mof_6908,48.4513796642765,LinearRegression,GSA
mof_7409,42.771445016859275,LinearRegression,GSA
mof_7411,45.78039312182503,LinearRegression,GSA
hypotheticalMOF_5044258_i_1_j_23_k_23_m_0,41.523167632734,LinearRegression,GSA
mof_2336,52.076289971889224,LinearRegression,GSA
mof_5047,48.909263071553895,LinearRegression,GSA
mof_7240,46.09655071256418,LinearRegression,GSA
str_m2_o25_o26_f0_pcu.sym.48.out,39.57171215886129,LinearRegression,GSA
NASZUC_CSD17,47.21400426603878,LinearRegression,GSA
hypotheticalMOF_5036501_i_1_j_20_k_5_m_12,40.20402734033959,LinearRegression,GSA
mof_11273,39.615320102411516,LinearRegression,GSA
mof_11717,41.64308947749713,LinearRegression,GSA
mof_12734,48.909263071553895,LinearRegression,GSA
mof_13192,44.81011637783244,LinearRegression,GSA
mof_6273,44.259566090510816,LinearRegression,GSA
str_m3_o21_o25_f0_pcu.sym.140.out,38.07268909932219,LinearRegression,GSA
str_m3_o3_o7_f0_nbo.sym.1.out,42.07916891299941,LinearRegression,GSA
hypotheticalMOF_3000131_i_1_j_23_k_23_m_12_cat_1,38.79222016790096,LinearRegression,GSA
mof_11806,46.445414260966004,LinearRegression,GSA
str_m2_o23_o23_f0_pcu.sym.197.out,40.874499472424354,LinearRegression,GSA
str_m2_o23_o23_f0_pcu.sym.207.out,40.978068338356145,LinearRegression,GSA
str_m2_o23_o25_f0_pcu.sym.278.out,38.97210293504565,LinearRegression,GSA
hypotheticalMOF_5068400_i_2_j_23_k_12_m_0,41.17975507727595,LinearRegression,GSA
mof_5083,46.83243475997428,LinearRegression,GSA
str_m2_o25_o29_f0_pcu.sym.66.out,41.577677562171786,LinearRegression,GSA
str_m3_o23_o25_f0_pcu.sym.121.out,39.62622208829907,LinearRegression,GSA
str_m3_o6_o25_f0_pcu.sym.54.out,40.22038031917093,LinearRegression,GSA
str_m3_o7_o7_f0_nbo.sym.10.out,38.13810101464753,LinearRegression,GSA
SUWZUF_CSD17,46.95235660473741,LinearRegression,GSA
mof_10912,41.18520607021973,LinearRegression,GSA
mof_2294,49.110949810473706,LinearRegression,GSA
mof_6645,45.24074482039096,LinearRegression,GSA
str_m2_o23_o23_f0_pcu.sym.187.out,40.798185571211455,LinearRegression,GSA
str_m2_o6_o25_f0_pcu.sym.59.out,40.54743989579764,LinearRegression,GSA
str_m3_o23_o23_f0_pcu.sym.91.out,40.901754437143246,LinearRegression,GSA
str_m3_o23_o25_f0_pcu.sym.116.out,39.26645655400969,LinearRegression,GSA
hypotheticalMOF_3000129_i_1_j_23_k_23_m_12_cat_1,38.45970959833046,LinearRegression,GSA
hypotheticalMOF_5067940_i_2_j_23_k_5_m_4,38.36159172534245,LinearRegression,GSA
mof_11522,44.51031176592463,LinearRegression,GSA
mof_13435,39.162887688077895,LinearRegression,GSA
mof_5189,43.63815289492007,LinearRegression,GSA
mof_7327,51.8037403247003,LinearRegression,GSA
mof_7769,43.469172113662935,LinearRegression,GSA
str_m1_o25_o25_f0_pcu.sym.20.out,40.35665514276539,LinearRegression,GSA
str_m2_o23_o23_f0_pcu.sym.72.out,40.80908755709901,LinearRegression,GSA
str_m3_o6_o29_f0_pcu.sym.212.out,38.54692548543092,LinearRegression,GSA
MOF-5_cooh_2_1589_1_basic_opt,41.119794154894386,LinearRegression,GSA
mof_10965,45.18623489095317,LinearRegression,GSA
mof_1287,40.61285181112298,LinearRegression,GSA
mof_6146,52.59958529449196,LinearRegression,GSA
mof_9977,43.016739699329314,LinearRegression,GSA
str_m2_o23_o25_f0_pcu.sym.13.out,39.73524194717464,LinearRegression,GSA
hypotheticalMOF_5048788_i_1_j_25_k_25_m_14,38.8576320832263,LinearRegression,GSA
mof_4562,51.400366846860685,LinearRegression,GSA
mof_5070,41.31057890792663,LinearRegression,GSA
mof_7410,43.976114457434335,LinearRegression,GSA
str_m2_o23_o23_f0_pcu.sym.19.out,38.92849499149542,LinearRegression,GSA
str_m3_o29_o29_f0_pcu.sym.186.out,38.64504335841893,LinearRegression,GSA
mof_11677,42.515248348501686,LinearRegression,GSA
mof_9972,42.48799338378279,LinearRegression,GSA
str_m2_o21_o26_f0_pcu.sym.151.out,38.81947513261985,LinearRegression,GSA
str_m2_o23_o26_f0_pcu.sym.155.out,38.48151357010558,LinearRegression,GSA
str_m3_o3_o7_f0_nbo.sym.218.out,41.84477621641693,LinearRegression,GSA
mof_4798,40.6074008181792,LinearRegression,GSA
mof_5034,42.269953666031654,LinearRegression,GSA
str_m2_o29_o29_f0_pcu.sym.2.out,38.31798378179222,LinearRegression,GSA
hypotheticalMOF_5048751_i_1_j_25_k_25_m_9,38.53057250659958,LinearRegression,GSA
mof_1136,40.21492932622715,LinearRegression,GSA
mof_11515,43.87799658444632,LinearRegression,GSA
mof_13397,42.940425798116415,LinearRegression,GSA
mof_5526,43.790780697345866,LinearRegression,GSA
mof_9798,53.0193117511629,LinearRegression,GSA
str_m2_o29_o29_f0_pcu.sym.104.out,38.944847970326755,LinearRegression,GSA
hypotheticalMOF_5047409_i_1_j_25_k_12_m_9,38.672298323137824,LinearRegression,GSA
mof_7851,52.52872238622284,LinearRegression,GSA
mof_9982,49.91224577320915,LinearRegression,GSA
str_m2_o25_o25_f0_pcu.sym.19.out,40.40026308631562,LinearRegression,GSA
mof_7329,53.44448920077763,LinearRegression,GSA
mof_7568,39.04296584331477,LinearRegression,GSA
mof_7845,52.59413430154818,LinearRegression,GSA
str_m2_o25_o25_f0_pcu.sym.208.out,40.65100876172943,LinearRegression,GSA
str_m3_o29_o29_f0_pcu.sym.169.out,38.634141372531374,LinearRegression,GSA
lvt_Syn025484,39.50630024353595,LinearRegression,GSA
hypotheticalMOF_5069225_i_2_j_23_k_23_m_0,41.10344117606305,LinearRegression,GSA
hypotheticalMOF_5073623_i_2_j_25_k_25_m_14,38.42155264772401,LinearRegression,GSA
mof_10018,42.95677877694774,LinearRegression,GSA
mof_10487,39.124730737471445,LinearRegression,GSA
str_m2_o21_o28_f0_pcu.sym.147.out,38.06178711343463,LinearRegression,GSA
str_m2_o27_o27_f0_nbo.sym.16.out,38.82492612556363,LinearRegression,GSA
mof_11287,46.876042703524504,LinearRegression,GSA
mof_2338,53.91327459394259,LinearRegression,GSA
mof_4756,46.49447319746001,LinearRegression,GSA
mof_5080,49.683304069570454,LinearRegression,GSA
mof_7044,50.926130460751956,LinearRegression,GSA
mof_9684,43.57274097959473,LinearRegression,GSA
mof_9936,49.34534250705618,LinearRegression,GSA
str_m3_o3_o6_f0_pcu.sym.123.out,40.411165072203175,LinearRegression,GSA
mof_10024,53.76064679151679,LinearRegression,GSA
mof_10891,41.18520607021973,LinearRegression,GSA
str_m2_o23_o25_f0_pcu.sym.91.out,38.45970959833046,LinearRegression,GSA
str_m2_o25_o25_f0_pcu.sym.59.out,41.00532330307504,LinearRegression,GSA
str_m2_o25_o25_f0_pcu.sym.65.out,40.51473393813497,LinearRegression,GSA
str_m2_o3_o3_f0_nbo.sym.17.out,42.00830600473029,LinearRegression,GSA
hypotheticalMOF_5068396_i_2_j_23_k_12_m_0,41.20155904905106,LinearRegression,GSA
mof_12874,41.9537960752925,LinearRegression,GSA
mof_6342,43.64360388786385,LinearRegression,GSA
mof_763,51.46577876218603,LinearRegression,GSA
mof_8506,43.27293636768691,LinearRegression,GSA
str_m2_o21_o25_f0_pcu.sym.33.out,38.03998314165952,LinearRegression,GSA
str_m2_o3_o3_f0_pcu.sym.89.out,39.38637839877282,LinearRegression,GSA
hypotheticalMOF_5058239_i_1_j_29_k_25_m_7,39.157436695134116,LinearRegression,GSA
mof_5085,47.65553469448484,LinearRegression,GSA
mof_6194,51.44397479041091,LinearRegression,GSA
mof_7373,50.47914903936211,LinearRegression,GSA
mof_8201,39.92602670020689,LinearRegression,GSA
str_m3_o23_o23_f0_pcu.sym.1.out,41.03802926073771,LinearRegression,GSA
str_m3_o23_o25_f0_pcu.sym.255.out,38.525121513655805,LinearRegression,GSA
hypotheticalMOF_5048351_i_1_j_25_k_21_m_4,40.22038031917093,LinearRegression,GSA
mof_585,52.11989791543945,LinearRegression,GSA
mof_7093,45.502392481692326,LinearRegression,GSA
mof_7853,53.29731239129561,LinearRegression,GSA
str_m2_o29_o29_f0_pcu.sym.63.out,38.22531690174799,LinearRegression,GSA
hypotheticalMOF_5048718_i_1_j_25_k_25_m_4,38.92304399855164,LinearRegression,GSA
hypotheticalMOF_5075374_i_2_j_26_k_23_m_0,40.803636564155234,LinearRegression,GSA
mof_11346,38.99390690682076,LinearRegression,GSA
mof_5190,40.869048479480576,LinearRegression,GSA
mof_7149,51.672916494049616,LinearRegression,GSA
mof_7378,51.90730919063209,LinearRegression,GSA
str_m2_o25_o27_f0_pcu.sym.50.out,38.14355200759131,LinearRegression,GSA
str_m2_o3_o7_f0_pcu.sym.145.out,39.41363336349171,LinearRegression,GSA
str_m3_o2_o5_f0_nbo.sym.77.out,39.544457194142396,LinearRegression,GSA
str_m3_o6_o25_f0_pcu.sym.62.out,38.268924845298216,LinearRegression,GSA
str_m3_o25_o29_f0_nbo.sym.8.out,38.7813181820134,LinearRegression,GSA
mof_11871,38.28527782412955,LinearRegression,GSA
mof_4221,43.37105424067492,LinearRegression,GSA
mof_8079,40.25853726977738,LinearRegression,GSA
str_m2_o23_o25_f0_pcu.sym.11.out,39.435437335266826,LinearRegression,GSA
str_m2_o25_o28_f0_pcu.sym.5.out,38.089042078153525,LinearRegression,GSA
hypotheticalMOF_5072309_i_2_j_25_k_12_m_7,38.323434774736,LinearRegression,GSA
mof_4174,42.662425157983705,LinearRegression,GSA
mof_11034,45.796746100656364,LinearRegression,GSA
mof_7847,50.833463580707715,LinearRegression,GSA
mof_8128,41.78481529403537,LinearRegression,GSA
str_m3_o23_o25_f0_pcu.sym.42.out,39.80610485544376,LinearRegression,GSA
str_m3_o23_o26_f0_pcu.sym.109.out,39.20649563162813,LinearRegression,GSA
mof_5044,45.251646806278515,LinearRegression,GSA
mof_5622,45.862158015981706,LinearRegression,GSA
mof_581,46.78882681642405,LinearRegression,GSA
str_m1_o25_o25_f0_pcu.sym.31.out,39.135632723359,LinearRegression,GSA
hypotheticalMOF_3000356_i_1_j_24_k_24_m_12_cat_1,38.24166988057932,LinearRegression,GSA
hypotheticalMOF_5047397_i_1_j_25_k_12_m_7,39.086573786864996,LinearRegression,GSA
mof_480,44.297723041117266,LinearRegression,GSA
mof_5076,47.01776852006275,LinearRegression,GSA
mof_6191,50.32107024399254,LinearRegression,GSA
mof_6236,44.902783257876685,LinearRegression,GSA
mof_7415,44.374036942330164,LinearRegression,GSA
mof_7854,50.27746230044231,LinearRegression,GSA
str_m2_o25_o26_f0_pcu.sym.184.out,38.96120094915809,LinearRegression,GSA
str_m3_o20_o25_f0_pcu.sym.80.out,39.10837775864011,LinearRegression,GSA
str_m3_o3_o6_f0_nbo.sym.2.out,39.435437335266826,LinearRegression,GSA
mof_6099,43.082151614654656,LinearRegression,GSA
mof_8401,40.443871029865846,LinearRegression,GSA
mof_9801,52.70315416042375,LinearRegression,GSA
str_m2_o21_o25_f0_pcu.sym.58.out,38.25802285941066,LinearRegression,GSA
mof_1291,45.976628867801054,LinearRegression,GSA
mof_5480,51.50393571279248,LinearRegression,GSA
mof_9941,53.18829253242004,LinearRegression,GSA
str_m2_o3_o27_f0_nbo.sym.2.out,41.97014905412384,LinearRegression,GSA
str_m3_o7_o28_f0_nbo.sym.24.out,38.563278464262254,LinearRegression,GSA
hypotheticalMOF_3001149_i_2_j_23_k_23_m_6_cat_1,38.628690379587596,LinearRegression,GSA
mof_11765,41.544971604509115,LinearRegression,GSA
mof_13302,39.549908187086174,LinearRegression,GSA
mof_7326,55.684847300670604,LinearRegression,GSA
mof_7375,49.90134378732159,LinearRegression,GSA
hypotheticalMOF_5073211_i_2_j_25_k_21_m_4,38.159904986422646,LinearRegression,GSA
str_m2_o17_o19_f0_nbo.sym.2.out,40.263988262721156,LinearRegression,GSA
mof_10775,39.78975187661243,LinearRegression,GSA
str_m2_o25_o25_f0_pcu.sym.49.out,39.261005561065915,LinearRegression,GSA
str_m2_o6_o23_f0_pcu.sym.243.out,39.21194662457191,LinearRegression,GSA
str_m3_o3_o7_f0_nbo.sym.10.out,38.868534069113856,LinearRegression,GSA
mof_9751,53.94052955866148,LinearRegression,GSA
str_m2_o25_o25_f0_pcu.sym.101.out,40.68916571233588,LinearRegression,GSA
str_m2_o25_o26_f0_pcu.sym.33.out,38.51421952776825,LinearRegression,GSA
str_m3_o23_o25_f0_pcu.sym.213.out,40.56379287462897,LinearRegression,GSA
mof_6691,42.58066026382703,LinearRegression,GSA
str_m2_o23_o25_f0_pcu.sym.212.out,38.694102294912945,LinearRegression,GSA
str_m3_o29_o29_f0_pcu.sym.177.out,38.983004920933205,LinearRegression,GSA
hypotheticalMOF_3000135_i_1_j_23_k_23_m_12_cat_1,38.944847970326755,LinearRegression,GSA
hypotheticalMOF_5047395_i_1_j_25_k_12_m_7,38.11629704287242,LinearRegression,GSA
mof_9935,51.51483769868004,LinearRegression,GSA
str_m3_o23_o25_f0_pcu.sym.181.out,39.88786974960044,LinearRegression,GSA
mof_13057,43.96521247154678,LinearRegression,GSA
mof_9754,53.111978631207144,LinearRegression,GSA
str_m2_o21_o28_f0_pcu.sym.1.out,38.17625796525398,LinearRegression,GSA
str_m3_o25_o25_f0_nbo.sym.216.out,39.697084996568194,LinearRegression,GSA
hypotheticalMOF_5044158_i_1_j_23_k_21_m_5,38.40519966889268,LinearRegression,GSA
mof_13059,46.003883832519946,LinearRegression,GSA
mof_4692,43.64360388786385,LinearRegression,GSA
mof_717,44.28137006228593,LinearRegression,GSA
mof_7515,42.72238608036527,LinearRegression,GSA
str_m1_o25_o25_f0_pcu.sym.33.out,39.86061478488155,LinearRegression,GSA
str_m3_o20_o25_f0_pcu.sym.98.out,39.88786974960044,LinearRegression,GSA
str_m3_o6_o25_f0_pcu.sym.167.out,41.11434316195061,LinearRegression,GSA
mof_10913,40.084105495576466,LinearRegression,GSA
mof_11289,49.13275378224882,LinearRegression,GSA
mof_8138,44.56482169536241,LinearRegression,GSA
str_m3_o27_o27_f0_nbo.sym.4.out,41.13614713372572,LinearRegression,GSA
hypotheticalMOF_5047378_i_1_j_25_k_12_m_4,38.634141372531374,LinearRegression,GSA
mof_10671,41.365088837364425,LinearRegression,GSA
mof_4845,49.0618908739797,LinearRegression,GSA
mof_591,54.22943218468174,LinearRegression,GSA
mof_6803,47.34482809668946,LinearRegression,GSA
str_m2_o6_o7_f0_nbo.sym.27.out,44.13419325280391,LinearRegression,GSA
str_m3_o25_o28_f0_pcu.sym.75.out,38.6777493160816,LinearRegression,GSA
mof_10774,41.054382239569044,LinearRegression,GSA
mof_5037,40.198576347395814,LinearRegression,GSA
str_m3_o21_o26_f0_pcu.sym.30.out,39.21739761751569,LinearRegression,GSA
mof_765,44.265017083454595,LinearRegression,GSA
mof_4794,42.16638480009986,LinearRegression,GSA
mof_7048,49.84683385788381,LinearRegression,GSA
str_m3_o3_o7_f0_nbo.sym.22.out,42.57520927088325,LinearRegression,GSA
mof_11525,48.3750657630636,LinearRegression,GSA
mof_5334,43.16391650881134,LinearRegression,GSA
str_m2_o23_o23_f0_pcu.sym.147.out,39.35367244111015,LinearRegression,GSA
str_m2_o25_o25_f0_pcu.sym.93.out,41.56132458334045,LinearRegression,GSA
str_m2_o29_o29_f0_pcu.sym.205.out,38.51421952776825,LinearRegression,GSA
mof_11199,41.653991463384685,LinearRegression,GSA
mof_5574,43.06034764287954,LinearRegression,GSA
mof_6283,52.114446922495674,LinearRegression,GSA
mof_8303,38.60688640781248,LinearRegression,GSA
str_m1_o27_o27_f0_pcu.sym.3.out,39.11382875158389,LinearRegression,GSA
str_m2_o25_o25_f0_pcu.sym.168.out,40.22038031917093,LinearRegression,GSA
str_m3_o7_o17_f0_nbo.sym.161.out,40.00779159436357,LinearRegression,GSA
mof_11345,42.60791522854592,LinearRegression,GSA
mof_11678,44.870077300214014,LinearRegression,GSA
mof_13164,38.64504335841893,LinearRegression,GSA
mof_4661,40.830891528874126,LinearRegression,GSA
mof_7772,51.35675890331046,LinearRegression,GSA
str_m3_o23_o23_f0_pcu.sym.68.out,38.486964563049355,LinearRegression,GSA
hypotheticalMOF_5032911_i_0_j_29_k_25_m_12,38.53602349954336,LinearRegression,GSA
hypotheticalMOF_5047375_i_1_j_25_k_12_m_4,39.10837775864011,LinearRegression,GSA
mof_10021,46.71251291521115,LinearRegression,GSA
mof_5289,50.63177684178791,LinearRegression,GSA
mof_6600,43.899800556221436,LinearRegression,GSA
mof_8410,43.92160452799655,LinearRegression,GSA
str_m2_o23_o25_f0_pcu.sym.164.out,40.71096968411099,LinearRegression,GSA
mof_6148,51.92366216946343,LinearRegression,GSA
mof_7856,52.29978068258414,LinearRegression,GSA
mof_8352,38.71045527374428,LinearRegression,GSA
str_m2_o6_o25_f0_pcu.sym.245.out,39.053867829202325,LinearRegression,GSA
str_m3_o23_o25_f0_pcu.sym.208.out,38.36704271828623,LinearRegression,GSA
str_m2_o25_o26_f0_pcu.sym.205.out,41.32693188675797,LinearRegression,GSA
hypotheticalMOF_5048792_i_1_j_25_k_25_m_14,38.11084604992864,LinearRegression,GSA
hypotheticalMOF_5073562_i_2_j_25_k_25_m_4,38.91759300560786,LinearRegression,GSA
mof_11038,44.49940978003707,LinearRegression,GSA
mof_590,52.49601642856017,LinearRegression,GSA
str_m2_o7_o29_f0_nbo.sym.1.out,41.79026628697915,LinearRegression,GSA
str_m3_o23_o23_f0_pcu.sym.9.out,38.75406321729451,LinearRegression,GSA
str_m3_o25_o25_f0_pcu.sym.60.out,42.20454175070631,LinearRegression,GSA
mof_6282,55.188806942786755,LinearRegression,GSA
mof_6529,51.84189727530675,LinearRegression,GSA
str_m2_o3_o20_f0_nbo.sym.4.out,38.86308307617008,LinearRegression,GSA
mof_11198,47.03412149889409,LinearRegression,GSA
mof_1140,40.1767723756207,LinearRegression,GSA
mof_13201,44.06878133747857,LinearRegression,GSA
mof_377,39.588065137692624,LinearRegression,GSA
mof_4941,43.409211191281365,LinearRegression,GSA
mof_587,48.88745909977878,LinearRegression,GSA
mof_764,46.88694468941206,LinearRegression,GSA
mof_9981,43.44191714894404,LinearRegression,GSA
str_m2_o23_o25_f0_pcu.sym.84.out,38.841279104394964,LinearRegression,GSA
str_m2_o25_o26_f0_pcu.sym.157.out,39.35367244111015,LinearRegression,GSA
str_m2_o3_o28_f0_nbo.sym.2.out,41.266970964376405,LinearRegression,GSA
mof_11529,47.42114199790236,LinearRegression,GSA
mof_5240,51.73832840937496,LinearRegression,GSA
mof_7421,48.48953661488295,LinearRegression,GSA
str_m1_o3_o19_f0_pcu.sym.29.out,40.06775251674513,LinearRegression,GSA
hypotheticalMOF_5073104_i_2_j_25_k_20_m_10,38.454258605386684,LinearRegression,GSA
mof_5573,45.30070574277252,LinearRegression,GSA
str_m2_o23_o23_f0_pcu.sym.211.out,38.31253278884844,LinearRegression,GSA
str_m3_o6_o23_f0_pcu.sym.62.out,39.27190754695347,LinearRegression,GSA
mof_10444,45.42062758753565,LinearRegression,GSA
mof_10673,40.25853726977738,LinearRegression,GSA
mof_6694,41.09799018311927,LinearRegression,GSA
mof_8170,38.71045527374428,LinearRegression,GSA
str_m3_o7_o27_f0_nbo.sym.13.out,38.7050042808005,LinearRegression,GSA
mof_9940,50.9642874113584,LinearRegression,GSA
str_m3_o23_o25_f0_pcu.sym.103.out,39.299162511672364,LinearRegression,GSA
mof_10536,42.00285501178651,LinearRegression,GSA
mof_1950,45.13717595445916,LinearRegression,GSA
str_m3_o23_o23_f0_pcu.sym.57.out,38.35068973945489,LinearRegression,GSA
str_m3_o6_o25_f0_pcu.sym.128.out,39.11927974452767,LinearRegression,GSA
mof_11775,39.021161871539654,LinearRegression,GSA
mof_11584,44.93003822259558,LinearRegression,GSA
mof_1767,49.65604910485156,LinearRegression,GSA
mof_6599,42.85866090395973,LinearRegression,GSA
mof_9839,44.940940208483134,LinearRegression,GSA
str_m2_o6_o23_f0_pcu.sym.238.out,39.697084996568194,LinearRegression,GSA
str_m3_o6_o26_f0_pcu.sym.13.out,38.79222016790096,LinearRegression,GSA
mof_10026,50.87162053131417,LinearRegression,GSA
mof_11795,38.18715995114154,LinearRegression,GSA
mof_334,38.99390690682076,LinearRegression,GSA
mof_6102,41.653991463384685,LinearRegression,GSA
mof_6602,44.49940978003707,LinearRegression,GSA
mof_9880,45.34976467926653,LinearRegression,GSA
mof_392,41.38144181619576,LinearRegression,GSA
mof_523,46.60349305633558,LinearRegression,GSA
str_m3_o29_o29_f0_pcu.sym.220.out,38.868534069113856,LinearRegression,GSA
hypotheticalMOF_5053535_i_1_j_27_k_25_m_7,38.13265002170375,LinearRegression,GSA
mof_9840,50.800757623045044,LinearRegression,GSA
str_m3_o25_o25_f0_nbo.sym.8.out,39.60441811652396,LinearRegression,GSA
str_m3_o7_o29_f0_nbo.sym.17.out,42.34626756724455,LinearRegression,GSA
mof_11870,42.43348345434501,LinearRegression,GSA
mof_12877,46.55988511278535,LinearRegression,GSA
mof_13196,38.97210293504565,LinearRegression,GSA
mof_2250,46.717963908154935,LinearRegression,GSA
mof_6554,40.60194982523542,LinearRegression,GSA
str_m2_o25_o26_f0_pcu.sym.86.out,38.44335661949913,LinearRegression,GSA
hypotheticalMOF_5048255_i_1_j_25_k_20_m_13,38.47061158421802,LinearRegression,GSA
mof_1139,42.65697416503993,LinearRegression,GSA
mof_7422,49.43800938710042,LinearRegression,GSA
mof_10031,51.215033086772216,LinearRegression,GSA
mof_1949,46.930552632962296,LinearRegression,GSA
mof_7001,48.544046544320736,LinearRegression,GSA
mof_1404,38.08359108520975,LinearRegression,GSA
mof_1407,44.69019453306932,LinearRegression,GSA
str_m3_o3_o21_f0_pcu.sym.90.out,38.10539505698486,LinearRegression,GSA
str_m3_o3_o28_f0_nbo.sym.2.out,39.93147769315067,LinearRegression,GSA
mof_2203,46.968709583568746,LinearRegression,GSA
mof_7094,43.082151614654656,LinearRegression,GSA
hypotheticalMOF_5043823_i_1_j_23_k_19_m_0,39.09747577275255,LinearRegression,GSA
mof_11348,48.941969029216565,LinearRegression,GSA
mof_4904,48.827498177397224,LinearRegression,GSA
str_m3_o25_o27_f0_pcu.sym.126.out,39.27190754695347,LinearRegression,GSA
mof_13055,41.89928614585472,LinearRegression,GSA
mof_2064,46.69615993637982,LinearRegression,GSA
mof_2204,43.431015163056486,LinearRegression,GSA
mof_524,43.24023041002424,LinearRegression,GSA
str_m2_o21_o23_f0_pcu.sym.32.out,38.06723810637841,LinearRegression,GSA
mof_631,55.826573117208845,LinearRegression,GSA
mof_6605,44.30862502700482,LinearRegression,GSA
mof_6648,43.0712496287671,LinearRegression,GSA
mof_7575,39.615320102411516,LinearRegression,GSA
str_m2_o1_o27_f0_nbo.sym.38.out,38.17625796525398,LinearRegression,GSA
str_m3_o25_o27_f0_pcu.sym.48.out,40.51473393813497,LinearRegression,GSA
hypotheticalMOF_3001210_i_2_j_23_k_23_m_12_cat_1,38.91759300560786,LinearRegression,GSA
mof_10902,43.327446297124695,LinearRegression,GSA
mof_13395,38.79222016790096,LinearRegression,GSA
mof_1406,43.654505873751404,LinearRegression,GSA
mof_445,47.09408242127565,LinearRegression,GSA
mof_4660,43.41466218422515,LinearRegression,GSA
mof_632,47.00141554123142,LinearRegression,GSA
mof_9845,51.17142514322199,LinearRegression,GSA
str_m3_o3_o28_f0_nbo.sym.197.out,41.94834508234872,LinearRegression,GSA
WEJXOY_CSD17,40.269439255664935,LinearRegression,GSA
hypotheticalMOF_3001145_i_2_j_23_k_23_m_6_cat_1,38.797671160844736,LinearRegression,GSA
mof_4706,40.89085245125569,LinearRegression,GSA
mof_6284,47.4374949767337,LinearRegression,GSA
mof_7420,49.51432328831332,LinearRegression,GSA
mof_9844,53.008409765275346,LinearRegression,GSA
str_m2_o23_o25_f0_pcu.sym.217.out,38.307081795904665,LinearRegression,GSA
mof_12638,47.74820157452908,LinearRegression,GSA
mof_13459,40.88540145831191,LinearRegression,GSA
mof_6650,43.540035021932056,LinearRegression,GSA
str_m2_o21_o25_f0_pcu.sym.213.out,38.28527782412955,LinearRegression,GSA
str_m3_o3_o3_f0_nbo.sym.31.out,40.84724450770546,LinearRegression,GSA
hypotheticalMOF_5072315_i_2_j_25_k_12_m_7,38.80857314673229,LinearRegression,GSA
mof_10066,45.289803756884965,LinearRegression,GSA
mof_7243,50.23930534983586,LinearRegression,GSA
mof_1298,40.8635974865368,LinearRegression,GSA
mof_1533,47.45384795556503,LinearRegression,GSA
mof_7004,49.857735843771366,LinearRegression,GSA
str_m2_o25_o26_f0_pcu.sym.122.out,40.88540145831191,LinearRegression,GSA
str_m3_o23_o25_f0_pcu.sym.207.out,38.28527782412955,LinearRegression,GSA
mof_10032,54.071353389312165,LinearRegression,GSA
mof_11684,51.22593507265977,LinearRegression,GSA
mof_12920,42.4607384190639,LinearRegression,GSA
mof_10779,45.76404014299369,LinearRegression,GSA
mof_6604,50.57181591940635,LinearRegression,GSA
mof_7771,49.30718555644974,LinearRegression,GSA
mof_11804,40.61285181112298,LinearRegression,GSA
mof_7527,45.7367851782748,LinearRegression,GSA
str_m3_o29_o29_f0_pcu.sym.4.out,38.018179169884405,LinearRegression,GSA
str_m3_o3_o21_f0_pcu.sym.98.out,39.50084925059217,LinearRegression,GSA
hypotheticalMOF_3001434_i_2_j_24_k_24_m_12_cat_1,38.11084604992864,LinearRegression,GSA
mof_11815,45.42062758753565,LinearRegression,GSA
str_m3_o3_o29_f0_nbo.sym.2.out,40.20947833328337,LinearRegression,GSA
mof_1296,41.801168272866704,LinearRegression,GSA
mof_7376,45.92756993130705,LinearRegression,GSA
str_m2_o23_o25_f0_pcu.sym.122.out,39.7461439330622,LinearRegression,GSA
str_m3_o20_o25_f0_pcu.sym.21.out,39.07567180097744,LinearRegression,GSA
str_m3_o6_o19_f0_nbo.sym.83.out,42.3081106166381,LinearRegression,GSA
hypotheticalMOF_5048735_i_1_j_25_k_25_m_7,39.658928045961744,LinearRegression,GSA
mof_10538,45.006352123808476,LinearRegression,GSA
mof_13162,43.436466156000265,LinearRegression,GSA
mof_5625,53.286410405408056,LinearRegression,GSA
str_m2_o23_o23_f0_pcu.sym.31.out,38.841279104394964,LinearRegression,GSA
str_m3_o3_o29_f0_nbo.sym.29.out,38.121748035816196,LinearRegression,GSA
mof_450,48.53859555137696,LinearRegression,GSA
mof_626,44.48850779414951,LinearRegression,GSA
mof_7334,52.719507139255086,LinearRegression,GSA
str_m2_o25_o29_f0_pcu.sym.165.out,40.018693580251124,LinearRegression,GSA
mof_10036,53.34092033484585,LinearRegression,GSA
str_m2_o25_o26_f0_pcu.sym.175.out,38.81402413967607,LinearRegression,GSA
mof_11680,44.64658658951909,LinearRegression,GSA
mof_12439,38.99390690682076,LinearRegression,GSA
mof_2698,38.29072881707333,LinearRegression,GSA
mof_6101,45.26254879216607,LinearRegression,GSA
mof_720,51.37856287508557,LinearRegression,GSA
str_m3_o3_o20_f0_pcu.sym.46.out,38.666847330194045,LinearRegression,GSA
mof_391,42.67332714387126,LinearRegression,GSA
mof_7819,48.98012597982302,LinearRegression,GSA
str_m3_o35_o35_f0_pts.sym.198.out,38.39429768300512,LinearRegression,GSA
mof_13458,43.70356481024541,LinearRegression,GSA
mof_5383,42.74419005214038,LinearRegression,GSA
mof_627,46.330943409146656,LinearRegression,GSA
mof_9847,50.866169538370386,LinearRegression,GSA
str_m3_o3_o29_f0_nbo.sym.28.out,39.99143861553223,LinearRegression,GSA
hypotheticalMOF_5048166_i_1_j_25_k_20_m_6,40.667361740560764,LinearRegression,GSA
mof_5192,46.974160576512524,LinearRegression,GSA
mof_9849,53.36817529956473,LinearRegression,GSA
str_m2_o6_o23_f0_pcu.sym.256.out,38.38884669006134,LinearRegression,GSA
mof_11588,48.66396838908387,LinearRegression,GSA
mof_2340,52.19076082370857,LinearRegression,GSA
mof_674,46.06929574784529,LinearRegression,GSA
mof_897,42.31901260252566,LinearRegression,GSA
mof_1142,45.796746100656364,LinearRegression,GSA
mof_1953,47.00141554123142,LinearRegression,GSA
str_m3_o29_o29_f0_pcu.sym.191.out,39.50084925059217,LinearRegression,GSA
mof_11443,50.364678187542765,LinearRegression,GSA
mof_389,39.45179031409816,LinearRegression,GSA
mof_4231,50.5336589687999,LinearRegression,GSA
mof_4903,49.90134378732159,LinearRegression,GSA
mof_6100,47.192200294263664,LinearRegression,GSA
mof_6558,44.368585949386386,LinearRegression,GSA
mof_6560,41.686697421047356,LinearRegression,GSA
mof_718,51.15507216439065,LinearRegression,GSA
mof_7526,50.95883641841463,LinearRegression,GSA
mof_9885,43.75262374673942,LinearRegression,GSA
str_m2_o23_o25_f0_pcu.sym.180.out,38.13810101464753,LinearRegression,GSA
str_m3_o25_o25_f0_pcu.sym.77.out,39.32096648344748,LinearRegression,GSA
str_m3_o3_o29_f0_nbo.sym.116.out,39.21739761751569,LinearRegression,GSA
mof_6958,48.74573328324054,LinearRegression,GSA
mof_7383,46.07474674078907,LinearRegression,GSA
mof_9991,47.81361348985442,LinearRegression,GSA
hypotheticalMOF_5042973_i_1_j_23_k_5_m_12,38.11084604992864,LinearRegression,GSA
mof_11633,38.99935789976454,LinearRegression,GSA
str_m2_o6_o25_f0_pcu.sym.157.out,38.86308307617008,LinearRegression,GSA
str_m3_o3_o5_f0_nbo.sym.2.out,40.49838095930363,LinearRegression,GSA
mof_1955,52.577781322716845,LinearRegression,GSA
mof_487,49.432558394156636,LinearRegression,GSA
mof_6657,45.31705872160386,LinearRegression,GSA
mof_6865,52.147152880158345,LinearRegression,GSA
mof_7097,46.89239568235585,LinearRegression,GSA
str_m2_o3_o29_f0_nbo.sym.23.out,40.1004584744078,LinearRegression,GSA
str_m3_o25_o25_f0_pcu.sym.208.out,38.71590626668806,LinearRegression,GSA
mof_6196,50.544560954687455,LinearRegression,GSA
mof_2299,44.27046807639837,LinearRegression,GSA
mof_6910,47.35027908963325,LinearRegression,GSA
mof_7292,53.11742962415092,LinearRegression,GSA
str_m2_o3_o3_f0_nbo.sym.2.out,44.194154175185474,LinearRegression,GSA
str_m3_o3_o29_f0_nbo.sym.1.out,41.24516699260129,LinearRegression,GSA
hypotheticalMOF_5073584_i_2_j_25_k_25_m_7,39.228299603403244,LinearRegression,GSA
mof_13166,49.16000874696771,LinearRegression,GSA
mof_13209,40.38391010748428,LinearRegression,GSA
mof_13357,39.57716315180507,LinearRegression,GSA
mof_2342,51.253190037378666,LinearRegression,GSA
str_m3_o20_o25_f0_pcu.sym.68.out,38.39429768300512,LinearRegression,GSA
str_m3_o21_o25_f0_pcu.sym.104.out,38.14355200759131,LinearRegression,GSA
mof_13021,47.083180435388094,LinearRegression,GSA
mof_9993,45.09901900385272,LinearRegression,GSA
str_m3_o27_o27_f0_nbo.sym.94.out,40.07865450263269,LinearRegression,GSA
mof_11808,45.535098439355,LinearRegression,GSA
mof_2016,49.72691201312068,LinearRegression,GSA
mof_2158,47.753652567472855,LinearRegression,GSA
mof_7578,38.88488704794519,LinearRegression,GSA
mof_768,51.23138606560355,LinearRegression,GSA
mof_8323,45.464235531085876,LinearRegression,GSA
mof_12775,39.02661286448343,LinearRegression,GSA
mof_2157,53.25915544068916,LinearRegression,GSA
mof_9886,55.01437516858584,LinearRegression,GSA
str_m3_o3_o7_f0_nbo.sym.5.out,39.73524194717464,LinearRegression,GSA
mof_10490,44.73925346956333,LinearRegression,GSA
mof_1952,48.23333994652536,LinearRegression,GSA
mof_636,48.52224257254562,LinearRegression,GSA
mof_6696,42.1827377789312,LinearRegression,GSA
str_m3_o23_o25_f0_pcu.sym.25.out,38.841279104394964,LinearRegression,GSA
hypotheticalMOF_3001212_i_2_j_23_k_23_m_12_cat_1,38.950298963270534,LinearRegression,GSA
mof_10627,43.049445656991985,LinearRegression,GSA
mof_11720,38.595984421924925,LinearRegression,GSA
str_m3_o23_o25_f0_pcu.sym.37.out,38.30163080296089,LinearRegression,GSA
str_m3_o3_o29_f0_nbo.sym.16.out,38.28527782412955,LinearRegression,GSA
str_m2_o25_o26_f0_pcu.sym.55.out,38.36159172534245,LinearRegression,GSA
str_m2_o25_o27_f0_pcu.sym.63.out,38.43790562655535,LinearRegression,GSA
str_m3_o3_o3_f0_nbo.sym.14.out,38.50876853482447,LinearRegression,GSA
str_m3_o3_o7_f0_nbo.sym.42.out,41.724854371653805,LinearRegression,GSA
hypotheticalMOF_5072293_i_2_j_25_k_12_m_4,38.230767894691766,LinearRegression,GSA
mof_5337,48.7075763326341,LinearRegression,GSA
mof_6611,50.435541095811885,LinearRegression,GSA
mof_7099,46.009334825463725,LinearRegression,GSA
mof_7101,43.06579863582333,LinearRegression,GSA
mof_9806,50.359227194598986,LinearRegression,GSA
mof_1959,48.16792803120002,LinearRegression,GSA
mof_6608,46.55443411984158,LinearRegression,GSA
mof_9753,44.21595814696059,LinearRegression,GSA
mof_9939,44.155997224579025,LinearRegression,GSA
mof_484,43.98701644332189,LinearRegression,GSA
mof_2343,53.22644948302649,LinearRegression,GSA
mof_7464,52.37064359085326,LinearRegression,GSA
mof_8177,39.91512471431933,LinearRegression,GSA
str_m2_o21_o23_f0_pcu.sym.69.out,39.25010357517836,LinearRegression,GSA
str_m3_o3_o29_f0_nbo.sym.170.out,38.323434774736,LinearRegression,GSA
hypotheticalMOF_5048363_i_1_j_25_k_21_m_5,38.835828111451185,LinearRegression,GSA
mof_1088,39.11382875158389,LinearRegression,GSA
mof_13165,46.767022844648935,LinearRegression,GSA
mof_336,44.10148729514124,LinearRegression,GSA
str_m2_o7_o25_f0_pcu.sym.165.out,41.62673649866579,LinearRegression,GSA
str_m3_o25_o25_f0_pcu.sym.147.out,39.11382875158389,LinearRegression,GSA
mof_10073,47.06682745655676,LinearRegression,GSA
mof_10868,41.14704911961328,LinearRegression,GSA
mof_11156,53.09017465943203,LinearRegression,GSA
mof_12437,39.473594285873276,LinearRegression,GSA
mof_9760,45.48058850991721,LinearRegression,GSA
mof_9944,48.21153597475025,LinearRegression,GSA
str_m3_o2_o5_f0_nbo.sym.127.out,38.25802285941066,LinearRegression,GSA
str_m3_o3_o29_f0_nbo.sym.12.out,41.56677557628423,LinearRegression,GSA
cds_A_Syn032059,39.135632723359,LinearRegression,GSA
hypotheticalMOF_5072296_i_2_j_25_k_12_m_4,39.0102598856521,LinearRegression,GSA
mof_11201,43.91615353505277,LinearRegression,GSA
mof_9883,48.82204718445344,LinearRegression,GSA
str_m2_o25_o25_f0_pcu.sym.42.out,39.2392015892908,LinearRegression,GSA
mof_10970,45.55690241113011,LinearRegression,GSA
mof_11059,43.84529062678365,LinearRegression,GSA
mof_11636,46.27643347970887,LinearRegression,GSA
mof_4678,38.03453214871574,LinearRegression,GSA
mof_6200,55.41774864642546,LinearRegression,GSA
mof_9946,45.62231432645545,LinearRegression,GSA
mof_10626,41.82297224464182,LinearRegression,GSA
str_m3_o23_o25_f0_pcu.sym.142.out,38.628690379587596,LinearRegression,GSA
hypotheticalMOF_2758_i_0_j_6_k_5_m_0_cat_1,38.06178711343463,LinearRegression,GSA
mof_6152,57.54363589449908,LinearRegression,GSA
mof_6656,45.218940848615844,LinearRegression,GSA
mof_7382,51.078758263177754,LinearRegression,GSA
mof_10068,46.70161092932359,LinearRegression,GSA
mof_10822,42.48799338378279,LinearRegression,GSA
mof_10823,41.403245787970874,LinearRegression,GSA
mof_13061,42.06281593416807,LinearRegression,GSA
mof_1775,55.107042048630085,LinearRegression,GSA
str_m2_o25_o25_f0_pcu.sym.178.out,41.73575635754136,LinearRegression,GSA
str_m2_o25_o27_f0_pcu.sym.138.out,38.06723810637841,LinearRegression,GSA
str_m2_o27_o29_f0_nbo.sym.165.out,38.18170895819776,LinearRegression,GSA
hypotheticalMOF_5071683_i_2_j_25_k_5_m_11,39.511751236479725,LinearRegression,GSA
mof_10447,46.221923550271086,LinearRegression,GSA
mof_1961,52.56142834388551,LinearRegression,GSA
mof_1962,51.86370124708186,LinearRegression,GSA
mof_5576,48.87110612094745,LinearRegression,GSA
str_m2_o27_o29_f0_nbo.sym.8.out,38.688651301969166,LinearRegression,GSA
hypotheticalMOF_5073578_i_2_j_25_k_25_m_7,38.79222016790096,LinearRegression,GSA
mof_9942,49.29628357056218,LinearRegression,GSA
str_m3_o23_o23_f0_pcu.sym.235.out,38.628690379587596,LinearRegression,GSA
mof_1957,50.77350265832616,LinearRegression,GSA
mof_6290,52.904840899343554,LinearRegression,GSA
mof_2067,55.25966985105588,LinearRegression,GSA
mof_9945,50.724443721832145,LinearRegression,GSA
mof_6697,43.84529062678365,LinearRegression,GSA
str_m3_o25_o25_f0_pcu.sym.102.out,40.09500748146402,LinearRegression,GSA
mof_12779,39.511751236479725,LinearRegression,GSA
mof_4946,39.767947904837314,LinearRegression,GSA
mof_1190,38.410650661836456,LinearRegression,GSA
mof_7291,52.09809394366434,LinearRegression,GSA
mof_2297,50.44644308169944,LinearRegression,GSA
str_m2_o23_o23_f0_pcu.sym.27.out,38.835828111451185,LinearRegression,GSA
mof_8463,47.54651483560927,LinearRegression,GSA
str_m2_o23_o23_f0_pcu.sym.48.out,40.231282305058485,LinearRegression,GSA
mof_335,43.578191972538505,LinearRegression,GSA
str_m3_o23_o23_f0_pcu.sym.119.out,39.942379679038226,LinearRegression,GSA
mof_2252,54.02229445281816,LinearRegression,GSA
mof_8220,50.12483449801651,LinearRegression,GSA
mof_9892,54.30574608589464,LinearRegression,GSA
mof_11777,40.8635974865368,LinearRegression,GSA
mof_6343,54.40386395888265,LinearRegression,GSA
mof_11249,43.1748184946989,LinearRegression,GSA
mof_1664,46.2437275220462,LinearRegression,GSA
mof_728,48.39141874189494,LinearRegression,GSA
hypotheticalMOF_5047380_i_1_j_25_k_12_m_4,39.88786974960044,LinearRegression,GSA
mof_10825,40.46022400869718,LinearRegression,GSA
mof_6151,56.12637772911667,LinearRegression,GSA
str_m3_o25_o25_f0_pcu.sym.37.out,39.15198570219034,LinearRegression,GSA
mof_10078,54.24578516351308,LinearRegression,GSA
hypotheticalMOF_5073582_i_2_j_25_k_25_m_7,38.43790562655535,LinearRegression,GSA
mof_10916,41.49591266801511,LinearRegression,GSA
mof_433,41.910188131742274,LinearRegression,GSA
mof_6702,46.32549241620288,LinearRegression,GSA
str_m3_o21_o25_f0_pcu.sym.216.out,39.35912343405393,LinearRegression,GSA
mof_11872,42.64062118620859,LinearRegression,GSA
mof_486,40.07320350968891,LinearRegression,GSA
mof_7337,49.12730278930504,LinearRegression,GSA
mof_7469,52.99750777938779,LinearRegression,GSA
mof_10080,55.72300425127706,LinearRegression,GSA
mof_10584,43.011288706385535,LinearRegression,GSA
mof_10689,46.41815929624711,LinearRegression,GSA
mof_11816,41.435951745633545,LinearRegression,GSA
mof_1627,50.99699336902107,LinearRegression,GSA
mof_6565,43.58909395842606,LinearRegression,GSA
mof_6660,49.51977428125709,LinearRegression,GSA
hypotheticalMOF_5026099_i_0_j_27_k_25_m_6,38.666847330194045,LinearRegression,GSA
mof_10582,42.57520927088325,LinearRegression,GSA
mof_1863,50.293815279273645,LinearRegression,GSA
mof_7530,43.69266282435785,LinearRegression,GSA
str_m2_o25_o26_f0_pcu.sym.212.out,39.658928045961744,LinearRegression,GSA
str_m3_o23_o25_f0_pcu.sym.61.out,39.53900620119862,LinearRegression,GSA
mof_599,53.30821437718317,LinearRegression,GSA
str_m2_o25_o25_f0_pcu.sym.11.out,39.17924066690924,LinearRegression,GSA
str_m3_o25_o25_f0_pcu.sym.74.out,38.77586718906962,LinearRegression,GSA
hypotheticalMOF_5026166_i_0_j_27_k_25_m_12,38.03998314165952,LinearRegression,GSA
str_m2_o25_o25_f0_pcu.sym.38.out,39.11382875158389,LinearRegression,GSA
mof_12782,49.38895045060641,LinearRegression,GSA
mof_7427,48.77298824795944,LinearRegression,GSA
nbo_A_Syn036800,39.99688960847601,LinearRegression,GSA
str_m3_o25_o25_f0_pcu.sym.15.out,39.898771735488,LinearRegression,GSA
mof_10074,52.59413430154818,LinearRegression,GSA
mof_10585,40.449322022809625,LinearRegression,GSA
mof_9894,55.83202411015263,LinearRegression,GSA
str_m2_o29_o29_f0_pcu.sym.147.out,40.17132138267692,LinearRegression,GSA
str_m2_o6_o25_f0_pcu.sym.96.out,40.09500748146402,LinearRegression,GSA
mof_10081,52.09809394366434,LinearRegression,GSA
mof_10914,42.06826692711185,LinearRegression,GSA
mof_6813,43.8834475773901,LinearRegression,GSA
str_m2_o27_o29_f0_nbo.sym.13.out,38.9339459844392,LinearRegression,GSA
mof_6564,46.48357121157245,LinearRegression,GSA
mof_9853,49.02918491631703,LinearRegression,GSA
hypotheticalMOF_5071693_i_2_j_25_k_5_m_12,38.71045527374428,LinearRegression,GSA
hypotheticalMOF_5073217_i_2_j_25_k_21_m_4,39.03751485037099,LinearRegression,GSA
str_m2_o25_o28_f0_pcu.sym.255.out,39.00480889270832,LinearRegression,GSA
str_m2_o6_o23_f0_pcu.sym.23.out,38.14900300053509,LinearRegression,GSA
str_m3_o25_o26_f0_pcu.sym.127.out,38.094493071097304,LinearRegression,GSA
mof_10675,43.19662246647401,LinearRegression,GSA
mof_1541,43.56183899370717,LinearRegression,GSA
mof_1964,50.52275698291234,LinearRegression,GSA
mof_2115,56.84590879769543,LinearRegression,GSA
mof_10492,46.95780759768119,LinearRegression,GSA
mof_449,41.70850139282247,LinearRegression,GSA
mof_625,48.41867370661383,LinearRegression,GSA
mof_13310,44.515762758868405,LinearRegression,GSA
mof_1966,52.397898555572155,LinearRegression,GSA
mof_6661,47.16494532954478,LinearRegression,GSA
str_m2_o21_o25_f0_pcu.sym.146.out,41.97014905412384,LinearRegression,GSA
str_m3_o25_o25_f0_pcu.sym.232.out,39.942379679038226,LinearRegression,GSA
mof_6568,45.49149049580477,LinearRegression,GSA
mof_6707,46.53263014806646,LinearRegression,GSA
mof_727,56.06096581379133,LinearRegression,GSA
mof_6248,53.06291969471313,LinearRegression,GSA
lvt_Syn019814,38.89578903383275,LinearRegression,GSA
mof_7008,42.64607217915237,LinearRegression,GSA
str_m3_o23_o25_f0_pcu.sym.45.out,38.61778839370004,LinearRegression,GSA
mof_10871,41.653991463384685,LinearRegression,GSA
mof_13212,39.255554568122136,LinearRegression,GSA
str_m3_o25_o25_f0_pcu.sym.58.out,38.688651301969166,LinearRegression,GSA
hypotheticalMOF_5048031_i_1_j_25_k_19_m_10,38.83037711850741,LinearRegression,GSA
mof_10870,42.70603310153393,LinearRegression,GSA
mof_12479,40.765479613548784,LinearRegression,GSA
mof_4854,42.34626756724455,LinearRegression,GSA
mof_6247,52.975703807612675,LinearRegression,GSA
str_m2_o6_o23_f0_pcu.sym.88.out,38.01272817694063,LinearRegression,GSA
mof_10826,45.84580503715037,LinearRegression,GSA
mof_643,55.08523807685497,LinearRegression,GSA
mof_8376,40.1767723756207,LinearRegression,GSA
str_m2_o21_o28_f0_pcu.sym.211.out,38.448807612442906,LinearRegression,GSA
hypotheticalMOF_5048357_i_1_j_25_k_21_m_5,38.666847330194045,LinearRegression,GSA
mof_10084,54.38751098005132,LinearRegression,GSA
mof_12830,41.41414777385843,LinearRegression,GSA
mof_7007,46.61984603516692,LinearRegression,GSA
mof_7528,49.55793123186355,LinearRegression,GSA
mof_5042,38.36704271828623,LinearRegression,GSA
mof_9897,54.44747190243288,LinearRegression,GSA
lvt_Syn024707,38.95574995621431,LinearRegression,GSA
mof_10040,51.460327769242255,LinearRegression,GSA
mof_455,47.115886393050765,LinearRegression,GSA
str_m2_o6_o26_f0_pcu.sym.211.out,39.326417476391256,LinearRegression,GSA
str_m3_o25_o29_f0_pcu.sym.259.out,38.84673009733874,LinearRegression,GSA
str_m3_o6_o25_f0_pcu.sym.201.out,40.089556488520245,LinearRegression,GSA
mof_11819,45.27890177099741,LinearRegression,GSA
mof_2349,57.5654398662742,LinearRegression,GSA
mof_6711,47.4102400120148,LinearRegression,GSA
mof_9855,46.27643347970887,LinearRegression,GSA
str_m2_o25_o25_f0_pcu.sym.124.out,39.92057570726311,LinearRegression,GSA
hypotheticalMOF_5016448_i_0_j_25_k_2_m_0_cat_1,38.094493071097304,LinearRegression,GSA
mof_12442,40.907205430087025,LinearRegression,GSA
mof_2159,52.08719195777678,LinearRegression,GSA
str_m2_o21_o23_f0_pcu.sym.251.out,38.023630162828184,LinearRegression,GSA
mof_530,43.84529062678365,LinearRegression,GSA
mof_6753,48.6040074667023,LinearRegression,GSA
str_m2_o25_o25_f0_pcu.sym.80.out,41.054382239569044,LinearRegression,GSA
hypotheticalMOF_5048716_i_1_j_25_k_25_m_4,39.909673721375555,LinearRegression,GSA
mof_10782,42.00830600473029,LinearRegression,GSA
mof_6708,47.573769800328165,LinearRegression,GSA
mof_7579,45.65502028411812,LinearRegression,GSA
mof_770,46.23282553615864,LinearRegression,GSA
hypotheticalMOF_5069700_i_2_j_24_k_5_m_5,38.236218887635545,LinearRegression,GSA
mof_498,49.45436236593175,LinearRegression,GSA
mof_6747,43.13121055114867,LinearRegression,GSA
mof_7104,41.69759940693491,LinearRegression,GSA
mof_9995,46.83243475997428,LinearRegression,GSA
mof_691,55.8647300678153,LinearRegression,GSA
str_m2_o25_o25_f0_pcu.sym.235.out,38.29617981001711,LinearRegression,GSA
mof_10540,47.80271150396686,LinearRegression,GSA
str_m2_o21_o25_f0_pcu.sym.167.out,38.33433676062356,LinearRegression,GSA
mof_4185,41.83932522347315,LinearRegression,GSA
mof_725,48.718478318521655,LinearRegression,GSA
mof_7385,48.09161412998712,LinearRegression,GSA
mof_774,44.717449497788216,LinearRegression,GSA
str_m2_o25_o26_f0_pcu.sym.242.out,38.54692548543092,LinearRegression,GSA
mof_10873,40.71096968411099,LinearRegression,GSA
mof_9809,46.69615993637982,LinearRegression,GSA
str_m2_o25_o29_f0_pcu.sym.191.out,38.00182619105307,LinearRegression,GSA
str_m2_o6_o25_f0_pcu.sym.210.out,39.64257506713041,LinearRegression,GSA
mof_10411,38.203512929972874,LinearRegression,GSA
mof_12484,40.127713439126694,LinearRegression,GSA
mof_2163,57.44006702856729,LinearRegression,GSA
mof_493,49.29628357056218,LinearRegression,GSA
mof_9763,43.46372112071916,LinearRegression,GSA
str_m3_o21_o25_f0_pcu.sym.115.out,38.797671160844736,LinearRegression,GSA
mof_689,48.05345717938067,LinearRegression,GSA
str_m3_o1_o6_f0_nbo.sym.136.out,38.20896392291665,LinearRegression,GSA
str_m3_o25_o25_f0_pcu.sym.97.out,40.20947833328337,LinearRegression,GSA
mof_10493,43.78532970440209,LinearRegression,GSA
mof_12973,39.85516379193777,LinearRegression,GSA
mof_407,45.37701964398542,LinearRegression,GSA
hypotheticalMOF_5071899_i_2_j_25_k_7_m_4,38.557827471318475,LinearRegression,GSA
mof_10733,43.70356481024541,LinearRegression,GSA
mof_10827,46.25462950793376,LinearRegression,GSA
mof_6709,45.48058850991721,LinearRegression,GSA
mof_7477,50.74624769360726,LinearRegression,GSA
mof_6665,47.8681234192922,LinearRegression,GSA
hypotheticalMOF_5072901_i_2_j_25_k_19_m_10,39.10292676569633,LinearRegression,GSA
mof_1968,50.969738404302184,LinearRegression,GSA
mof_6752,47.48110292028393,LinearRegression,GSA
mof_12487,39.31006449755992,LinearRegression,GSA
hypotheticalMOF_5073559_i_2_j_25_k_25_m_4,39.473594285873276,LinearRegression,GSA
mof_9699,43.403760198337594,LinearRegression,GSA
str_m3_o7_o25_f0_pcu.sym.44.out,38.63959236547515,LinearRegression,GSA
hypotheticalMOF_5068826_i_2_j_23_k_19_m_0,38.29617981001711,LinearRegression,GSA
mof_10786,44.117840273972575,LinearRegression,GSA
mof_641,46.86514071763695,LinearRegression,GSA
mof_9761,49.69965704840179,LinearRegression,GSA
mof_12489,38.54147449248714,LinearRegression,GSA
mof_4856,53.05746870176936,LinearRegression,GSA
mof_6754,51.66746550110584,LinearRegression,GSA
mof_7475,51.68381847993717,LinearRegression,GSA
mof_733,55.06888509802363,LinearRegression,GSA
mof_734,54.20762821290663,LinearRegression,GSA
mof_7532,53.80425473506702,LinearRegression,GSA
mof_7531,54.47472686715177,LinearRegression,GSA
mof_772,49.612441161301334,LinearRegression,GSA
mof_13069,46.903297668243404,LinearRegression,GSA
mof_343,43.32199530418091,LinearRegression,GSA
mof_779,50.04852059680361,LinearRegression,GSA
str_m3_o8_o25_f0_pcu.sym.195.out,38.38884669006134,LinearRegression,GSA
mof_10874,45.824001065375256,LinearRegression,GSA
mof_6573,41.757560329316476,LinearRegression,GSA
mof_6815,45.49694148874855,LinearRegression,GSA
mof_10697,44.06333034453479,LinearRegression,GSA
mof_10635,46.30368844442776,LinearRegression,GSA
mof_10875,46.28733546559643,LinearRegression,GSA
str_m3_o21_o26_f0_pcu.sym.206.out,38.37249371123001,LinearRegression,GSA
mof_7106,51.75468138820629,LinearRegression,GSA
mof_10044,44.259566090510816,LinearRegression,GSA
mof_1737,56.998536600121234,LinearRegression,GSA
mof_692,52.926644871118675,LinearRegression,GSA
hypotheticalMOF_5072301_i_2_j_25_k_12_m_5,39.93147769315067,LinearRegression,GSA
mof_10089,47.77000554630419,LinearRegression,GSA
mof_7866,54.66551162018402,LinearRegression,GSA
mof_646,51.06240528434642,LinearRegression,GSA
str_m3_o21_o25_f0_pcu.sym.91.out,41.26151997143263,LinearRegression,GSA
hypotheticalMOF_5082888_i_2_j_29_k_25_m_4,38.81402413967607,LinearRegression,GSA
mof_4855,51.318601952704014,LinearRegression,GSA
mof_542,50.757149679494816,LinearRegression,GSA
hypotheticalMOF_5047976_i_1_j_25_k_19_m_4,38.30163080296089,LinearRegression,GSA
mof_736,52.76856607574909,LinearRegression,GSA
str_m3_o23_o23_f0_pcu.sym.59.out,38.08359108520975,LinearRegression,GSA
str_m2_o21_o25_f0_pcu.sym.212.out,39.46269229998572,LinearRegression,GSA
str_m3_o25_o25_f0_pcu.sym.33.out,38.14900300053509,LinearRegression,GSA
mof_2348,56.23539758799224,LinearRegression,GSA
mof_10435,40.84724450770546,LinearRegression,GSA
mof_10452,43.49097608543805,LinearRegression,GSA
mof_782,54.01684345987438,LinearRegression,GSA
mof_11825,43.98156545037811,LinearRegression,GSA
mof_644,52.15260387310212,LinearRegression,GSA
mof_6715,45.95482489602594,LinearRegression,GSA
hypotheticalMOF_5047394_i_1_j_25_k_12_m_7,38.66139633725027,LinearRegression,GSA
mof_544,49.045537895148364,LinearRegression,GSA
mof_6716,47.6664366803724,LinearRegression,GSA
mof_9857,47.90628036989865,LinearRegression,GSA
mof_10545,48.12977108059357,LinearRegression,GSA
mof_502,46.407257310359554,LinearRegression,GSA
mof_738,55.112493041573856,LinearRegression,GSA
mof_784,52.6649972098173,LinearRegression,GSA
mof_11047,48.909263071553895,LinearRegression,GSA
mof_10456,50.79530663010127,LinearRegression,GSA
mof_648,48.364163777176046,LinearRegression,GSA
GURFIJ_CSD17,52.583232315660624,LinearRegression,GSA
mof_12491,39.50084925059217,LinearRegression,GSA
mof_602,49.258126619955725,LinearRegression,GSA
str_m2_o25_o26_f0_pcu.sym.168.out,38.06723810637841,LinearRegression,GSA
mof_11539,51.30769996681646,LinearRegression,GSA
mof_10453,45.31160772866008,LinearRegression,GSA
str_m2_o25_o25_f0_pcu.sym.88.out,40.765479613548784,LinearRegression,GSA
str_m3_o23_o23_f0_pcu.sym.139.out,38.61233740075626,LinearRegression,GSA
mof_9856,50.5336589687999,LinearRegression,GSA
mof_7105,50.969738404302184,LinearRegression,GSA
mof_10691,42.40077749668234,LinearRegression,GSA
mof_603,45.02815609558359,LinearRegression,GSA
mof_10498,43.74717275379564,LinearRegression,GSA
mof_537,49.42165640826908,LinearRegression,GSA
hypotheticalMOF_5011287_i_0_j_23_k_2_m_0_cat_1,38.198061937029095,LinearRegression,GSA
mof_721,49.645147118964005,LinearRegression,GSA
mof_737,48.260594911244254,LinearRegression,GSA
str_m2_o25_o25_f0_pcu.sym.230.out,38.86308307617008,LinearRegression,GSA
mof_10590,42.8423079251284,LinearRegression,GSA
mof_786,54.40931495182643,LinearRegression,GSA
hypotheticalMOF_5048787_i_1_j_25_k_25_m_14,39.092024779808774,LinearRegression,GSA
str_m3_o3_o6_f0_pcu.sym.16.out,39.222848610459465,LinearRegression,GSA
mof_539,46.80517979525539,LinearRegression,GSA
mof_785,47.91173136284243,LinearRegression,GSA
mof_7481,49.37804846471885,LinearRegression,GSA
mof_10829,44.81556737077623,LinearRegression,GSA
mof_10830,42.662425157983705,LinearRegression,GSA
mof_1975,45.218940848615844,LinearRegression,GSA
mof_7480,51.781936352925186,LinearRegression,GSA
str_m3_o21_o25_f0_pcu.sym.205.out,39.34822144816637,LinearRegression,GSA
mof_605,57.01488957895256,LinearRegression,GSA
str_m3_o6_o6_f0_nbo.sym.11.out,41.55587359039667,LinearRegression,GSA
HOMTIM_CSD17,40.95081337363725,LinearRegression,GSA
mof_10461,44.575723681249976,LinearRegression,GSA
mof_769,49.91224577320915,LinearRegression,GSA
hypotheticalMOF_5011283_i_0_j_23_k_2_m_0_cat_1,38.21441491586043,LinearRegression,GSA
mof_347,44.799214391944886,LinearRegression,GSA
str_m2_o3_o21_f0_pcu.sym.261.out,38.99935789976454,LinearRegression,GSA
mof_410,47.24671022370145,LinearRegression,GSA
mof_10636,48.02620221466178,LinearRegression,GSA
mof_10698,49.52522527420088,LinearRegression,GSA
mof_10876,47.966241292280216,LinearRegression,GSA
mof_10638,42.96222976989153,LinearRegression,GSA
mof_457,46.81063078819916,LinearRegression,GSA
hypotheticalMOF_5072345_i_2_j_25_k_12_m_11,38.31798378179222,LinearRegression,GSA
mof_10589,44.89188127198913,LinearRegression,GSA
str_m2_o20_o25_f0_pcu.sym.11.out,38.47061158421802,LinearRegression,GSA
str_m2_o3_o27_f0_pcu.sym.128.out,38.1708069723102,LinearRegression,GSA
mof_459,41.577677562171786,LinearRegression,GSA
mof_412,41.89928614585472,LinearRegression,GSA
mof_10553,45.80764808654392,LinearRegression,GSA
str_m3_o20_o25_f0_pcu.sym.10.out,38.089042078153525,LinearRegression,GSA
mof_10834,44.64658658951909,LinearRegression,GSA
mof_9905,49.645147118964005,LinearRegression,GSA
mof_742,52.12534890838323,LinearRegression,GSA
mof_10462,50.92067946780817,LinearRegression,GSA
mof_651,45.91121695247571,LinearRegression,GSA
mof_790,51.55299464928648,LinearRegression,GSA
str_m3_o25_o27_f0_pcu.sym.218.out,38.11629704287242,LinearRegression,GSA
mof_10550,45.829452058319035,LinearRegression,GSA
mof_697,52.899389906399776,LinearRegression,GSA
mof_10500,44.701096518956874,LinearRegression,GSA
mof_552,45.70953021355591,LinearRegression,GSA
hypotheticalMOF_5047447_i_1_j_25_k_12_m_14,38.00182619105307,LinearRegression,GSA
str_m2_o29_o29_f0_nbo.sym.1.out,40.4547730157534,LinearRegression,GSA
mof_10745,45.469686524029655,LinearRegression,GSA
mof_6720,42.36807153901967,LinearRegression,GSA
str_m2_o25_o26_f0_pcu.sym.61.out,38.68320030902538,LinearRegression,GSA
str_m3_o25_o29_f0_pcu.sym.136.out,38.165355979366424,LinearRegression,GSA
mof_10594,44.67384155423799,LinearRegression,GSA
mof_506,45.74768716416236,LinearRegression,GSA
mof_744,48.76208626207188,LinearRegression,GSA
mof_461,52.77946806163665,LinearRegression,GSA
mof_792,48.658517396140084,LinearRegression,GSA
AMAPUZ_CSD17,40.58559684640409,LinearRegression,GSA
IDUKAV_CSD17,51.318601952704014,LinearRegression,GSA
mof_1977,55.188806942786755,LinearRegression,GSA
mof_10705,48.723929311465426,LinearRegression,GSA
mof_10833,48.24424193241292,LinearRegression,GSA
str_m3_o6_o25_f0_pcu.sym.153.out,41.10344117606305,LinearRegression,GSA
mof_10789,47.08863142833187,LinearRegression,GSA
mof_353,45.933020924250826,LinearRegression,GSA
mof_10831,48.582203494927185,LinearRegression,GSA
mof_505,47.829966468685754,LinearRegression,GSA
mof_10400,40.72732266294233,LinearRegression,GSA
HOMTOS_CSD17,40.84179351476168,LinearRegression,GSA
str_m3_o21_o25_f0_pcu.sym.204.out,39.64257506713041,LinearRegression,GSA
mof_10593,48.614909452589856,LinearRegression,GSA
mof_10749,49.045537895148364,LinearRegression,GSA
mof_10395,42.264502673087875,LinearRegression,GSA
mof_10503,42.29175763780677,LinearRegression,GSA
mof_10554,50.41373712403677,LinearRegression,GSA
mof_6577,48.63671342436497,LinearRegression,GSA
str_m3_o7_o25_f0_pcu.sym.203.out,40.1004584744078,LinearRegression,GSA
mof_10707,50.577266912350126,LinearRegression,GSA
mof_10508,47.24671022370145,LinearRegression,GSA
mof_10504,51.48758273396114,LinearRegression,GSA
mof_10466,44.46125282943062,LinearRegression,GSA
mof_10506,50.01036364619716,LinearRegression,GSA
mof_10706,44.515762758868405,LinearRegression,GSA
mof_10799,51.70017145876851,LinearRegression,GSA
mof_358,48.08616313704334,LinearRegression,GSA
mof_10794,50.62632584884413,LinearRegression,GSA
mof_10751,51.60750457872427,LinearRegression,GSA
XIBYAI_CSD17,49.62334314718889,LinearRegression,GSA
mof_361,49.78142194255847,LinearRegression,GSA
mof_10601,46.34729638797799,LinearRegression,GSA
mof_10835,44.7447044625071,LinearRegression,GSA
mof_4936,39.833359820162656,LinearRegression,GSA
mof_10841,46.31459043031532,LinearRegression,GSA
mof_10596,45.900314966588155,LinearRegression,GSA
mof_10709,48.941969029216565,LinearRegression,GSA
HOMTIM01_CSD17,39.98598762258845,LinearRegression,GSA
mof_10643,44.793763399001115,LinearRegression,GSA
str_m2_o25_o25_f0_pcu.sym.233.out,38.56872945720603,LinearRegression,GSA
str_m2_o25_o25_f0_pcu.sym.48.out,40.193125354452036,LinearRegression,GSA
hypotheticalMOF_5011743_i_0_j_23_k_6_m_0_cat_1,38.00182619105307,LinearRegression,GSA
mof_10649,46.13470766317063,LinearRegression,GSA
mof_10889,46.27098248676509,LinearRegression,GSA
mof_10754,45.42062758753565,LinearRegression,GSA
str_m3_o6_o25_f0_pcu.sym.67.out,38.841279104394964,LinearRegression,GSA
mof_10605,49.59063718952622,LinearRegression,GSA
mof_10887,43.26203438179935,LinearRegression,GSA
mof_10845,49.66150009779534,LinearRegression,GSA
mof_10647,43.38195622656248,LinearRegression,GSA
str_m2_o20_o25_f0_pcu.sym.16.out,39.73524194717464,LinearRegression,GSA
hypotheticalMOF_5048727_i_1_j_25_k_25_m_5,38.39429768300512,LinearRegression,GSA
str_m3_o20_o25_f0_pcu.sym.90.out,39.07022080803366,LinearRegression,GSA
hypotheticalMOF_5047383_i_1_j_25_k_12_m_5,38.121748035816196,LinearRegression,GSA
hypotheticalMOF_5073118_i_2_j_25_k_20_m_12,39.33731946227881,LinearRegression,GSA
str_m2_o35_o35_f0_pts.sym.39.out,38.803122153788514,LinearRegression,GSA
str_m2_o21_o25_f0_pcu.sym.216.out,38.492415555993134,LinearRegression,GSA
JORRUD_CSD17,48.04800618643689,LinearRegression,GSA
str_m2_o6_o25_f0_pcu.sym.67.out,40.36755712865295,LinearRegression,GSA
str_m2_o20_o25_f0_pcu.sym.82.out,38.486964563049355,LinearRegression,GSA
str_m2_o25_o25_f0_pcu.sym.34.out,38.666847330194045,LinearRegression,GSA
str_m3_o17_o17_f0_nbo.sym.8.out,40.39481209337184,LinearRegression,GSA
WURGEV_CSD17,52.19076082370857,LinearRegression,GSA
mof_4126,38.65594534430649,LinearRegression,GSA
str_m3_o25_o25_f0_pcu.sym.107.out,38.023630162828184,LinearRegression,GSA
WURGIZ_CSD17,51.41126883274824,LinearRegression,GSA
FINJAO_CSD17,43.27838736063068,LinearRegression,GSA
str_m2_o25_o28_f0_pcu.sym.199.out,39.184691659853016,LinearRegression,GSA
hypotheticalMOF_5047391_i_1_j_25_k_12_m_6,38.09994406404108,LinearRegression,GSA
MOZTUR_CSD17,40.99442131718748,LinearRegression,GSA
QAXLUX_CSD17,40.9126564230308,LinearRegression,GSA
ASAFAB_CSD17,46.94690561179363,LinearRegression,GSA
VAQBIY01_CSD17,41.88838415996716,LinearRegression,GSA
VAQBIY02_CSD17,40.9126564230308,LinearRegression,GSA
VAQBIY_CSD17,40.78183259238012,LinearRegression,GSA
LUDGEY_CSD17,46.30368844442776,LinearRegression,GSA
YISHOY_CSD17,42.47164040495146,LinearRegression,GSA
UNENEH_CSD17,40.47112599458474,LinearRegression,GSA
KERMEA_CSD17,39.20104463868435,LinearRegression,GSA
MUNXIC_CSD17,44.75560644839466,LinearRegression,GSA
AVIVUW_CSD17,54.26213814234441,LinearRegression,GSA
XUFFUA_CSD17,47.35027908963325,LinearRegression,GSA
UNENIL_CSD17,39.77884989072487,LinearRegression,GSA
MUNXEY_CSD17,45.88396198775682,LinearRegression,GSA
JESQEE_CSD17,47.99349625699911,LinearRegression,GSA
EYAJOE_CSD17,44.374036942330164,LinearRegression,GSA
QEVWAQ_CSD17,48.505889593714286,LinearRegression,GSA
BUYYEA_CSD17,38.21441491586043,LinearRegression,GSA
LIFTUQ_CSD17,38.14900300053509,LinearRegression,GSA
DEYNUR_CSD17,45.88396198775682,LinearRegression,GSA
VUKFEN_CSD17,43.70356481024541,LinearRegression,GSA
BUYYIE_CSD17,40.836342521817905,LinearRegression,GSA
VUKFOX_CSD17,42.41713047551367,LinearRegression,GSA
VUKFIR_CSD17,41.975600047067616,LinearRegression,GSA
XIRMIV_CSD17,46.71251291521115,LinearRegression,GSA
JIQZAL_CSD17,46.407257310359554,LinearRegression,GSA
OPEVOV_CSD17,38.71045527374428,LinearRegression,GSA
PYNICL01_CSD17,49.934049744984264,LinearRegression,GSA
GALHEI_CSD17,38.43790562655535,LinearRegression,GSA
GALHIM_CSD17,38.68320030902538,LinearRegression,GSA
str_m2_o20_o28_f0_pcu.sym.104.out,38.142464573293886,SGDRegressor,GSA
str_m3_o20_o28_f0_pcu.sym.161.out,38.05392316840789,SGDRegressor,GSA
str_m3_o20_o25_f0_pcu.sym.1.out,38.20333678915301,SGDRegressor,GSA
str_m2_o19_o25_f0_nbo.sym.43.out,38.120329222072385,SGDRegressor,GSA
str_m1_o25_o25_f0_pcu.sym.144.out,38.19226911354226,SGDRegressor,GSA
str_m2_o19_o25_f0_nbo.sym.205.out,38.142464573293886,SGDRegressor,GSA
str_m2_o20_o25_f0_pcu.sym.10.out,38.08712619524014,SGDRegressor,GSA
str_m2_o19_o29_f0_nbo.sym.24.out,38.23100597817989,SGDRegressor,GSA
str_m2_o20_o25_f0_pcu.sym.67.out,38.05392316840789,SGDRegressor,GSA
mof_6972,38.369351923314255,SGDRegressor,GSA
str_m1_o25_o25_f0_pcu.sym.119.out,38.142464573293886,SGDRegressor,GSA
str_m2_o19_o25_f0_nbo.sym.164.out,38.07052468182401,SGDRegressor,GSA
mof_7020,38.120329222072385,SGDRegressor,GSA
str_m2_o19_o25_f0_nbo.sym.88.out,38.36381808550888,SGDRegressor,GSA
str_m1_o6_o6_f0_pcu.sym.1.out,38.015186303770264,SGDRegressor,GSA
mof_568,38.05392316840789,SGDRegressor,GSA
hypotheticalMOF_5041161_i_1_j_21_k_21_m_14,38.17013376232076,SGDRegressor,GSA
hypotheticalMOF_5038910_i_1_j_21_k_4_m_7,38.34168273428739,SGDRegressor,GSA
mof_6507,38.308479707455135,SGDRegressor,GSA
hypotheticalMOF_5041052_i_1_j_21_k_21_m_7,38.09266003304551,SGDRegressor,GSA
str_m3_o6_o29_f0_pcu.sym.4.out,38.164599924515386,SGDRegressor,GSA
hypotheticalMOF_5048393_i_1_j_25_k_21_m_9,38.14799841109926,SGDRegressor,GSA
str_m2_o20_o21_f0_pcu.sym.20.out,38.05392316840789,SGDRegressor,GSA
str_m2_o6_o21_f0_pcu.sym.219.out,38.098193870850885,SGDRegressor,GSA
str_m3_o3_o20_f0_pcu.sym.72.out,38.12586305987776,SGDRegressor,GSA
hypotheticalMOF_5039922_i_1_j_21_k_12_m_7,38.330615058676635,SGDRegressor,GSA
hypotheticalMOF_5073136_i_2_j_25_k_20_m_14,38.27527668062289,SGDRegressor,GSA
str_m3_o6_o21_f0_pcu.sym.206.out,38.103727708656265,SGDRegressor,GSA
str_m2_o6_o28_f0_pcu.sym.83.out,38.19780295134764,SGDRegressor,GSA
str_m3_o20_o25_f0_pcu.sym.27.out,38.15906608671001,SGDRegressor,GSA
str_m3_o6_o11_f0_nbo.sym.87.out,38.13139689768314,SGDRegressor,GSA
str_m3_o6_o19_f0_pcu.sym.13.out,38.10926154646164,SGDRegressor,GSA
str_m2_o3_o21_f0_pcu.sym.196.out,38.34721657209276,SGDRegressor,GSA
str_m1_o6_o7_f0_pcu.sym.64.out,38.059457006213265,SGDRegressor,GSA
str_m2_o21_o29_f0_pcu.sym.128.out,38.32508122087126,SGDRegressor,GSA
str_m3_o6_o7_f0_pcu.sym.17.out,38.330615058676635,SGDRegressor,GSA
hypotheticalMOF_5061583_i_2_j_20_k_5_m_10,38.186735275736886,SGDRegressor,GSA
str_m3_o20_o28_f0_pcu.sym.96.out,38.06499084401864,SGDRegressor,GSA
str_m3_o3_o21_f0_pcu.sym.1.out,38.04285549279714,SGDRegressor,GSA
str_m3_o7_o29_f0_pcu.sym.122.out,38.00965246596489,SGDRegressor,GSA
str_m3_o6_o19_f0_pcu.sym.89.out,38.15353224890464,SGDRegressor,GSA
str_m1_o25_o28_f0_pcu.sym.76.out,38.18120143793151,SGDRegressor,GSA
str_m2_o21_o25_f0_pcu.sym.116.out,38.36381808550888,SGDRegressor,GSA
str_m3_o6_o19_f0_pcu.sym.49.out,38.11479538426701,SGDRegressor,GSA
str_m2_o21_o29_f0_pcu.sym.233.out,38.18120143793151,SGDRegressor,GSA
str_m1_o7_o25_f0_pcu.sym.7.out,38.11479538426701,SGDRegressor,GSA
str_m2_o6_o21_f0_pcu.sym.80.out,38.08159235743476,SGDRegressor,GSA
str_m2_o3_o5_f0_nbo.sym.38.out,38.30294586964976,SGDRegressor,GSA
hypotheticalMOF_5073067_i_2_j_25_k_20_m_7,38.17013376232076,SGDRegressor,GSA
str_m1_o6_o29_f0_pcu.sym.8.out,38.19780295134764,SGDRegressor,GSA
str_m3_o6_o19_f0_nbo.sym.45.out,38.08712619524014,SGDRegressor,GSA
hypotheticalMOF_5048076_i_1_j_25_k_20_m_1,38.35828424770351,SGDRegressor,GSA
str_m2_o7_o29_f0_pcu.sym.54.out,38.07052468182401,SGDRegressor,GSA
str_m3_o6_o19_f0_pcu.sym.1.out,38.098193870850885,SGDRegressor,GSA
str_m2_o20_o21_f0_pcu.sym.21.out,38.242073653790634,SGDRegressor,GSA
hypotheticalMOF_3001383_i_2_j_24_k_24_m_7_cat_1,38.10926154646164,SGDRegressor,GSA
hypotheticalMOF_5073051_i_2_j_25_k_20_m_7,38.30294586964976,SGDRegressor,GSA
str_m3_o20_o23_f0_nbo.sym.206.out,38.20333678915301,SGDRegressor,GSA
str_m3_o7_o29_f0_pcu.sym.57.out,38.352750409898135,SGDRegressor,GSA
hypotheticalMOF_5073131_i_2_j_25_k_20_m_14,38.26974284281751,SGDRegressor,GSA
str_m2_o2_o20_f0_nbo.sym.76.out,38.17566760012613,SGDRegressor,GSA
str_m2_o20_o29_f0_pcu.sym.43.out,38.142464573293886,SGDRegressor,GSA
str_m3_o3_o21_f0_pcu.sym.79.out,38.17566760012613,SGDRegressor,GSA
str_m2_o21_o28_f0_pcu.sym.172.out,38.17013376232076,SGDRegressor,GSA
str_m3_o20_o25_f0_pcu.sym.42.out,38.10926154646164,SGDRegressor,GSA
str_m2_o21_o28_f0_pcu.sym.103.out,38.247607491596014,SGDRegressor,GSA
mof_6589,38.330615058676635,SGDRegressor,GSA
str_m2_o21_o29_f0_pcu.sym.161.out,38.28081051842826,SGDRegressor,GSA
mof_7650,38.05392316840789,SGDRegressor,GSA
str_m3_o6_o25_f0_pcu.sym.47.out,38.17013376232076,SGDRegressor,GSA
str_m3_o21_o27_f0_pcu.sym.236.out,38.26974284281751,SGDRegressor,GSA
mof_5168,38.34168273428739,SGDRegressor,GSA
str_m2_o20_o25_f0_pcu.sym.6.out,38.08159235743476,SGDRegressor,GSA
str_m2_o26_o29_f0_pcu.sym.161.out,38.04285549279714,SGDRegressor,GSA
str_m2_o3_o7_f0_pcu.sym.171.out,38.14799841109926,SGDRegressor,GSA
str_m3_o20_o25_f0_nbo.sym.169.out,38.30294586964976,SGDRegressor,GSA
str_m3_o20_o23_f0_nbo.sym.91.out,38.05392316840789,SGDRegressor,GSA
str_m2_o20_o23_f0_pcu.sym.114.out,38.06499084401864,SGDRegressor,GSA
str_m3_o21_o29_f0_pcu.sym.63.out,38.15906608671001,SGDRegressor,GSA
str_m3_o3_o25_f0_pcu.sym.154.out,38.29741203184439,SGDRegressor,GSA
str_m3_o21_o25_f0_pcu.sym.179.out,38.10926154646164,SGDRegressor,GSA
str_m1_o7_o28_f0_pcu.sym.13.out,38.00965246596489,SGDRegressor,GSA
hypotheticalMOF_5039914_i_1_j_21_k_12_m_7,38.120329222072385,SGDRegressor,GSA
hypotheticalMOF_5048197_i_1_j_25_k_20_m_8,38.06499084401864,SGDRegressor,GSA
str_m1_o7_o25_f0_pcu.sym.113.out,38.015186303770264,SGDRegressor,GSA
str_m2_o20_o25_f0_pcu.sym.14.out,38.19780295134764,SGDRegressor,GSA
str_m2_o21_o25_f0_pcu.sym.59.out,38.21993830256913,SGDRegressor,GSA
str_m2_o21_o29_f0_pcu.sym.9.out,38.037321654991764,SGDRegressor,GSA
str_m3_o20_o25_f0_nbo.sym.78.out,38.098193870850885,SGDRegressor,GSA
str_m3_o21_o28_f0_pcu.sym.27.out,38.247607491596014,SGDRegressor,GSA
str_m3_o3_o21_f0_pcu.sym.77.out,38.286344356233634,SGDRegressor,GSA
str_m1_o3_o6_f0_pcu.sym.30.out,38.29187819403901,SGDRegressor,GSA
str_m2_o21_o29_f0_pcu.sym.87.out,38.23100597817989,SGDRegressor,GSA
str_m2_o20_o23_f0_pcu.sym.101.out,38.098193870850885,SGDRegressor,GSA
str_m2_o3_o21_f0_pcu.sym.162.out,38.103727708656265,SGDRegressor,GSA
hypotheticalMOF_5039918_i_1_j_21_k_12_m_7,38.06499084401864,SGDRegressor,GSA
str_m1_o7_o29_f0_pcu.sym.29.out,38.36381808550888,SGDRegressor,GSA
str_m2_o21_o29_f0_pcu.sym.199.out,38.30294586964976,SGDRegressor,GSA
str_m3_o21_o29_f0_pcu.sym.127.out,38.32508122087126,SGDRegressor,GSA
str_m2_o20_o23_f0_nbo.sym.54.out,38.13139689768314,SGDRegressor,GSA
str_m2_o21_o27_f0_pcu.sym.81.out,38.13693073548851,SGDRegressor,GSA
str_m2_o21_o28_f0_pcu.sym.139.out,38.076058519629385,SGDRegressor,GSA
str_m3_o21_o27_f0_pcu.sym.173.out,38.076058519629385,SGDRegressor,GSA
hypotheticalMOF_3000334_i_1_j_24_k_24_m_10_cat_1,38.27527668062289,SGDRegressor,GSA
hypotheticalMOF_5064935_i_2_j_21_k_12_m_4,38.098193870850885,SGDRegressor,GSA
str_m1_o23_o25_f0_pcu.sym.110.out,38.10926154646164,SGDRegressor,GSA
str_m2_o20_o25_f0_pcu.sym.32.out,38.247607491596014,SGDRegressor,GSA
str_m3_o25_o27_f0_pcu.sym.52.out,38.34721657209276,SGDRegressor,GSA
hypotheticalMOF_5034297_i_1_j_19_k_5_m_9,38.00965246596489,SGDRegressor,GSA
str_m2_o21_o29_f0_pcu.sym.198.out,38.35828424770351,SGDRegressor,GSA
str_m2_o21_o29_f0_pcu.sym.50.out,38.12586305987776,SGDRegressor,GSA
hypotheticalMOF_3000111_i_1_j_23_k_23_m_10_cat_1,38.11479538426701,SGDRegressor,GSA
str_m2_o3_o29_f0_pcu.sym.168.out,38.32508122087126,SGDRegressor,GSA
str_m2_o6_o25_f0_pcu.sym.257.out,38.369351923314255,SGDRegressor,GSA
str_m3_o34_o35_f0_pts.sym.251.out,38.08712619524014,SGDRegressor,GSA
str_m2_o3_o29_f0_pcu.sym.263.out,38.31954738306588,SGDRegressor,GSA
str_m3_o20_o25_f0_pcu.sym.49.out,38.27527668062289,SGDRegressor,GSA
str_m2_o3_o28_f0_pcu.sym.4.out,38.20333678915301,SGDRegressor,GSA
hypotheticalMOF_5044014_i_1_j_23_k_20_m_4,38.19780295134764,SGDRegressor,GSA
str_m2_o20_o25_f0_nbo.sym.220.out,38.352750409898135,SGDRegressor,GSA
str_m2_o3_o26_f0_pcu.sym.27.out,38.369351923314255,SGDRegressor,GSA
str_m2_o7_o21_f0_pcu.sym.202.out,38.13693073548851,SGDRegressor,GSA
str_m3_o23_o29_f0_pcu.sym.98.out,38.26974284281751,SGDRegressor,GSA
str_m2_o2_o20_f0_nbo.sym.78.out,38.19780295134764,SGDRegressor,GSA
str_m1_o20_o29_f0_pcu.sym.22.out,38.25314132940139,SGDRegressor,GSA
str_m3_o20_o28_f0_pcu.sym.46.out,38.15906608671001,SGDRegressor,GSA
mof_6405,38.186735275736886,SGDRegressor,GSA
str_m3_o21_o23_f0_pcu.sym.142.out,38.076058519629385,SGDRegressor,GSA
str_m1_o7_o27_f0_pcu.sym.12.out,38.18120143793151,SGDRegressor,GSA
str_m2_o6_o23_f0_pcu.sym.152.out,38.286344356233634,SGDRegressor,GSA
str_m3_o6_o17_f0_nbo.sym.99.out,38.247607491596014,SGDRegressor,GSA
str_m2_o23_o24_f0_nbo.sym.134.out,38.25314132940139,SGDRegressor,GSA
str_m2_o3_o23_f0_pcu.sym.14.out,38.06499084401864,SGDRegressor,GSA
str_m3_o25_o26_f0_pcu.sym.92.out,38.36381808550888,SGDRegressor,GSA
hypotheticalMOF_5048306_i_1_j_25_k_21_m_2,38.20887062695839,SGDRegressor,GSA
str_m2_o20_o25_f0_nbo.sym.173.out,38.242073653790634,SGDRegressor,GSA
str_m3_o3_o26_f0_pcu.sym.61.out,38.18120143793151,SGDRegressor,GSA
str_m1_o3_o27_f0_pcu.sym.14.out,38.33614889648201,SGDRegressor,GSA
hypotheticalMOF_5044066_i_1_j_23_k_20_m_10,38.247607491596014,SGDRegressor,GSA
str_m2_o3_o27_f0_pcu.sym.206.out,38.08159235743476,SGDRegressor,GSA
hypotheticalMOF_5047006_i_1_j_25_k_7_m_9,38.30294586964976,SGDRegressor,GSA
str_m3_o3_o22_f0_nbo.sym.1.out,38.031787817186384,SGDRegressor,GSA
str_m3_o6_o17_f0_nbo.sym.23.out,38.27527668062289,SGDRegressor,GSA
str_m2_o20_o28_f0_pcu.sym.48.out,38.31954738306588,SGDRegressor,GSA
str_m2_o3_o11_f0_nbo.sym.263.out,38.247607491596014,SGDRegressor,GSA
hypotheticalMOF_5040115_i_1_j_21_k_13_m_13,38.21993830256913,SGDRegressor,GSA
mof_3335,38.04838933060251,SGDRegressor,GSA
str_m2_o21_o29_f0_pcu.sym.231.out,38.369351923314255,SGDRegressor,GSA
hypotheticalMOF_5019644_i_0_j_25_k_25_m_11,38.08712619524014,SGDRegressor,GSA
str_m3_o3_o29_f0_pcu.sym.161.out,38.27527668062289,SGDRegressor,GSA
str_m2_o20_o23_f0_nbo.sym.222.out,38.103727708656265,SGDRegressor,GSA
str_m2_o21_o29_f0_pcu.sym.15.out,38.28081051842826,SGDRegressor,GSA
str_m3_o3_o28_f0_pcu.sym.23.out,38.18120143793151,SGDRegressor,GSA
str_m2_o25_o29_f0_pcu.sym.90.out,38.15353224890464,SGDRegressor,GSA
str_m2_o23_o29_f0_pcu.sym.17.out,38.120329222072385,SGDRegressor,GSA
str_m3_o3_o21_f0_pcu.sym.148.out,38.031787817186384,SGDRegressor,GSA
str_m1_o7_o25_f0_pcu.sym.72.out,38.103727708656265,SGDRegressor,GSA
str_m2_o3_o20_f0_pcu.sym.103.out,38.27527668062289,SGDRegressor,GSA
mof_6542,38.21993830256913,SGDRegressor,GSA
str_m2_o20_o28_f0_pcu.sym.134.out,38.34168273428739,SGDRegressor,GSA
str_m2_o3_o29_f0_pcu.sym.60.out,38.330615058676635,SGDRegressor,GSA
str_m2_o6_o23_f0_nbo.sym.51.out,38.120329222072385,SGDRegressor,GSA
str_m3_o6_o25_f0_pcu.sym.238.out,38.20887062695839,SGDRegressor,GSA
str_m3_o25_o28_f0_pcu.sym.2.out,38.059457006213265,SGDRegressor,GSA
hypotheticalMOF_5073255_i_2_j_25_k_21_m_9,38.29741203184439,SGDRegressor,GSA
str_m3_o21_o25_f0_pcu.sym.60.out,38.352750409898135,SGDRegressor,GSA
hypotheticalMOF_5048375_i_1_j_25_k_21_m_7,38.17566760012613,SGDRegressor,GSA
hypotheticalMOF_5073134_i_2_j_25_k_20_m_14,38.23100597817989,SGDRegressor,GSA
str_m2_o21_o28_f0_pcu.sym.252.out,38.13693073548851,SGDRegressor,GSA
str_m3_o3_o8_f0_pcu.sym.50.out,38.10926154646164,SGDRegressor,GSA
hypotheticalMOF_534_i_0_j_2_k_2_m_0_cat_1,38.29187819403901,SGDRegressor,GSA
str_m2_o20_o29_f0_pcu.sym.35.out,38.09266003304551,SGDRegressor,GSA
hypotheticalMOF_5073033_i_2_j_25_k_20_m_5,38.35828424770351,SGDRegressor,GSA
str_m3_o2_o23_f0_nbo.sym.59.out,38.09266003304551,SGDRegressor,GSA
str_m3_o21_o28_f0_pcu.sym.15.out,38.330615058676635,SGDRegressor,GSA
str_m2_o21_o26_f0_pcu.sym.152.out,38.076058519629385,SGDRegressor,GSA
hypotheticalMOF_5036500_i_1_j_20_k_5_m_12,38.103727708656265,SGDRegressor,GSA
str_m3_o7_o23_f0_pcu.sym.13.out,38.13693073548851,SGDRegressor,GSA
MOF-5_cooh_2_2349_1_basic_opt,38.037321654991764,SGDRegressor,GSA
hypotheticalMOF_5071579_i_2_j_25_k_5_m_1,38.36381808550888,SGDRegressor,GSA
str_m2_o23_o29_f0_pcu.sym.7.out,38.11479538426701,SGDRegressor,GSA
str_m2_o3_o4_f0_nbo.sym.97.out,38.015186303770264,SGDRegressor,GSA
mof_8167,38.07052468182401,SGDRegressor,GSA
str_m2_o23_o29_f0_pcu.sym.169.out,38.098193870850885,SGDRegressor,GSA
hypotheticalMOF_5039867_i_1_j_21_k_12_m_4,38.15353224890464,SGDRegressor,GSA
hypotheticalMOF_5071668_i_2_j_25_k_5_m_9,38.308479707455135,SGDRegressor,GSA
mof_2282,38.11479538426701,SGDRegressor,GSA
str_m3_o34_o35_f0_pts.sym.25.out,38.02625397938101,SGDRegressor,GSA
str_m3_o3_o24_f0_nbo.sym.45.out,38.076058519629385,SGDRegressor,GSA
str_m3_o3_o26_f0_pcu.sym.203.out,38.142464573293886,SGDRegressor,GSA
str_m2_o6_o25_f0_pcu.sym.225.out,38.15906608671001,SGDRegressor,GSA
str_m2_o23_o29_f0_pcu.sym.196.out,38.164599924515386,SGDRegressor,GSA
str_m2_o3_o29_f0_pcu.sym.178.out,38.31401354526051,SGDRegressor,GSA
str_m3_o25_o29_f0_pcu.sym.187.out,38.02625397938101,SGDRegressor,GSA
str_m3_o20_o25_f0_pcu.sym.3.out,38.17013376232076,SGDRegressor,GSA
str_m3_o21_o28_f0_pcu.sym.139.out,38.06499084401864,SGDRegressor,GSA
str_m2_o3_o11_f0_nbo.sym.117.out,38.26974284281751,SGDRegressor,GSA
str_m2_o3_o26_f0_pcu.sym.163.out,38.10926154646164,SGDRegressor,GSA
hypotheticalMOF_5034280_i_1_j_19_k_5_m_7,38.18120143793151,SGDRegressor,GSA
hypotheticalMOF_5048386_i_1_j_25_k_21_m_7,38.14799841109926,SGDRegressor,GSA
str_m3_o2_o25_f0_nbo.sym.105.out,38.27527668062289,SGDRegressor,GSA
str_m2_o21_o23_f0_pcu.sym.147.out,38.04285549279714,SGDRegressor,GSA
str_m2_o6_o19_f0_nbo.sym.81.out,38.20333678915301,SGDRegressor,GSA
MOF-5_cooh_2_2558_1_basic_opt,38.076058519629385,SGDRegressor,GSA
mof_2096,38.08159235743476,SGDRegressor,GSA
str_m3_o6_o19_f0_nbo.sym.21.out,38.186735275736886,SGDRegressor,GSA
hypotheticalMOF_5034283_i_1_j_19_k_5_m_7,38.120329222072385,SGDRegressor,GSA
str_m2_o25_o29_f0_pcu.sym.39.out,38.33614889648201,SGDRegressor,GSA
str_m2_o3_o4_f0_nbo.sym.172.out,38.076058519629385,SGDRegressor,GSA
mof_9159,38.037321654991764,SGDRegressor,GSA
hypotheticalMOF_5039128_i_1_j_21_k_5_m_12,38.308479707455135,SGDRegressor,GSA
str_m2_o3_o14_f0_nbo.sym.30.out,38.308479707455135,SGDRegressor,GSA
str_m2_o26_o29_f0_pcu.sym.255.out,38.14799841109926,SGDRegressor,GSA
str_m2_o7_o25_f0_pcu.sym.270.out,38.00411862815951,SGDRegressor,GSA
str_m3_o3_o20_f0_pcu.sym.63.out,38.20887062695839,SGDRegressor,GSA
mof_7494,38.23100597817989,SGDRegressor,GSA
str_m3_o20_o29_f0_nbo.sym.106.out,38.28081051842826,SGDRegressor,GSA
str_m3_o3_o26_f0_pcu.sym.31.out,38.28081051842826,SGDRegressor,GSA
hypotheticalMOF_5019635_i_0_j_25_k_25_m_11,38.33614889648201,SGDRegressor,GSA
hypotheticalMOF_5044018_i_1_j_23_k_20_m_5,38.286344356233634,SGDRegressor,GSA
str_m2_o3_o11_f0_nbo.sym.35.out,38.29187819403901,SGDRegressor,GSA
hypotheticalMOF_5059403_i_2_j_19_k_5_m_4,38.07052468182401,SGDRegressor,GSA
mof_5064,38.13693073548851,SGDRegressor,GSA
str_m2_o21_o23_f0_pcu.sym.249.out,38.02072014157564,SGDRegressor,GSA
str_m2_o23_o29_f0_pcu.sym.46.out,38.33614889648201,SGDRegressor,GSA
str_m2_o25_o26_f0_pcu.sym.134.out,38.17566760012613,SGDRegressor,GSA
str_m2_o3_o8_f0_pcu.sym.127.out,38.120329222072385,SGDRegressor,GSA
mof_7392,38.00411862815951,SGDRegressor,GSA
mof_9780,38.04838933060251,SGDRegressor,GSA
hypotheticalMOF_5044176_i_1_j_23_k_21_m_9,38.10926154646164,SGDRegressor,GSA
str_m2_o6_o28_f0_pcu.sym.176.out,38.17566760012613,SGDRegressor,GSA
str_m2_o7_o29_f0_pcu.sym.250.out,38.14799841109926,SGDRegressor,GSA
str_m3_o6_o7_f0_nbo.sym.33.out,38.15906608671001,SGDRegressor,GSA
str_m2_o6_o23_f0_nbo.sym.73.out,38.04838933060251,SGDRegressor,GSA
hypotheticalMOF_5019047_i_0_j_25_k_21_m_6,38.31954738306588,SGDRegressor,GSA
str_m2_o20_o29_f0_nbo.sym.51.out,38.32508122087126,SGDRegressor,GSA
str_m3_o25_o25_f0_nbo.sym.9.out,38.04285549279714,SGDRegressor,GSA
hypotheticalMOF_5072239_i_2_j_25_k_12_m_1,38.186735275736886,SGDRegressor,GSA
str_m2_o21_o23_f0_pcu.sym.110.out,38.32508122087126,SGDRegressor,GSA
hypotheticalMOF_5071661_i_2_j_25_k_5_m_9,38.29187819403901,SGDRegressor,GSA
str_m2_o21_o29_f0_pcu.sym.85.out,38.164599924515386,SGDRegressor,GSA
str_m3_o21_o23_f0_pcu.sym.200.out,38.17566760012613,SGDRegressor,GSA
str_m3_o20_o27_f0_nbo.sym.77.out,38.13139689768314,SGDRegressor,GSA
str_m3_o7_o23_f0_pcu.sym.69.out,38.28081051842826,SGDRegressor,GSA
hypotheticalMOF_5017829_i_0_j_25_k_12_m_5,38.20887062695839,SGDRegressor,GSA
hypotheticalMOF_5064172_i_2_j_21_k_5_m_7,38.05392316840789,SGDRegressor,GSA
str_m3_o21_o23_f0_pcu.sym.80.out,38.076058519629385,SGDRegressor,GSA
str_m2_o19_o25_f0_nbo.sym.209.out,38.21440446476376,SGDRegressor,GSA
str_m2_o3_o20_f0_pcu.sym.38.out,38.17013376232076,SGDRegressor,GSA
str_m2_o3_o19_f0_nbo.sym.24.out,38.31954738306588,SGDRegressor,GSA
str_m3_o3_o3_f0_pcu.sym.50.out,38.34168273428739,SGDRegressor,GSA
str_m2_o2_o5_f0_nbo.sym.96.out,38.04838933060251,SGDRegressor,GSA
str_m3_o21_o23_f0_pcu.sym.110.out,38.23653981598526,SGDRegressor,GSA
str_m2_o21_o23_f0_pcu.sym.27.out,38.10926154646164,SGDRegressor,GSA
mof_11508,38.35828424770351,SGDRegressor,GSA
sod_B_Syn000903,38.08159235743476,SGDRegressor,GSA
str_m3_o2_o5_f0_nbo.sym.69.out,38.21440446476376,SGDRegressor,GSA
str_m3_o6_o25_f0_pcu.sym.191.out,38.04838933060251,SGDRegressor,GSA
str_m3_o3_o21_f0_pcu.sym.78.out,38.369351923314255,SGDRegressor,GSA
mof_9283,38.00965246596489,SGDRegressor,GSA
str_m3_o21_o26_f0_pcu.sym.100.out,38.21440446476376,SGDRegressor,GSA
str_m3_o2_o25_f0_nbo.sym.201.out,38.06499084401864,SGDRegressor,GSA
str_m3_o6_o27_f0_nbo.sym.31.out,38.28081051842826,SGDRegressor,GSA
hypotheticalMOF_5019110_i_0_j_25_k_21_m_10,38.18120143793151,SGDRegressor,GSA
str_m2_o23_o26_f0_pcu.sym.35.out,38.264209005012134,SGDRegressor,GSA
str_m3_o3_o11_f0_nbo.sym.34.out,38.12586305987776,SGDRegressor,GSA
str_m2_o21_o23_f0_pcu.sym.70.out,38.10926154646164,SGDRegressor,GSA
str_m2_o20_o27_f0_nbo.sym.52.out,38.34168273428739,SGDRegressor,GSA
hypotheticalMOF_29388_i_2_j_6_k_5_m_12,38.18120143793151,SGDRegressor,GSA
hypotheticalMOF_5048445_i_1_j_25_k_21_m_14,38.059457006213265,SGDRegressor,GSA
str_m2_o25_o28_f0_pcu.sym.262.out,38.00965246596489,SGDRegressor,GSA
hypotheticalMOF_5042937_i_1_j_23_k_5_m_7,38.34721657209276,SGDRegressor,GSA
hypotheticalMOF_5017849_i_0_j_25_k_12_m_8,38.02072014157564,SGDRegressor,GSA
hypotheticalMOF_5048425_i_1_j_25_k_21_m_11,38.242073653790634,SGDRegressor,GSA
str_m2_o7_o25_f0_pcu.sym.8.out,38.076058519629385,SGDRegressor,GSA
hypotheticalMOF_5046253_i_1_j_25_k_1_m_1,38.08159235743476,SGDRegressor,GSA
str_m2_o3_o23_f0_pcu.sym.58.out,38.369351923314255,SGDRegressor,GSA
str_m3_o1_o27_f0_nbo.sym.35.out,38.352750409898135,SGDRegressor,GSA
str_m1_o3_o25_f0_pcu.sym.89.out,38.23100597817989,SGDRegressor,GSA
str_m2_o25_o26_f0_pcu.sym.69.out,38.015186303770264,SGDRegressor,GSA
str_m3_o21_o28_f0_pcu.sym.215.out,38.098193870850885,SGDRegressor,GSA
str_m2_o26_o29_f0_pcu.sym.34.out,38.00965246596489,SGDRegressor,GSA
str_m3_o6_o27_f0_nbo.sym.101.out,38.19780295134764,SGDRegressor,GSA
str_m2_o28_o29_f0_pcu.sym.195.out,38.264209005012134,SGDRegressor,GSA
hypotheticalMOF_5047455_i_1_j_25_k_12_m_14,38.00965246596489,SGDRegressor,GSA
hypotheticalMOF_5067964_i_2_j_23_k_5_m_9,38.25314132940139,SGDRegressor,GSA
str_m2_o3_o25_f0_pcu.sym.48.out,38.02072014157564,SGDRegressor,GSA
str_m3_o6_o25_f0_pcu.sym.199.out,38.31401354526051,SGDRegressor,GSA
str_m2_o23_o25_f0_nbo.sym.14.out,38.330615058676635,SGDRegressor,GSA
str_m2_o28_o29_f0_pcu.sym.31.out,38.031787817186384,SGDRegressor,GSA
str_m3_o21_o26_f0_pcu.sym.69.out,38.29741203184439,SGDRegressor,GSA
str_m3_o20_o27_f0_nbo.sym.20.out,38.120329222072385,SGDRegressor,GSA
str_m3_o6_o23_f0_pcu.sym.190.out,38.15906608671001,SGDRegressor,GSA
hypotheticalMOF_5072251_i_2_j_25_k_12_m_1,38.330615058676635,SGDRegressor,GSA
str_m2_o7_o23_f0_pcu.sym.94.out,38.13139689768314,SGDRegressor,GSA
mof_4990,38.07052468182401,SGDRegressor,GSA
str_m2_o6_o25_f0_pcu.sym.256.out,38.00965246596489,SGDRegressor,GSA
str_m3_o23_o25_f0_pcu.sym.152.out,38.17566760012613,SGDRegressor,GSA
str_m3_o6_o28_f0_pcu.sym.121.out,38.36381808550888,SGDRegressor,GSA
mof_13438,38.04838933060251,SGDRegressor,GSA
str_m2_o6_o23_f0_nbo.sym.24.out,38.15353224890464,SGDRegressor,GSA
str_m3_o3_o9_f0_nbo.sym.9.out,38.11479538426701,SGDRegressor,GSA
mof_8949,38.33614889648201,SGDRegressor,GSA
str_m3_o21_o23_f0_pcu.sym.82.out,38.120329222072385,SGDRegressor,GSA
str_m3_o2_o3_f0_nbo.sym.54.out,38.20887062695839,SGDRegressor,GSA
str_m3_o23_o27_f0_nbo.sym.209.out,38.25314132940139,SGDRegressor,GSA
hypotheticalMOF_3000254_i_1_j_24_k_23_m_12_cat_1,38.26974284281751,SGDRegressor,GSA
str_m2_o23_o25_f0_pcu.sym.88.out,38.08712619524014,SGDRegressor,GSA
hypotheticalMOF_5048443_i_1_j_25_k_21_m_14,38.17566760012613,SGDRegressor,GSA
str_m2_o28_o29_f0_pcu.sym.40.out,38.18120143793151,SGDRegressor,GSA
str_m3_o21_o25_f0_pcu.sym.24.out,38.34721657209276,SGDRegressor,GSA
str_m2_o21_o25_f0_pcu.sym.74.out,38.19780295134764,SGDRegressor,GSA
str_m3_o6_o23_f0_pcu.sym.136.out,38.22547214037451,SGDRegressor,GSA
str_m2_o21_o23_f0_pcu.sym.72.out,38.04285549279714,SGDRegressor,GSA
str_m3_o25_o25_f0_nbo.sym.195.out,38.00411862815951,SGDRegressor,GSA
hypotheticalMOF_5072789_i_2_j_25_k_19_m_0,38.031787817186384,SGDRegressor,GSA
hypotheticalMOF_5006664_i_0_j_21_k_5_m_6,38.08712619524014,SGDRegressor,GSA
mof_8082,38.14799841109926,SGDRegressor,GSA
str_m2_o3_o25_f0_pcu.sym.238.out,38.15353224890464,SGDRegressor,GSA
str_m3_o21_o23_f0_pcu.sym.178.out,38.20333678915301,SGDRegressor,GSA
str_m3_o25_o26_f0_pcu.sym.74.out,38.34721657209276,SGDRegressor,GSA
str_m2_o8_o25_f0_pcu.sym.56.out,38.11479538426701,SGDRegressor,GSA
str_m3_o6_o21_f0_pcu.sym.67.out,38.15906608671001,SGDRegressor,GSA
str_m2_o21_o25_f0_pcu.sym.163.out,38.33614889648201,SGDRegressor,GSA
mof_13433,38.286344356233634,SGDRegressor,GSA
str_m2_o25_o29_f0_nbo.sym.90.out,38.120329222072385,SGDRegressor,GSA
str_m2_o20_o28_f0_nbo.sym.43.out,38.20333678915301,SGDRegressor,GSA
str_m3_o25_o27_f0_pcu.sym.151.out,38.059457006213265,SGDRegressor,GSA
str_m2_o6_o28_f0_pcu.sym.178.out,38.05392316840789,SGDRegressor,GSA
hypotheticalMOF_5073268_i_2_j_25_k_21_m_10,38.22547214037451,SGDRegressor,GSA
str_m2_o23_o25_f0_pcu.sym.28.out,38.17566760012613,SGDRegressor,GSA
str_m3_o23_o29_f0_nbo.sym.12.out,38.23100597817989,SGDRegressor,GSA
str_m2_o23_o27_f0_pcu.sym.94.out,38.059457006213265,SGDRegressor,GSA
str_m3_o3_o25_f0_pcu.sym.83.out,38.08712619524014,SGDRegressor,GSA
str_m2_o7_o23_f0_nbo.sym.132.out,38.30294586964976,SGDRegressor,GSA
str_m2_o25_o26_f0_pcu.sym.3.out,38.037321654991764,SGDRegressor,GSA
hypotheticalMOF_5039088_i_1_j_21_k_5_m_8,38.076058519629385,SGDRegressor,GSA
str_m2_o3_o27_f0_pcu.sym.177.out,38.21440446476376,SGDRegressor,GSA
str_m3_o23_o25_f0_pcu.sym.195.out,38.14799841109926,SGDRegressor,GSA
str_m2_o28_o29_f0_pcu.sym.171.out,38.25314132940139,SGDRegressor,GSA
str_m3_o6_o25_f0_pcu.sym.211.out,38.06499084401864,SGDRegressor,GSA
str_m2_o28_o29_f0_pcu.sym.155.out,38.20333678915301,SGDRegressor,GSA
str_m2_o23_o25_f0_pcu.sym.162.out,38.33614889648201,SGDRegressor,GSA
str_m3_o6_o21_f0_pcu.sym.87.out,38.02625397938101,SGDRegressor,GSA
str_m3_o29_o29_f0_pcu.sym.200.out,38.23653981598526,SGDRegressor,GSA
hypotheticalMOF_5022475_i_0_j_26_k_25_m_12,38.14799841109926,SGDRegressor,GSA
cds_A_Syn037780,38.21993830256913,SGDRegressor,GSA
str_m3_o3_o21_f0_pcu.sym.38.out,38.015186303770264,SGDRegressor,GSA
str_m2_o21_o23_f0_pcu.sym.207.out,38.031787817186384,SGDRegressor,GSA
mof_5038,38.031787817186384,SGDRegressor,GSA
hypotheticalMOF_3000147_i_1_j_23_k_23_m_13_cat_1,38.19226911354226,SGDRegressor,GSA
hypotheticalMOF_3001216_i_2_j_23_k_23_m_13_cat_1,38.26974284281751,SGDRegressor,GSA
str_m3_o6_o7_f0_pcu.sym.153.out,38.36381808550888,SGDRegressor,GSA
hypotheticalMOF_5073580_i_2_j_25_k_25_m_7,38.11479538426701,SGDRegressor,GSA
str_m3_o3_o25_f0_pcu.sym.181.out,38.33614889648201,SGDRegressor,GSA
str_m3_o6_o26_f0_pcu.sym.171.out,38.242073653790634,SGDRegressor,GSA
hypotheticalMOF_5029636_i_0_j_28_k_25_m_8,38.30294586964976,SGDRegressor,GSA
hypotheticalMOF_5048429_i_1_j_25_k_21_m_11,38.286344356233634,SGDRegressor,GSA
str_m3_o21_o27_f0_pcu.sym.9.out,38.04838933060251,SGDRegressor,GSA
str_m3_o23_o29_f0_pcu.sym.254.out,38.02625397938101,SGDRegressor,GSA
str_m2_o25_o28_f0_pcu.sym.245.out,38.35828424770351,SGDRegressor,GSA
hypotheticalMOF_5034250_i_1_j_19_k_5_m_4,38.23653981598526,SGDRegressor,GSA
hypotheticalMOF_3000354_i_1_j_24_k_24_m_12_cat_1,38.27527668062289,SGDRegressor,GSA
str_m2_o3_o23_f0_pcu.sym.118.out,38.308479707455135,SGDRegressor,GSA
hypotheticalMOF_3001214_i_2_j_23_k_23_m_13_cat_1,38.247607491596014,SGDRegressor,GSA
str_m3_o21_o23_f0_pcu.sym.56.out,38.30294586964976,SGDRegressor,GSA
str_m3_o23_o26_f0_pcu.sym.188.out,38.35828424770351,SGDRegressor,GSA
hypotheticalMOF_5048720_i_1_j_25_k_25_m_4,38.076058519629385,SGDRegressor,GSA
mof_11755,38.076058519629385,SGDRegressor,GSA
str_m2_o25_o27_f0_pcu.sym.239.out,38.29187819403901,SGDRegressor,GSA
str_m3_o21_o29_f0_pcu.sym.180.out,38.12586305987776,SGDRegressor,GSA
str_m2_o25_o25_f0_pcu.sym.14.out,38.164599924515386,SGDRegressor,GSA
str_m2_o23_o25_f0_pcu.sym.47.out,38.142464573293886,SGDRegressor,GSA
sod_B_Syn001036,38.09266003304551,SGDRegressor,GSA
str_m2_o21_o23_f0_pcu.sym.149.out,38.29187819403901,SGDRegressor,GSA
str_m2_o5_o7_f0_nbo.sym.12.out,38.28081051842826,SGDRegressor,GSA
mof_11663,38.27527668062289,SGDRegressor,GSA
str_m3_o34_o34_f0_pts.sym.30.out,38.15353224890464,SGDRegressor,GSA
str_m2_o25_o25_f0_pcu.sym.85.out,38.19780295134764,SGDRegressor,GSA
str_m2_o25_o29_f0_pcu.sym.250.out,38.35828424770351,SGDRegressor,GSA
str_m2_o23_o25_f0_pcu.sym.280.out,38.36381808550888,SGDRegressor,GSA
str_m2_o29_o29_f0_pcu.sym.162.out,38.17566760012613,SGDRegressor,GSA
str_m1_o3_o19_f0_pcu.sym.69.out,38.35828424770351,SGDRegressor,GSA
str_m3_o29_o29_f0_pcu.sym.61.out,38.18120143793151,SGDRegressor,GSA
str_m2_o23_o25_f0_pcu.sym.6.out,38.02625397938101,SGDRegressor,GSA
str_m2_o6_o25_f0_pcu.sym.251.out,38.36381808550888,SGDRegressor,GSA
hypotheticalMOF_3000362_i_1_j_24_k_24_m_12_cat_1,38.098193870850885,SGDRegressor,GSA
hypotheticalMOF_5072311_i_2_j_25_k_12_m_7,38.23100597817989,SGDRegressor,GSA
hypotheticalMOF_25988_i_1_j_17_k_5_m_11,38.120329222072385,SGDRegressor,GSA
hypotheticalMOF_5048359_i_1_j_25_k_21_m_5,38.22547214037451,SGDRegressor,GSA
hypotheticalMOF_5072313_i_2_j_25_k_12_m_7,38.286344356233634,SGDRegressor,GSA
hypotheticalMOF_5069133_i_2_j_23_k_21_m_6,38.120329222072385,SGDRegressor,GSA
mof_12441,38.142464573293886,SGDRegressor,GSA
str_m3_o3_o26_f0_pcu.sym.99.out,38.369351923314255,SGDRegressor,GSA
str_m2_o27_o28_f0_nbo.sym.226.out,38.07052468182401,SGDRegressor,GSA
str_m3_o25_o26_f0_pcu.sym.41.out,38.037321654991764,SGDRegressor,GSA
str_m2_o25_o26_f0_pcu.sym.181.out,38.28081051842826,SGDRegressor,GSA
str_m2_o23_o23_f0_pcu.sym.165.out,38.25314132940139,SGDRegressor,GSA
hypotheticalMOF_28744_i_2_j_5_k_5_m_5,38.00965246596489,SGDRegressor,GSA
str_m2_o6_o21_f0_pcu.sym.102.out,38.015186303770264,SGDRegressor,GSA
hypotheticalMOF_5076325_i_2_j_27_k_5_m_12,38.18120143793151,SGDRegressor,GSA
str_m2_o3_o3_f0_pcu.sym.195.out,38.29741203184439,SGDRegressor,GSA
hypotheticalMOF_5053585_i_1_j_27_k_25_m_14,38.120329222072385,SGDRegressor,GSA
hypotheticalMOF_25951_i_1_j_17_k_5_m_6,38.08159235743476,SGDRegressor,GSA
hypotheticalMOF_1966_i_0_j_5_k_5_m_0_cat_1,38.242073653790634,SGDRegressor,GSA
hypotheticalMOF_1436_i_0_j_5_k_1_m_0_cat_1,38.31401354526051,SGDRegressor,GSA
str_m2_o21_o25_f0_pcu.sym.39.out,38.103727708656265,SGDRegressor,GSA
str_m3_o25_o29_f0_pcu.sym.231.out,38.15906608671001,SGDRegressor,GSA
str_m2_o25_o25_f0_pcu.sym.125.out,38.29187819403901,SGDRegressor,GSA
str_m3_o21_o25_f0_pcu.sym.112.out,38.28081051842826,SGDRegressor,GSA
str_m2_o6_o23_f0_pcu.sym.86.out,38.098193870850885,SGDRegressor,GSA
str_m2_o29_o29_f0_pcu.sym.3.out,38.21440446476376,SGDRegressor,GSA
str_m2_o25_o25_f0_pcu.sym.103.out,38.22547214037451,SGDRegressor,GSA
hypotheticalMOF_5048368_i_1_j_25_k_21_m_6,38.286344356233634,SGDRegressor,GSA
str_m3_o23_o25_f0_pcu.sym.16.out,38.00965246596489,SGDRegressor,GSA
str_m2_o21_o25_f0_pcu.sym.117.out,38.164599924515386,SGDRegressor,GSA
hypotheticalMOF_5017832_i_0_j_25_k_12_m_6,38.30294586964976,SGDRegressor,GSA
str_m3_o23_o25_f0_pcu.sym.198.out,38.09266003304551,SGDRegressor,GSA
hypotheticalMOF_5047432_i_1_j_25_k_12_m_11,38.34168273428739,SGDRegressor,GSA
hypotheticalMOF_5017022_i_0_j_25_k_6_m_0_cat_1,38.11479538426701,SGDRegressor,GSA
hypotheticalMOF_28748_i_2_j_5_k_5_m_6,38.04285549279714,SGDRegressor,GSA
str_m2_o25_o25_f0_pcu.sym.79.out,38.23100597817989,SGDRegressor,GSA
str_m2_o8_o25_f0_pcu.sym.177.out,38.103727708656265,SGDRegressor,GSA
str_m2_o25_o26_f0_pcu.sym.164.out,38.08712619524014,SGDRegressor,GSA
hypotheticalMOF_5048493_i_1_j_25_k_22_m_11,38.308479707455135,SGDRegressor,GSA
str_m2_o3_o17_f0_pcu.sym.151.out,38.12586305987776,SGDRegressor,GSA
hypotheticalMOF_5039904_i_1_j_21_k_12_m_6,38.28081051842826,SGDRegressor,GSA
mof_5033,38.20333678915301,SGDRegressor,GSA
str_m2_o25_o25_f0_pcu.sym.40.out,38.04285549279714,SGDRegressor,GSA
str_m2_o8_o25_f0_pcu.sym.152.out,38.04285549279714,SGDRegressor,GSA
hypotheticalMOF_5048423_i_1_j_25_k_21_m_11,38.36381808550888,SGDRegressor,GSA
UHUQAQ01_UM,38.34721657209276,SGDRegressor,GSA
hypotheticalMOF_5042630_i_1_j_23_k_2_m_0_cat_1,38.17566760012613,SGDRegressor,GSA
hypotheticalMOF_5035910_i_1_j_20_k_2_m_0_cat_1,38.10926154646164,SGDRegressor,GSA
GALHAE_CSD17,38.04285549279714,SGDRegressor,GSA
HICKOU_CSD17,40.816472278093414,LinearRegression,VSA
HICKOU01_CSD17,41.15508096977217,LinearRegression,VSA
PAMTIH_CSD17,44.07942876154332,LinearRegression,VSA
hypotheticalMOF_5008954_i_0_j_21_k_21_m_0_cat_1,38.56934186967979,LinearRegression,VSA
hypotheticalMOF_5008958_i_0_j_21_k_21_m_0_cat_1,38.22047230855622,LinearRegression,VSA
hypotheticalMOF_5007664_i_0_j_21_k_12_m_0_cat_1,38.456472305786875,LinearRegression,VSA
hypotheticalMOF_5007703_i_0_j_21_k_12_m_4_cat_1,38.384646219673186,LinearRegression,VSA
hypotheticalMOF_5050297_i_1_j_26_k_20_m_6_cat_1,40.11873315584626,LinearRegression,VSA
hypotheticalMOF_5037584_i_1_j_20_k_12_m_14_cat_1,40.01612446139815,LinearRegression,VSA
hypotheticalMOF_5052967_i_1_j_27_k_20_m_10_cat_1,39.95455924472928,LinearRegression,VSA
hypotheticalMOF_5005763_i_0_j_20_k_19_m_11_cat_1,38.04603752799443,LinearRegression,VSA
hypotheticalMOF_5005799_i_0_j_20_k_19_m_13_cat_1,38.107602744663296,LinearRegression,VSA
hypotheticalMOF_5037328_i_1_j_20_k_12_m_1_cat_1,40.04690706973258,LinearRegression,VSA
hypotheticalMOF_5037552_i_1_j_20_k_12_m_12_cat_1,40.026385330842956,LinearRegression,VSA
hypotheticalMOF_5005663_i_0_j_20_k_19_m_6_cat_1,38.27177665578027,LinearRegression,VSA
hypotheticalMOF_5005615_i_0_j_20_k_19_m_4_cat_1,38.035776658549615,LinearRegression,VSA
hypotheticalMOF_5037592_i_1_j_20_k_12_m_14_cat_1,40.10847228640145,LinearRegression,VSA
hypotheticalMOF_5052988_i_1_j_27_k_20_m_12_cat_1,39.76986359472268,LinearRegression,VSA
hypotheticalMOF_5005743_i_0_j_20_k_19_m_10_cat_1,38.035776658549615,LinearRegression,VSA
hypotheticalMOF_5055562_i_1_j_28_k_20_m_11_cat_1,40.03664620028777,LinearRegression,VSA
hypotheticalMOF_5037360_i_1_j_20_k_12_m_3_cat_1,39.934037505839655,LinearRegression,VSA
hypotheticalMOF_5037504_i_1_j_20_k_12_m_10_cat_1,40.10847228640145,LinearRegression,VSA
hypotheticalMOF_5037508_i_1_j_20_k_12_m_10_cat_1,40.10847228640145,LinearRegression,VSA
hypotheticalMOF_5005747_i_0_j_20_k_19_m_11_cat_1,38.00499405021518,LinearRegression,VSA
hypotheticalMOF_5036306_i_1_j_20_k_4_m_13_cat_1,39.87247228917079,LinearRegression,VSA
hypotheticalMOF_5037400_i_1_j_20_k_12_m_5_cat_1,40.10847228640145,LinearRegression,VSA
hypotheticalMOF_5037536_i_1_j_20_k_12_m_12_cat_1,39.739080986388245,LinearRegression,VSA
hypotheticalMOF_5005723_i_0_j_20_k_19_m_9_cat_1,38.00499405021518,LinearRegression,VSA
hypotheticalMOF_5005807_i_0_j_20_k_19_m_14_cat_1,38.07682013632886,LinearRegression,VSA
hypotheticalMOF_5037428_i_1_j_20_k_12_m_6_cat_1,40.00586359195334,LinearRegression,VSA
hypotheticalMOF_5037540_i_1_j_20_k_12_m_12_cat_1,39.944298375284475,LinearRegression,VSA
hypotheticalMOF_5005595_i_0_j_20_k_19_m_3_cat_1,38.015254919659995,LinearRegression,VSA
hypotheticalMOF_5037364_i_1_j_20_k_12_m_3_cat_1,40.00586359195334,LinearRegression,VSA
hypotheticalMOF_5045811_i_1_j_24_k_20_m_11_cat_1,40.01612446139815,LinearRegression,VSA
hypotheticalMOF_5005591_i_0_j_20_k_19_m_3_cat_1,38.035776658549615,LinearRegression,VSA
hypotheticalMOF_5005691_i_0_j_20_k_19_m_8_cat_1,38.015254919659995,LinearRegression,VSA
hypotheticalMOF_5005751_i_0_j_20_k_19_m_11_cat_1,38.015254919659995,LinearRegression,VSA
hypotheticalMOF_5037524_i_1_j_20_k_12_m_11_cat_1,40.11873315584626,LinearRegression,VSA
hypotheticalMOF_5005755_i_0_j_20_k_19_m_11_cat_1,38.0255157891048,LinearRegression,VSA
hypotheticalMOF_5037408_i_1_j_20_k_12_m_5_cat_1,40.10847228640145,LinearRegression,VSA
hypotheticalMOF_5005587_i_0_j_20_k_19_m_3_cat_1,38.035776658549615,LinearRegression,VSA
hypotheticalMOF_5005811_i_0_j_20_k_19_m_14_cat_1,38.00499405021518,LinearRegression,VSA
hypotheticalMOF_5037320_i_1_j_20_k_12_m_1_cat_1,40.10847228640145,LinearRegression,VSA
hypotheticalMOF_5037404_i_1_j_20_k_12_m_5_cat_1,40.026385330842956,LinearRegression,VSA
hypotheticalMOF_5037672_i_1_j_20_k_13_m_8_cat_1,40.026385330842956,LinearRegression,VSA
hypotheticalMOF_5037316_i_1_j_20_k_12_m_1_cat_1,40.10847228640145,LinearRegression,VSA
hypotheticalMOF_5052841_i_1_j_27_k_20_m_1_cat_1,39.892994028060414,LinearRegression,VSA
hypotheticalMOF_5037392_i_1_j_20_k_12_m_4_cat_1,40.10847228640145,LinearRegression,VSA
hypotheticalMOF_5037432_i_1_j_20_k_12_m_6_cat_1,40.01612446139815,LinearRegression,VSA
hypotheticalMOF_5057856_i_1_j_29_k_20_m_10_cat_1,39.90325489750522,LinearRegression,VSA
hypotheticalMOF_5037460_i_1_j_20_k_12_m_8_cat_1,39.99560272250852,LinearRegression,VSA
hypotheticalMOF_5037480_i_1_j_20_k_12_m_9_cat_1,40.10847228640145,LinearRegression,VSA
hypotheticalMOF_5037560_i_1_j_20_k_12_m_13_cat_1,40.026385330842956,LinearRegression,VSA
hypotheticalMOF_5005559_i_0_j_20_k_19_m_1_cat_1,38.17942883077697,LinearRegression,VSA
hypotheticalMOF_5005567_i_0_j_20_k_19_m_2_cat_1,38.00499405021518,LinearRegression,VSA
hypotheticalMOF_5005599_i_0_j_20_k_19_m_3_cat_1,38.13838535299772,LinearRegression,VSA
hypotheticalMOF_5040788_i_1_j_21_k_20_m_6_cat_1,39.82116794194674,LinearRegression,VSA
hypotheticalMOF_5005647_i_0_j_20_k_19_m_6_cat_1,38.0255157891048,LinearRegression,VSA
hypotheticalMOF_5037496_i_1_j_20_k_12_m_10_cat_1,39.92377663639485,LinearRegression,VSA
hypotheticalMOF_5044087_i_1_j_23_k_20_m_13_cat_1,39.88273315861561,LinearRegression,VSA
hypotheticalMOF_5035789_i_1_j_20_k_0_m_14_cat_1,39.934037505839655,LinearRegression,VSA
hypotheticalMOF_5037544_i_1_j_20_k_12_m_12_cat_1,40.28290706696323,LinearRegression,VSA
hypotheticalMOF_5044022_i_1_j_23_k_20_m_6_cat_1,40.026385330842956,LinearRegression,VSA
hypotheticalMOF_5037376_i_1_j_20_k_12_m_4_cat_1,40.026385330842956,LinearRegression,VSA
hypotheticalMOF_5005675_i_0_j_20_k_19_m_7_cat_1,38.056298397439235,LinearRegression,VSA
hypotheticalMOF_5037516_i_1_j_20_k_12_m_11_cat_1,40.10847228640145,LinearRegression,VSA
hypotheticalMOF_5045750_i_1_j_24_k_20_m_5_cat_1,40.2521244586288,LinearRegression,VSA
hypotheticalMOF_5037356_i_1_j_20_k_12_m_3_cat_1,40.10847228640145,LinearRegression,VSA
hypotheticalMOF_5037512_i_1_j_20_k_12_m_10_cat_1,40.10847228640145,LinearRegression,VSA
hypotheticalMOF_5038401_i_1_j_20_k_20_m_15_cat_1,39.95455924472928,LinearRegression,VSA
hypotheticalMOF_5057848_i_1_j_29_k_20_m_9_cat_1,40.05716793917739,LinearRegression,VSA
hypotheticalMOF_5037340_i_1_j_20_k_12_m_2_cat_1,40.24186358918399,LinearRegression,VSA
hypotheticalMOF_5037444_i_1_j_20_k_12_m_7_cat_1,40.10847228640145,LinearRegression,VSA
hypotheticalMOF_5037564_i_1_j_20_k_12_m_13_cat_1,39.86221141972598,LinearRegression,VSA
hypotheticalMOF_5037576_i_1_j_20_k_12_m_14_cat_1,40.11873315584626,LinearRegression,VSA
hypotheticalMOF_5037384_i_1_j_20_k_12_m_4_cat_1,40.10847228640145,LinearRegression,VSA
hypotheticalMOF_5037368_i_1_j_20_k_12_m_3_cat_1,40.10847228640145,LinearRegression,VSA
hypotheticalMOF_5037520_i_1_j_20_k_12_m_11_cat_1,40.10847228640145,LinearRegression,VSA
hypotheticalMOF_5005795_i_0_j_20_k_19_m_13_cat_1,38.00499405021518,LinearRegression,VSA
hypotheticalMOF_5005823_i_0_j_20_k_19_m_14_cat_1,38.035776658549615,LinearRegression,VSA
hypotheticalMOF_5037416_i_1_j_20_k_12_m_6_cat_1,40.10847228640145,LinearRegression,VSA
hypotheticalMOF_5037476_i_1_j_20_k_12_m_9_cat_1,39.90325489750522,LinearRegression,VSA
hypotheticalMOF_5045827_i_1_j_24_k_20_m_13_cat_1,39.934037505839655,LinearRegression,VSA
hypotheticalMOF_5005575_i_0_j_20_k_19_m_2_cat_1,38.056298397439235,LinearRegression,VSA
hypotheticalMOF_5037388_i_1_j_20_k_12_m_4_cat_1,40.10847228640145,LinearRegression,VSA
hypotheticalMOF_5038213_i_1_j_20_k_19_m_5_cat_1,39.851950550281174,LinearRegression,VSA
hypotheticalMOF_5045716_i_1_j_24_k_20_m_3_cat_1,39.97508098361891,LinearRegression,VSA
hypotheticalMOF_5005539_i_0_j_20_k_19_m_0_cat_1,38.00499405021518,LinearRegression,VSA
hypotheticalMOF_5037436_i_1_j_20_k_12_m_7_cat_1,39.96482011417409,LinearRegression,VSA
hypotheticalMOF_5037568_i_1_j_20_k_12_m_13_cat_1,40.10847228640145,LinearRegression,VSA
hypotheticalMOF_5040696_i_1_j_21_k_20_m_1_cat_1,40.10847228640145,LinearRegression,VSA
hypotheticalMOF_5035698_i_1_j_20_k_0_m_4_cat_1,40.03664620028777,LinearRegression,VSA
hypotheticalMOF_5037488_i_1_j_20_k_12_m_9_cat_1,40.10847228640145,LinearRegression,VSA
hypotheticalMOF_5037500_i_1_j_20_k_12_m_10_cat_1,39.99560272250852,LinearRegression,VSA
hypotheticalMOF_5038405_i_1_j_20_k_20_m_15_cat_1,40.00586359195334,LinearRegression,VSA
hypotheticalMOF_5037556_i_1_j_20_k_12_m_13_cat_1,39.88273315861561,LinearRegression,VSA
hypotheticalMOF_5037588_i_1_j_20_k_12_m_14_cat_1,40.026385330842956,LinearRegression,VSA
hypotheticalMOF_5043974_i_1_j_23_k_20_m_2_cat_1,39.66725490027457,LinearRegression,VSA
hypotheticalMOF_5037396_i_1_j_20_k_12_m_5_cat_1,39.934037505839655,LinearRegression,VSA
hypotheticalMOF_5005707_i_0_j_20_k_19_m_9_cat_1,38.015254919659995,LinearRegression,VSA
hypotheticalMOF_5037324_i_1_j_20_k_12_m_1_cat_1,40.10847228640145,LinearRegression,VSA
hypotheticalMOF_5037448_i_1_j_20_k_12_m_7_cat_1,40.10847228640145,LinearRegression,VSA
hypotheticalMOF_5037420_i_1_j_20_k_12_m_6_cat_1,40.10847228640145,LinearRegression,VSA
hypotheticalMOF_5050293_i_1_j_26_k_20_m_6_cat_1,40.01612446139815,LinearRegression,VSA
hypotheticalMOF_5005759_i_0_j_20_k_19_m_11_cat_1,38.00499405021518,LinearRegression,VSA
hypotheticalMOF_5037452_i_1_j_20_k_12_m_7_cat_1,40.10847228640145,LinearRegression,VSA
hypotheticalMOF_5037492_i_1_j_20_k_12_m_9_cat_1,40.10847228640145,LinearRegression,VSA
hypotheticalMOF_5037308_i_1_j_20_k_12_m_0_cat_1,40.128994025291064,LinearRegression,VSA
hypotheticalMOF_5037528_i_1_j_20_k_12_m_11_cat_1,39.944298375284475,LinearRegression,VSA
hypotheticalMOF_5037572_i_1_j_20_k_12_m_13_cat_1,39.95455924472928,LinearRegression,VSA
hypotheticalMOF_5038281_i_1_j_20_k_19_m_9_cat_1,40.10847228640145,LinearRegression,VSA
hypotheticalMOF_5037412_i_1_j_20_k_12_m_5_cat_1,40.11873315584626,LinearRegression,VSA
hypotheticalMOF_5037464_i_1_j_20_k_12_m_8_cat_1,40.01612446139815,LinearRegression,VSA
hypotheticalMOF_5037332_i_1_j_20_k_12_m_1_cat_1,40.04690706973258,LinearRegression,VSA
hypotheticalMOF_5037336_i_1_j_20_k_12_m_2_cat_1,40.10847228640145,LinearRegression,VSA
hypotheticalMOF_5037344_i_1_j_20_k_12_m_2_cat_1,39.90325489750522,LinearRegression,VSA
hypotheticalMOF_5037532_i_1_j_20_k_12_m_11_cat_1,40.10847228640145,LinearRegression,VSA
hypotheticalMOF_5037548_i_1_j_20_k_12_m_12_cat_1,40.10847228640145,LinearRegression,VSA
hypotheticalMOF_5038409_i_1_j_20_k_20_m_15_cat_1,39.91351576695004,LinearRegression,VSA
hypotheticalMOF_5037456_i_1_j_20_k_12_m_8_cat_1,40.11873315584626,LinearRegression,VSA
hypotheticalMOF_5037372_i_1_j_20_k_12_m_3_cat_1,40.01612446139815,LinearRegression,VSA
hypotheticalMOF_5005767_i_0_j_20_k_19_m_12_cat_1,38.015254919659995,LinearRegression,VSA
hypotheticalMOF_5005739_i_0_j_20_k_19_m_10_cat_1,38.00499405021518,LinearRegression,VSA
hypotheticalMOF_5037468_i_1_j_20_k_12_m_8_cat_1,39.934037505839655,LinearRegression,VSA
hypotheticalMOF_5037424_i_1_j_20_k_12_m_6_cat_1,40.10847228640145,LinearRegression,VSA
hypotheticalMOF_5037380_i_1_j_20_k_12_m_4_cat_1,40.10847228640145,LinearRegression,VSA
hypotheticalMOF_5037312_i_1_j_20_k_12_m_0_cat_1,40.10847228640145,LinearRegression,VSA
hypotheticalMOF_5005819_i_0_j_20_k_19_m_14_cat_1,38.04603752799443,LinearRegression,VSA
hypotheticalMOF_5037580_i_1_j_20_k_12_m_14_cat_1,40.01612446139815,LinearRegression,VSA
hypotheticalMOF_5042284_i_1_j_22_k_20_m_7_cat_1,40.05716793917739,LinearRegression,VSA
hypotheticalMOF_5037484_i_1_j_20_k_12_m_9_cat_1,40.10847228640145,LinearRegression,VSA
hypotheticalMOF_5005679_i_0_j_20_k_19_m_7_cat_1,38.00499405021518,LinearRegression,VSA
hypotheticalMOF_5045703_i_1_j_24_k_20_m_2_cat_1,39.985341853063716,LinearRegression,VSA
hypotheticalMOF_5036622_i_1_j_20_k_6_m_9_cat_1,40.180298372515125,LinearRegression,VSA
hypotheticalMOF_5037352_i_1_j_20_k_12_m_2_cat_1,40.10847228640145,LinearRegression,VSA
hypotheticalMOF_5037440_i_1_j_20_k_12_m_7_cat_1,39.92377663639485,LinearRegression,VSA
hypotheticalMOF_5036666_i_1_j_20_k_6_m_12_cat_1,39.95455924472928,LinearRegression,VSA
hypotheticalMOF_5005695_i_0_j_20_k_19_m_8_cat_1,38.06655926688405,LinearRegression,VSA
IHINES_CSD17,45.19786353102772,LinearRegression,VSA
hypotheticalMOF_5037348_i_1_j_20_k_12_m_2_cat_1,39.944298375284475,LinearRegression,VSA
VAJTOR_CSD17,38.19995056966659,LinearRegression,VSA
LUWNOG_CSD17,42.17090704480847,LinearRegression,VSA
hypotheticalMOF_5021681_i_0_j_26_k_19_m_9_cat_1,39.07212447247554,LinearRegression,VSA
hypotheticalMOF_5028829_i_0_j_28_k_19_m_8_cat_1,38.79508099746563,LinearRegression,VSA
hypotheticalMOF_5000981_i_0_j_19_k_6_m_2_cat_1,39.16447229747883,LinearRegression,VSA
hypotheticalMOF_5002615_i_0_j_19_k_19_m_15_cat_1,39.12342881969958,LinearRegression,VSA
hypotheticalMOF_5001888_i_0_j_19_k_12_m_4_cat_1,39.12342881969958,LinearRegression,VSA
hypotheticalMOF_5008611_i_0_j_21_k_19_m_10_cat_1,38.99003751691704,LinearRegression,VSA
hypotheticalMOF_5001989_i_0_j_19_k_12_m_12_cat_1,39.16447229747883,LinearRegression,VSA
hypotheticalMOF_5005551_i_0_j_20_k_19_m_1_cat_1,39.20551577525808,LinearRegression,VSA
hypotheticalMOF_5013018_i_0_j_23_k_19_m_11_cat_1,39.020820125251475,LinearRegression,VSA
hypotheticalMOF_5002093_i_0_j_19_k_13_m_8_cat_1,39.11316795025478,LinearRegression,VSA
hypotheticalMOF_5001838_i_0_j_19_k_12_m_1_cat_1,38.83612447524488,LinearRegression,VSA
hypotheticalMOF_5001128_i_0_j_19_k_7_m_2_cat_1,39.09264621136515,LinearRegression,VSA
hypotheticalMOF_5001849_i_0_j_19_k_12_m_1_cat_1,38.8566462141345,LinearRegression,VSA
hypotheticalMOF_5001952_i_0_j_19_k_12_m_9_cat_1,39.12342881969958,LinearRegression,VSA
hypotheticalMOF_5002010_i_0_j_19_k_12_m_14_cat_1,39.15421142803402,LinearRegression,VSA
hypotheticalMOF_5021616_i_0_j_26_k_19_m_2_cat_1,39.05160273358591,LinearRegression,VSA
hypotheticalMOF_5001880_i_0_j_19_k_12_m_4_cat_1,39.000298386361855,LinearRegression,VSA
hypotheticalMOF_5001892_i_0_j_19_k_12_m_5_cat_1,39.16447229747883,LinearRegression,VSA
hypotheticalMOF_5001907_i_0_j_19_k_12_m_6_cat_1,39.24655925303732,LinearRegression,VSA
hypotheticalMOF_5015410_i_0_j_24_k_19_m_1_cat_1,39.24655925303732,LinearRegression,VSA
hypotheticalMOF_5001997_i_0_j_19_k_12_m_13_cat_1,39.05160273358591,LinearRegression,VSA
hypotheticalMOF_5001976_i_0_j_19_k_12_m_11_cat_1,39.16447229747883,LinearRegression,VSA
hypotheticalMOF_5001865_i_0_j_19_k_12_m_2_cat_1,39.18499403636845,LinearRegression,VSA
hypotheticalMOF_5008529_i_0_j_21_k_19_m_5_cat_1,39.33890707804062,LinearRegression,VSA
hypotheticalMOF_5001918_i_0_j_19_k_12_m_7_cat_1,39.08238534192034,LinearRegression,VSA
hypotheticalMOF_5001834_i_0_j_19_k_12_m_1_cat_1,39.03108099469629,LinearRegression,VSA
hypotheticalMOF_5002623_i_0_j_19_k_19_m_15_cat_1,38.9489940391378,LinearRegression,VSA
hypotheticalMOF_5001254_i_0_j_19_k_8_m_1_cat_1,38.8566462141345,LinearRegression,VSA
hypotheticalMOF_5018542_i_0_j_25_k_19_m_2_cat_1,39.03108099469629,LinearRegression,VSA
hypotheticalMOF_5001869_i_0_j_19_k_12_m_3_cat_1,39.03108099469629,LinearRegression,VSA
hypotheticalMOF_5001911_i_0_j_19_k_12_m_6_cat_1,39.12342881969958,LinearRegression,VSA
hypotheticalMOF_5000726_i_0_j_19_k_4_m_13_cat_1,38.8566462141345,LinearRegression,VSA
hypotheticalMOF_5001956_i_0_j_19_k_12_m_10_cat_1,39.03108099469629,LinearRegression,VSA
hypotheticalMOF_5005667_i_0_j_20_k_19_m_7_cat_1,39.0413418641411,LinearRegression,VSA
hypotheticalMOF_5001960_i_0_j_19_k_12_m_10_cat_1,39.03108099469629,LinearRegression,VSA
hypotheticalMOF_5001980_i_0_j_19_k_12_m_11_cat_1,39.12342881969958,LinearRegression,VSA
hypotheticalMOF_5001945_i_0_j_19_k_12_m_9_cat_1,39.24655925303732,LinearRegression,VSA
hypotheticalMOF_5025139_i_0_j_27_k_19_m_5_cat_1,39.1336896891444,LinearRegression,VSA
hypotheticalMOF_5001861_i_0_j_19_k_12_m_2_cat_1,38.96951577802742,LinearRegression,VSA
hypotheticalMOF_5000051_i_0_j_19_k_0_m_4_cat_1,38.99003751691704,LinearRegression,VSA
hypotheticalMOF_5001857_i_0_j_19_k_12_m_2_cat_1,38.96951577802742,LinearRegression,VSA
hypotheticalMOF_5005579_i_0_j_20_k_19_m_2_cat_1,39.10290708080997,LinearRegression,VSA
hypotheticalMOF_5015556_i_0_j_24_k_19_m_14_cat_1,39.14395055858921,LinearRegression,VSA
hypotheticalMOF_5001993_i_0_j_19_k_12_m_12_cat_1,39.24655925303732,LinearRegression,VSA
hypotheticalMOF_5012987_i_0_j_23_k_19_m_8_cat_1,39.08238534192034,LinearRegression,VSA
hypotheticalMOF_5001934_i_0_j_19_k_12_m_8_cat_1,39.12342881969958,LinearRegression,VSA
hypotheticalMOF_5001415_i_0_j_19_k_9_m_8_cat_1,38.8566462141345,LinearRegression,VSA
hypotheticalMOF_5001930_i_0_j_19_k_12_m_8_cat_1,39.000298386361855,LinearRegression,VSA
hypotheticalMOF_5015533_i_0_j_24_k_19_m_11_cat_1,39.28760273081656,LinearRegression,VSA
hypotheticalMOF_5001926_i_0_j_19_k_12_m_7_cat_1,39.15421142803402,LinearRegression,VSA
hypotheticalMOF_5001941_i_0_j_19_k_12_m_8_cat_1,39.12342881969958,LinearRegression,VSA
hypotheticalMOF_5000183_i_0_j_19_k_1_m_1_cat_1,39.03108099469629,LinearRegression,VSA
hypotheticalMOF_5002619_i_0_j_19_k_19_m_15_cat_1,38.866907083579314,LinearRegression,VSA
hypotheticalMOF_5032229_i_0_j_29_k_19_m_12_cat_1,38.93873316969299,LinearRegression,VSA
hypotheticalMOF_5001968_i_0_j_19_k_12_m_10_cat_1,38.96951577802742,LinearRegression,VSA
hypotheticalMOF_5001884_i_0_j_19_k_12_m_4_cat_1,39.12342881969958,LinearRegression,VSA
hypotheticalMOF_5001972_i_0_j_19_k_12_m_11_cat_1,39.12342881969958,LinearRegression,VSA
hypotheticalMOF_5001985_i_0_j_19_k_12_m_12_cat_1,39.12342881969958,LinearRegression,VSA
hypotheticalMOF_5000433_i_0_j_19_k_3_m_1_cat_1,38.96951577802742,LinearRegression,VSA
hypotheticalMOF_5000411_i_0_j_19_k_2_m_13_cat_1,38.75403751968639,LinearRegression,VSA
hypotheticalMOF_5001853_i_0_j_19_k_12_m_2_cat_1,39.16447229747883,LinearRegression,VSA
hypotheticalMOF_5001964_i_0_j_19_k_12_m_10_cat_1,39.24655925303732,LinearRegression,VSA
hypotheticalMOF_5001899_i_0_j_19_k_12_m_5_cat_1,39.12342881969958,LinearRegression,VSA
hypotheticalMOF_5012991_i_0_j_23_k_19_m_8_cat_1,38.846385344689686,LinearRegression,VSA
hypotheticalMOF_5001184_i_0_j_19_k_7_m_7_cat_1,38.96951577802742,LinearRegression,VSA
hypotheticalMOF_5000004_i_0_j_19_k_0_m_0_cat_1,39.01055925580667,LinearRegression,VSA
hypotheticalMOF_5001842_i_0_j_19_k_12_m_1_cat_1,39.12342881969958,LinearRegression,VSA
hypotheticalMOF_5001903_i_0_j_19_k_12_m_6_cat_1,39.05160273358591,LinearRegression,VSA
hypotheticalMOF_5001873_i_0_j_19_k_12_m_3_cat_1,39.16447229747883,LinearRegression,VSA
hypotheticalMOF_5001922_i_0_j_19_k_12_m_7_cat_1,39.24655925303732,LinearRegression,VSA
hypotheticalMOF_5010654_i_0_j_22_k_19_m_1_cat_1,38.96951577802742,LinearRegression,VSA
mof_12876,38.507796285778916,LinearRegression,VF
mof_8130,38.507796285778916,LinearRegression,VF
mof_8350,38.507796285778916,LinearRegression,VF
mof_11025,38.507796285778916,LinearRegression,VF
mof_13047,38.507796285778916,LinearRegression,VF
str_m2_o3_o28_f0_nbo.sym.3.out,38.507796285778916,LinearRegression,VF
mof_8351,38.507796285778916,LinearRegression,VF
mof_12520,38.507796285778916,LinearRegression,VF
mof_12828,38.507796285778916,LinearRegression,VF
mof_13253,38.507796285778916,LinearRegression,VF
mof_13188,38.507796285778916,LinearRegression,VF
mof_12528,38.507796285778916,LinearRegression,VF
mof_13260,39.191035155928134,LinearRegression,VF
str_m3_o28_o29_f0_nbo.sym.2.out,38.507796285778916,LinearRegression,VF
mof_12477,38.507796285778916,LinearRegression,VF
mof_12535,38.507796285778916,LinearRegression,VF
mof_12770,38.507796285778916,LinearRegression,VF
str_m3_o28_o29_f0_nbo.sym.52.out,38.507796285778916,LinearRegression,VF
mof_12539,39.191035155928134,LinearRegression,VF
POXKIX_CSD17,40.557512896226584,LinearRegression,VF
UCIBAK_CSD17,39.87427402607736,LinearRegression,VF
UCEZUY_CSD17,38.507796285778916,LinearRegression,VF
FASTIC10_CSD17,39.191035155928134,LinearRegression,VF
FASTIC_CSD17,39.191035155928134,LinearRegression,VF
HEWNOM_CSD17,38.507796285778916,LinearRegression,VF
KUXDOW_CSD17,38.507796285778916,LinearRegression,VF
DISRUU_CSD17,39.191035155928134,LinearRegression,VF
IWIZAP_CSD17,39.191035155928134,LinearRegression,VF
WUQRUV_CSD17,39.191035155928134,LinearRegression,VF
QARSEI01_CSD17,38.507796285778916,LinearRegression,VF
GAHWIX_UM,39.87427402607736,LinearRegression,VF
CESFOW_UM,40.557512896226584,LinearRegression,VF
OKERAY_UM,41.2407517663758,LinearRegression,VF
str_m3_o20_o23_f0_nbo.sym.23.out,38.55556820490326,LinearRegression,PV
str_m3_o20_o23_f0_nbo.sym.153.out,38.657791682645154,LinearRegression,PV
str_m1_o27_o27_f0_pcu.sym.2.out,38.09556255506472,LinearRegression,PV
str_m2_o20_o23_f0_nbo.sym.95.out,38.657791682645154,LinearRegression,PV
str_m3_o20_o27_f0_nbo.sym.14.out,41.775607753773045,LinearRegression,PV
str_m3_o20_o27_f0_nbo.sym.84.out,38.04445081619377,LinearRegression,PV
str_m2_o20_o23_f0_nbo.sym.151.out,38.657791682645154,LinearRegression,PV
str_m3_o20_o27_f0_nbo.sym.39.out,39.88447341554793,LinearRegression,PV
str_m3_o20_o29_f0_nbo.sym.20.out,38.60667994377421,LinearRegression,PV
str_m3_o20_o27_f0_nbo.sym.19.out,41.5200490594183,LinearRegression,PV
str_m2_o20_o27_f0_nbo.sym.42.out,40.34447906538647,LinearRegression,PV
str_m2_o20_o27_f0_nbo.sym.16.out,40.497814281999325,LinearRegression,PV
str_m2_o6_o20_f0_nbo.sym.10.out,39.16890907135465,LinearRegression,PV
str_m3_o20_o28_f0_nbo.sym.54.out,38.19778603280662,LinearRegression,PV
str_m3_o20_o28_f0_nbo.sym.67.out,38.19778603280662,LinearRegression,PV
mof_2904,40.24225558764458,LinearRegression,PV
str_m3_o20_o29_f0_nbo.sym.23.out,41.775607753773045,LinearRegression,PV
str_m2_o20_o27_f0_nbo.sym.57.out,39.0155738547418,LinearRegression,PV
str_m2_o20_o28_f0_nbo.sym.62.out,40.753372976354065,LinearRegression,PV
str_m2_o20_o28_f0_nbo.sym.34.out,38.24889777167757,LinearRegression,PV
str_m2_o20_o28_f0_nbo.sym.41.out,41.26449036506355,LinearRegression,PV
str_m3_o20_o29_f0_nbo.sym.91.out,39.27113254909655,LinearRegression,PV
str_m2_o20_o27_f0_nbo.sym.80.out,39.47557950458034,LinearRegression,PV
str_m3_o20_o28_f0_nbo.sym.90.out,39.32224428796749,LinearRegression,PV
str_m2_o20_o28_f0_nbo.sym.49.out,38.14667429393567,LinearRegression,PV
str_m3_o20_o27_f0_nbo.sym.97.out,38.50445646603231,LinearRegression,PV
str_m3_o20_o29_f0_nbo.sym.96.out,40.753372976354065,LinearRegression,PV
str_m3_o2_o3_f0_nbo.sym.33.out,39.16890907135465,LinearRegression,PV
mof_13143,38.19778603280662,LinearRegression,PV
str_m3_o20_o29_f0_nbo.sym.18.out,38.30000951054852,LinearRegression,PV
str_m2_o20_o27_f0_nbo.sym.89.out,39.0155738547418,LinearRegression,PV
mof_11942,39.98669689328983,LinearRegression,PV
str_m2_o17_o27_f0_nbo.sym.25.out,38.30000951054852,LinearRegression,PV
str_m2_o6_o7_f0_nbo.sym.199.out,38.19778603280662,LinearRegression,PV
mof_11176,38.86223863812896,LinearRegression,PV
str_m2_o2_o28_f0_nbo.sym.38.out,38.04445081619377,LinearRegression,PV
str_m1_o3_o29_f0_pcu.sym.7.out,38.9133503769999,LinearRegression,PV
str_m2_o20_o28_f0_nbo.sym.59.out,40.037808632160775,LinearRegression,PV
str_m3_o6_o7_f0_nbo.sym.49.out,38.50445646603231,LinearRegression,PV
str_m3_o3_o20_f0_nbo.sym.88.out,43.462295136514356,LinearRegression,PV
mof_6546,41.92894297038589,LinearRegression,PV
str_m3_o3_o20_f0_nbo.sym.38.out,40.702261237483114,LinearRegression,PV
str_m3_o6_o7_f0_nbo.sym.14.out,39.424467765709394,LinearRegression,PV
str_m1_o27_o29_f0_pcu.sym.23.out,38.9133503769999,LinearRegression,PV
str_m2_o6_o27_f0_nbo.sym.33.out,41.06004340957976,LinearRegression,PV
str_m2_o2_o3_f0_nbo.sym.6.out,38.30000951054852,LinearRegression,PV
str_m2_o6_o27_f0_nbo.sym.123.out,41.26449036506355,LinearRegression,PV
str_m3_o3_o20_f0_nbo.sym.9.out,39.526691243451296,LinearRegression,PV
str_m3_o20_o29_f0_nbo.sym.60.out,39.78224993780604,LinearRegression,PV
str_m3_o2_o3_f0_nbo.sym.31.out,39.117797332483704,LinearRegression,PV
str_m3_o7_o17_f0_nbo.sym.48.out,38.9133503769999,LinearRegression,PV
str_m2_o2_o28_f0_nbo.sym.23.out,39.27113254909655,LinearRegression,PV
mof_8861,40.24225558764458,LinearRegression,PV
mof_13336,41.16226688732166,LinearRegression,PV
str_m3_o6_o28_f0_nbo.sym.230.out,38.55556820490326,LinearRegression,PV
str_m3_o6_o28_f0_nbo.sym.60.out,38.96446211587086,LinearRegression,PV
str_m3_o25_o27_f0_nbo.sym.15.out,38.09556255506472,LinearRegression,PV
str_m2_o6_o28_f0_nbo.sym.23.out,41.775607753773045,LinearRegression,PV
str_m2_o6_o7_f0_nbo.sym.183.out,38.04445081619377,LinearRegression,PV
str_m3_o28_o29_f0_pcu.sym.239.out,38.453344727161365,LinearRegression,PV
str_m3_o3_o20_f0_nbo.sym.56.out,39.47557950458034,LinearRegression,PV
str_m3_o7_o20_f0_nbo.sym.36.out,38.657791682645154,LinearRegression,PV
str_m2_o17_o29_f0_nbo.sym.12.out,41.21337862619261,LinearRegression,PV
str_m3_o6_o28_f0_nbo.sym.16.out,41.98005470925684,LinearRegression,PV
mof_13384,39.526691243451296,LinearRegression,PV
mof_11336,38.402232988290415,LinearRegression,PV
mof_888,40.702261237483114,LinearRegression,PV
str_m3_o28_o29_f0_pcu.sym.211.out,38.811126899258,LinearRegression,PV
str_m3_o23_o27_f0_nbo.sym.47.out,38.351121249419464,LinearRegression,PV
str_m2_o17_o29_f0_nbo.sym.201.out,40.088920371031726,LinearRegression,PV
str_m3_o3_o6_f0_nbo.sym.42.out,41.57116079828925,LinearRegression,PV
str_m3_o23_o27_f0_nbo.sym.16.out,38.30000951054852,LinearRegression,PV
str_m2_o6_o28_f0_nbo.sym.2.out,42.38894862022443,LinearRegression,PV
str_m3_o23_o29_f0_nbo.sym.21.out,39.78224993780604,LinearRegression,PV
mof_8072,38.19778603280662,LinearRegression,PV
str_m2_o28_o29_f0_pcu.sym.230.out,38.402232988290415,LinearRegression,PV
str_m2_o3_o17_f0_nbo.sym.9.out,40.037808632160775,LinearRegression,PV
str_m2_o17_o29_f0_nbo.sym.13.out,40.037808632160775,LinearRegression,PV
mof_11465,38.09556255506472,LinearRegression,PV
str_m2_o3_o20_f0_nbo.sym.149.out,38.96446211587086,LinearRegression,PV
str_m2_o23_o29_f0_nbo.sym.153.out,39.78224993780604,LinearRegression,PV
str_m2_o23_o29_f0_nbo.sym.7.out,40.395590804257424,LinearRegression,PV
mof_13185,43.9223007863529,LinearRegression,PV
UHUPOD_UM,40.037808632160775,LinearRegression,PV
str_m3_o23_o29_f0_nbo.sym.135.out,39.32224428796749,LinearRegression,PV
mof_12423,39.93558515441888,LinearRegression,PV
str_m2_o3_o20_f0_nbo.sym.46.out,38.96446211587086,LinearRegression,PV
NU-TPE-4TT-csq-s,39.16890907135465,LinearRegression,PV
str_m3_o3_o17_f0_nbo.sym.51.out,38.86223863812896,LinearRegression,PV
str_m3_o3_o7_f0_nbo.sym.19.out,40.702261237483114,LinearRegression,PV
str_m2_o3_o6_f0_nbo.sym.15.out,38.50445646603231,LinearRegression,PV
str_m2_o3_o6_f0_nbo.sym.32.out,39.0155738547418,LinearRegression,PV
str_m2_o7_o27_f0_nbo.sym.107.out,44.43341817506239,LinearRegression,PV
mof_1405,44.38230643619144,LinearRegression,PV
str_m2_o25_o29_f0_nbo.sym.108.out,39.68002646006414,LinearRegression,PV
mof_9523,38.04445081619377,LinearRegression,PV
str_m3_o7_o28_f0_nbo.sym.9.out,41.26449036506355,LinearRegression,PV
str_m3_o27_o27_f0_nbo.sym.30.out,46.78455816312604,LinearRegression,PV
str_m3_o3_o25_f0_nbo.sym.7.out,38.453344727161365,LinearRegression,PV
str_m2_o29_o29_f0_pcu.sym.121.out,39.0155738547418,LinearRegression,PV
str_m2_o29_o29_f0_pcu.sym.77.out,39.32224428796749,LinearRegression,PV
str_m2_o29_o29_f0_pcu.sym.90.out,40.95781993183786,LinearRegression,PV
str_m3_o29_o29_f0_pcu.sym.85.out,40.446702543128374,LinearRegression,PV
str_m2_o3_o7_f0_nbo.sym.173.out,42.23561340361158,LinearRegression,PV
str_m3_o29_o29_f0_pcu.sym.175.out,41.06004340957976,LinearRegression,PV
str_m2_o3_o23_f0_nbo.sym.83.out,38.50445646603231,LinearRegression,PV
mof_1397,40.497814281999325,LinearRegression,PV
str_m2_o29_o29_f0_pcu.sym.149.out,44.07563600296575,LinearRegression,PV
mof_1079,38.811126899258,LinearRegression,PV
mof_1186,39.526691243451296,LinearRegression,PV
str_m2_o29_o29_f0_pcu.sym.23.out,41.111155148450706,LinearRegression,PV
str_m3_o27_o27_f0_nbo.sym.95.out,42.44006035909538,LinearRegression,PV
str_m2_o29_o29_f0_pcu.sym.146.out,43.66674209199816,LinearRegression,PV
str_m3_o29_o29_f0_pcu.sym.185.out,41.16226688732166,LinearRegression,PV
str_m3_o29_o29_f0_pcu.sym.71.out,44.84231208602998,LinearRegression,PV
str_m3_o3_o7_f0_nbo.sym.133.out,39.62891472119319,LinearRegression,PV
mof_11513,39.83336167667699,LinearRegression,PV
str_m2_o29_o29_f0_pcu.sym.4.out,39.373356026838444,LinearRegression,PV
str_m2_o29_o29_f0_pcu.sym.203.out,41.82671949264399,LinearRegression,PV
str_m3_o29_o29_f0_pcu.sym.64.out,39.066685593612746,LinearRegression,PV
str_m2_o3_o7_f0_nbo.sym.12.out,40.088920371031726,LinearRegression,PV
str_m3_o7_o27_f0_nbo.sym.138.out,38.9133503769999,LinearRegression,PV
str_m2_o29_o29_f0_pcu.sym.161.out,41.877831231514946,LinearRegression,PV
str_m2_o29_o29_f0_pcu.sym.5.out,38.14667429393567,LinearRegression,PV
str_m2_o3_o7_f0_nbo.sym.226.out,42.133389925869686,LinearRegression,PV
str_m3_o29_o29_f0_pcu.sym.214.out,42.23561340361158,LinearRegression,PV
str_m2_o29_o29_f0_pcu.sym.154.out,40.088920371031726,LinearRegression,PV
str_m3_o29_o29_f0_pcu.sym.59.out,41.3156021039345,LinearRegression,PV
str_m2_o6_o28_f0_nbo.sym.16.out,38.760015160387056,LinearRegression,PV
str_m2_o29_o29_f0_pcu.sym.88.out,40.446702543128374,LinearRegression,PV
str_m2_o7_o27_f0_nbo.sym.231.out,38.453344727161365,LinearRegression,PV
str_m3_o29_o29_f0_pcu.sym.52.out,42.23561340361158,LinearRegression,PV
str_m3_o7_o29_f0_nbo.sym.140.out,46.98900511860984,LinearRegression,PV
str_m2_o29_o29_f0_pcu.sym.170.out,44.84231208602998,LinearRegression,PV
mof_1281,42.03116644812779,LinearRegression,PV
NU-TPE-4TPT-csq-s,40.753372976354065,LinearRegression,PV
str_m3_o3_o6_f0_nbo.sym.68.out,39.78224993780604,LinearRegression,PV
mof_12959,38.86223863812896,LinearRegression,PV
str_m2_o3_o23_f0_nbo.sym.5.out,38.30000951054852,LinearRegression,PV
mof_11711,39.117797332483704,LinearRegression,PV
str_m2_o27_o27_f0_nbo.sym.9.out,40.088920371031726,LinearRegression,PV
mof_1453,38.55556820490326,LinearRegression,PV
str_m2_o29_o29_f0_pcu.sym.125.out,40.85559645409596,LinearRegression,PV
mof_1087,41.008931670708805,LinearRegression,PV
str_m2_o27_o28_f0_nbo.sym.227.out,49.544592062157285,LinearRegression,PV
str_m3_o3_o3_f0_nbo.sym.13.out,42.082278186998735,LinearRegression,PV
mof_1189,42.082278186998735,LinearRegression,PV
str_m3_o27_o27_f0_nbo.sym.56.out,39.98669689328983,LinearRegression,PV
str_m2_o27_o27_f0_nbo.sym.2.out,38.09556255506472,LinearRegression,PV
str_m2_o29_o29_f0_pcu.sym.142.out,42.18450166474064,LinearRegression,PV
str_m2_o3_o3_f0_nbo.sym.58.out,40.446702543128374,LinearRegression,PV
str_m3_o7_o29_f0_nbo.sym.13.out,41.775607753773045,LinearRegression,PV
str_m3_o27_o28_f0_nbo.sym.3.out,43.820077308611005,LinearRegression,PV
str_m3_o3_o28_f0_nbo.sym.18.out,48.7268042402221,LinearRegression,PV
mof_11852,38.24889777167757,LinearRegression,PV
str_m3_o27_o28_f0_nbo.sym.90.out,41.92894297038589,LinearRegression,PV
str_m3_o29_o29_f0_pcu.sym.99.out,39.526691243451296,LinearRegression,PV
mof_1083,41.008931670708805,LinearRegression,PV
str_m3_o27_o27_f0_nbo.sym.39.out,39.98669689328983,LinearRegression,PV
str_m2_o29_o29_f0_pcu.sym.32.out,39.373356026838444,LinearRegression,PV
str_m3_o3_o28_f0_nbo.sym.12.out,47.244563812964586,LinearRegression,PV
NU-TPE-4PTT-csq-s,40.753372976354065,LinearRegression,PV
str_m2_o29_o29_f0_pcu.sym.163.out,38.70890342151611,LinearRegression,PV
mof_12684,42.28672514248253,LinearRegression,PV
str_m3_o27_o28_f0_nbo.sym.96.out,44.17785948070764,LinearRegression,PV
str_m2_o3_o28_f0_nbo.sym.15.out,39.27113254909655,LinearRegression,PV
str_m2_o29_o29_f0_pcu.sym.12.out,42.38894862022443,LinearRegression,PV
NU-TPE-4TTP-csq-s,40.753372976354065,LinearRegression,PV
str_m3_o29_o29_f0_pcu.sym.2.out,40.395590804257424,LinearRegression,PV
mof_1337,40.037808632160775,LinearRegression,PV
str_m2_o29_o29_f0_pcu.sym.73.out,39.424467765709394,LinearRegression,PV
str_m2_o3_o7_f0_nbo.sym.28.out,39.27113254909655,LinearRegression,PV
str_m3_o27_o28_f0_nbo.sym.10.out,38.453344727161365,LinearRegression,PV
str_m3_o29_o29_f0_pcu.sym.24.out,38.55556820490326,LinearRegression,PV
str_m2_o27_o28_f0_nbo.sym.132.out,45.404541213610415,LinearRegression,PV
str_m3_o27_o27_f0_nbo.sym.6.out,39.68002646006414,LinearRegression,PV
str_m2_o27_o28_f0_nbo.sym.54.out,42.69561905345012,LinearRegression,PV
mof_13093,39.83336167667699,LinearRegression,PV
mof_943,40.85559645409596,LinearRegression,PV
mof_1347,46.01788208006181,LinearRegression,PV
mof_13332,38.19778603280662,LinearRegression,PV
str_m3_o3_o7_f0_nbo.sym.33.out,38.402232988290415,LinearRegression,PV
mof_1346,43.462295136514356,LinearRegression,PV
str_m2_o3_o28_f0_nbo.sym.1.out,39.373356026838444,LinearRegression,PV
str_m3_o27_o29_f0_nbo.sym.52.out,46.4267759910294,LinearRegression,PV
str_m3_o3_o28_f0_nbo.sym.171.out,38.60667994377421,LinearRegression,PV
mof_1187,44.28008295844954,LinearRegression,PV
mof_12429,41.111155148450706,LinearRegression,PV
str_m3_o27_o28_f0_nbo.sym.175.out,41.6222725371602,LinearRegression,PV
str_m3_o29_o29_f0_pcu.sym.104.out,38.9133503769999,LinearRegression,PV
str_m2_o7_o29_f0_nbo.sym.7.out,40.395590804257424,LinearRegression,PV
str_m3_o3_o29_f0_nbo.sym.9.out,47.857904679415974,LinearRegression,PV
mof_942,41.36671384280545,LinearRegression,PV
str_m3_o3_o28_f0_nbo.sym.16.out,39.373356026838444,LinearRegression,PV
mof_12756,39.117797332483704,LinearRegression,PV
mof_13098,42.95117774780488,LinearRegression,PV
str_m3_o3_o29_f0_nbo.sym.85.out,46.68233468538415,LinearRegression,PV
str_m3_o27_o28_f0_nbo.sym.28.out,39.27113254909655,LinearRegression,PV
str_m3_o3_o29_f0_nbo.sym.118.out,44.84231208602998,LinearRegression,PV
str_m3_o29_o29_f0_pcu.sym.18.out,38.760015160387056,LinearRegression,PV
mof_12514,40.088920371031726,LinearRegression,PV
str_m2_o3_o28_f0_nbo.sym.230.out,40.24225558764458,LinearRegression,PV
mof_12962,39.78224993780604,LinearRegression,PV
mof_12515,39.98669689328983,LinearRegression,PV
mof_13241,39.57780298232224,LinearRegression,PV
mof_12522,46.27344077441655,LinearRegression,PV
mof_13101,38.760015160387056,LinearRegression,PV
str_m2_o28_o28_f0_nbo.sym.6.out,46.78455816312604,LinearRegression,PV
mof_12473,44.126747741836695,LinearRegression,PV
mof_13186,39.373356026838444,LinearRegression,PV
mof_13053,41.36671384280545,LinearRegression,PV
RAVXOD_CoRE,41.008931670708805,LinearRegression,PV
mof_6973,40.74362273549823,LinearRegression,LCD
mof_7021,42.29176913932211,LinearRegression,LCD
mof_6882,41.72880681065888,LinearRegression,LCD
mof_11554,38.63251400301111,LinearRegression,LCD
str_m3_o31_o59_f0_tbo.sym.1.out,45.95102427563312,LinearRegression,LCD
mof_3237,41.588066228493076,LinearRegression,LCD
str_m1_o25_o27_f0_pcu.sym.5.out,38.63251400301111,LinearRegression,LCD
mof_3144,41.165844481995656,LinearRegression,LCD
mof_12700,39.47695749600595,LinearRegression,LCD
mof_3192,44.40287787180923,LinearRegression,LCD
mof_2979,39.758438660337575,LinearRegression,LCD
str_m1_o7_o20_f0_pcu.sym.8.out,39.61769807817176,LinearRegression,LCD
str_m1_o6_o27_f0_pcu.sym.5.out,39.47695749600595,LinearRegression,LCD
mof_3229,38.773254585176915,LinearRegression,LCD
mof_3184,38.773254585176915,LinearRegression,LCD
str_m1_o25_o27_f0_pcu.sym.115.out,38.3510328386795,LinearRegression,LCD
str_m1_o3_o20_f0_pcu.sym.25.out,38.21029225651368,LinearRegression,LCD
mof_2883,38.63251400301111,LinearRegression,LCD
mof_2941,39.61769807817176,LinearRegression,LCD
HABQUY_CSD17,44.121396707477615,LinearRegression,LCD
HABQUY_CoRE,44.121396707477615,LinearRegression,LCD
mof_6579,41.025103899829844,LinearRegression,LCD
str_m1_o6_o27_f0_pcu.sym.17.out,39.05473574950854,LinearRegression,LCD
GAGZEV_CoRE,48.34361417245185,LinearRegression,LCD
str_m1_o25_o27_f0_pcu.sym.83.out,38.63251400301111,LinearRegression,LCD
str_m1_o3_o6_f0_pcu.sym.71.out,39.61769807817176,LinearRegression,LCD
mof_5169,41.44732564632727,LinearRegression,LCD
mof_5545,39.19547633167434,LinearRegression,LCD
mof_9034,38.06955167434788,LinearRegression,LCD
mof_5266,42.854731467985346,LinearRegression,LCD
str_m1_o6_o29_f0_pcu.sym.53.out,38.3510328386795,LinearRegression,LCD
str_m3_o20_o23_f0_nbo.sym.97.out,40.32140098900081,LinearRegression,LCD
str_m3_o20_o23_f0_nbo.sym.85.out,40.88436331766404,LinearRegression,LCD
str_m2_o31_o31_f0_tbo.sym.6.out,39.758438660337575,LinearRegression,LCD
str_m3_o20_o23_f0_nbo.sym.106.out,40.88436331766404,LinearRegression,LCD
mof_3280,40.46214157116661,LinearRegression,LCD
str_m1_o6_o7_f0_pcu.sym.11.out,38.913995167342726,LinearRegression,LCD
str_m3_o20_o23_f0_nbo.sym.102.out,40.74362273549823,LinearRegression,LCD
mof_11408,39.19547633167434,LinearRegression,LCD
str_m1_o6_o27_f0_pcu.sym.16.out,39.61769807817176,LinearRegression,LCD
str_m1_o3_o7_f0_pcu.sym.28.out,41.025103899829844,LinearRegression,LCD
str_m3_o20_o23_f0_nbo.sym.232.out,40.32140098900081,LinearRegression,LCD
str_m3_o20_o25_f0_nbo.sym.32.out,41.025103899829844,LinearRegression,LCD
str_m3_o20_o25_f0_nbo.sym.114.out,41.025103899829844,LinearRegression,LCD
mof_12368,42.43250972148792,LinearRegression,LCD
str_m3_o2_o2_f0_nbo.sym.11.out,42.43250972148792,LinearRegression,LCD
str_m3_o20_o23_f0_nbo.sym.163.out,40.03991982466919,LinearRegression,LCD
str_m3_o20_o23_f0_nbo.sym.167.out,38.4917734208453,LinearRegression,LCD
str_m1_o7_o17_f0_pcu.sym.81.out,40.32140098900081,LinearRegression,LCD
mof_12379,44.68435903614085,LinearRegression,LCD
mof_5950,39.61769807817176,LinearRegression,LCD
str_m1_o3_o17_f0_pcu.sym.4.out,39.89917924250338,LinearRegression,LCD
str_m3_o20_o23_f0_nbo.sym.8.out,41.165844481995656,LinearRegression,LCD
str_m3_o27_o27_f0_pcu.sym.64.out,38.3510328386795,LinearRegression,LCD
mof_7018,41.44732564632727,LinearRegression,LCD
str_m3_o20_o23_f0_nbo.sym.162.out,40.32140098900081,LinearRegression,LCD
str_m3_o20_o23_f0_nbo.sym.182.out,40.46214157116661,LinearRegression,LCD
str_m1_o6_o29_f0_pcu.sym.23.out,39.33621691384015,LinearRegression,LCD
str_m2_o20_o23_f0_nbo.sym.11.out,41.44732564632727,LinearRegression,LCD
str_m1_o7_o17_f0_pcu.sym.11.out,40.32140098900081,LinearRegression,LCD
str_m1_o3_o20_f0_pcu.sym.5.out,40.88436331766404,LinearRegression,LCD
str_m3_o20_o23_f0_nbo.sym.11.out,39.89917924250338,LinearRegression,LCD
str_m3_o20_o23_f0_nbo.sym.42.out,40.88436331766404,LinearRegression,LCD
str_m1_o7_o17_f0_pcu.sym.211.out,40.32140098900081,LinearRegression,LCD
str_m2_o20_o23_f0_nbo.sym.16.out,41.86954739282469,LinearRegression,LCD
str_m2_o20_o23_f0_nbo.sym.227.out,40.74362273549823,LinearRegression,LCD
mof_2943,40.03991982466919,LinearRegression,LCD
str_m1_o7_o23_f0_pcu.sym.27.out,39.19547633167434,LinearRegression,LCD
str_m2_o20_o23_f0_nbo.sym.78.out,42.010287974990504,LinearRegression,LCD
str_m3_o20_o25_f0_nbo.sym.17.out,40.32140098900081,LinearRegression,LCD
str_m1_o3_o25_f0_pcu.sym.227.out,39.33621691384015,LinearRegression,LCD
str_m1_o3_o28_f0_pcu.sym.5.out,40.602882153332416,LinearRegression,LCD
str_m2_o20_o23_f0_nbo.sym.150.out,40.602882153332416,LinearRegression,LCD
TURFIX_CSD17,45.81028369346731,LinearRegression,LCD
mof_6582,45.66954311130151,LinearRegression,LCD
str_m1_o7_o27_f0_pcu.sym.7.out,40.602882153332416,LinearRegression,LCD
mof_11076,42.71399088581954,LinearRegression,LCD
mof_11133,43.55843437881438,LinearRegression,LCD
str_m1_o7_o17_f0_pcu.sym.88.out,40.32140098900081,LinearRegression,LCD
NIBJAK_UM,52.988053383923514,LinearRegression,LCD
str_m2_o27_o27_f0_pcu.sym.166.out,38.4917734208453,LinearRegression,LCD
str_m3_o20_o25_f0_nbo.sym.178.out,41.30658506416146,LinearRegression,LCD
str_m1_o6_o28_f0_pcu.sym.68.out,39.89917924250338,LinearRegression,LCD
str_m2_o20_o23_f0_nbo.sym.77.out,41.72880681065888,LinearRegression,LCD
mof_3185,39.47695749600595,LinearRegression,LCD
str_m3_o20_o25_f0_nbo.sym.113.out,39.47695749600595,LinearRegression,LCD
str_m3_o20_o23_f0_nbo.sym.6.out,39.89917924250338,LinearRegression,LCD
str_m3_o27_o27_f0_pcu.sym.89.out,38.3510328386795,LinearRegression,LCD
HEXVEM_UM,47.92139242595442,LinearRegression,LCD
str_m2_o2_o2_f0_nbo.sym.18.out,42.99547205015115,LinearRegression,LCD
str_m2_o20_o23_f0_nbo.sym.4.out,42.010287974990504,LinearRegression,LCD
str_m2_o20_o23_f0_nbo.sym.23.out,41.588066228493076,LinearRegression,LCD
str_m3_o17_o20_f0_nbo.sym.1.out,41.165844481995656,LinearRegression,LCD
str_m3_o20_o23_f0_nbo.sym.55.out,39.758438660337575,LinearRegression,LCD
mof_6054,41.72880681065888,LinearRegression,LCD
NIBJAK_CoRE,52.988053383923514,LinearRegression,LCD
str_m2_o2_o2_f0_nbo.sym.20.out,42.99547205015115,LinearRegression,LCD
str_m2_o20_o23_f0_nbo.sym.143.out,41.025103899829844,LinearRegression,LCD
str_m1_o3_o7_f0_pcu.sym.46.out,42.29176913932211,LinearRegression,LCD
str_m2_o20_o23_f0_nbo.sym.58.out,41.72880681065888,LinearRegression,LCD
str_m3_o2_o25_f0_nbo.sym.10.out,42.57325030365374,LinearRegression,LCD
str_m3_o27_o27_f0_pcu.sym.82.out,38.3510328386795,LinearRegression,LCD
str_m2_o20_o25_f0_nbo.sym.56.out,41.30658506416146,LinearRegression,LCD
HEXVEM_CoRE,47.92139242595442,LinearRegression,LCD
mof_3145,43.69917496098019,LinearRegression,LCD
mof_9333,39.758438660337575,LinearRegression,LCD
str_m3_o20_o27_f0_nbo.sym.59.out,41.30658506416146,LinearRegression,LCD
str_m1_o3_o20_f0_pcu.sym.83.out,42.57325030365374,LinearRegression,LCD
str_m1_o6_o6_f0_pcu.sym.15.out,39.61769807817176,LinearRegression,LCD
str_m2_o20_o23_f0_nbo.sym.100.out,40.32140098900081,LinearRegression,LCD
HEXVEM_CSD17,47.92139242595442,LinearRegression,LCD
mof_2949,40.88436331766404,LinearRegression,LCD
mof_6676,42.854731467985346,LinearRegression,LCD
mof_11409,41.72880681065888,LinearRegression,LCD
str_m1_o3_o17_f0_pcu.sym.185.out,39.89917924250338,LinearRegression,LCD
str_m1_o3_o6_f0_pcu.sym.76.out,40.46214157116661,LinearRegression,LCD
mof_8942,39.19547633167434,LinearRegression,LCD
str_m2_o20_o25_f0_nbo.sym.117.out,42.010287974990504,LinearRegression,LCD
mof_8907,39.89917924250338,LinearRegression,LCD
str_m3_o2_o20_f0_nbo.sym.20.out,41.588066228493076,LinearRegression,LCD
str_m1_o6_o29_f0_pcu.sym.68.out,39.05473574950854,LinearRegression,LCD
str_m3_o17_o20_f0_nbo.sym.184.out,41.165844481995656,LinearRegression,LCD
mof_11842,48.76583591894928,LinearRegression,LCD
str_m3_o20_o23_f0_nbo.sym.175.out,38.21029225651368,LinearRegression,LCD
str_m2_o20_o25_f0_nbo.sym.202.out,40.32140098900081,LinearRegression,LCD
str_m3_o2_o25_f0_nbo.sym.204.out,42.15102855715631,LinearRegression,LCD
mof_12400,39.19547633167434,LinearRegression,LCD
mof_5309,40.32140098900081,LinearRegression,LCD
mof_2460,44.121396707477615,LinearRegression,LCD
str_m2_o2_o2_f0_nbo.sym.3.out,42.99547205015115,LinearRegression,LCD
str_m2_o20_o27_f0_nbo.sym.60.out,40.88436331766404,LinearRegression,LCD
NU-P-4PTT-ftw,59.74360132788229,LinearRegression,LCD
NIBHOW_UM,46.65472718646216,LinearRegression,LCD
str_m1_o3_o27_f0_pcu.sym.55.out,39.47695749600595,LinearRegression,LCD
str_m2_o2_o20_f0_nbo.sym.77.out,41.588066228493076,LinearRegression,LCD
str_m2_o2_o25_f0_nbo.sym.171.out,42.71399088581954,LinearRegression,LCD
str_m3_o2_o25_f0_nbo.sym.188.out,42.43250972148792,LinearRegression,LCD
str_m3_o2_o6_f0_nbo.sym.38.out,42.43250972148792,LinearRegression,LCD
str_m1_o6_o29_f0_pcu.sym.15.out,38.3510328386795,LinearRegression,LCD
str_m2_o20_o23_f0_nbo.sym.107.out,39.33621691384015,LinearRegression,LCD
str_m1_o6_o7_f0_pcu.sym.9.out,39.47695749600595,LinearRegression,LCD
mof_11931,45.24732136480408,LinearRegression,LCD
str_m1_o3_o27_f0_pcu.sym.50.out,42.15102855715631,LinearRegression,LCD
str_m3_o2_o17_f0_nbo.sym.7.out,42.29176913932211,LinearRegression,LCD
str_m3_o2_o25_f0_nbo.sym.50.out,41.86954739282469,LinearRegression,LCD
str_m3_o6_o17_f0_nbo.sym.85.out,42.57325030365374,LinearRegression,LCD
NIBHOW_CoRE,46.65472718646216,LinearRegression,LCD
str_m2_o2_o20_f0_nbo.sym.41.out,41.72880681065888,LinearRegression,LCD
str_m3_o2_o23_f0_nbo.sym.58.out,42.29176913932211,LinearRegression,LCD
mof_11565,48.34361417245185,LinearRegression,LCD
mof_5764,48.48435475461766,LinearRegression,LCD
str_m2_o2_o20_f0_nbo.sym.73.out,40.74362273549823,LinearRegression,LCD
str_m3_o6_o6_f0_nbo.sym.6.out,45.106580782638275,LinearRegression,LCD
str_m3_o17_o20_f0_nbo.sym.45.out,41.165844481995656,LinearRegression,LCD
str_m1_o3_o7_f0_pcu.sym.16.out,40.602882153332416,LinearRegression,LCD
str_m3_o31_o59_f0_tbo.sym.49.out,45.95102427563312,LinearRegression,LCD
str_m1_o3_o25_f0_pcu.sym.54.out,40.88436331766404,LinearRegression,LCD
str_m2_o2_o25_f0_nbo.sym.28.out,43.13621263231696,LinearRegression,LCD
str_m3_o2_o17_f0_nbo.sym.5.out,41.72880681065888,LinearRegression,LCD
str_m3_o2_o7_f0_nbo.sym.69.out,42.43250972148792,LinearRegression,LCD
str_m1_o3_o25_f0_pcu.sym.42.out,40.180660406834996,LinearRegression,LCD
str_m3_o17_o20_f0_nbo.sym.166.out,38.21029225651368,LinearRegression,LCD
str_m3_o20_o27_f0_nbo.sym.15.out,40.602882153332416,LinearRegression,LCD
str_m1_o3_o25_f0_pcu.sym.74.out,38.63251400301111,LinearRegression,LCD
str_m3_o2_o25_f0_nbo.sym.8.out,41.72880681065888,LinearRegression,LCD
str_m2_o17_o20_f0_nbo.sym.66.out,41.44732564632727,LinearRegression,LCD
str_m3_o17_o20_f0_nbo.sym.17.out,41.165844481995656,LinearRegression,LCD
mof_11460,45.38806194696989,LinearRegression,LCD
str_m3_o2_o23_f0_nbo.sym.163.out,42.29176913932211,LinearRegression,LCD
mof_6008,49.1880576654467,LinearRegression,LCD
str_m3_o2_o25_f0_nbo.sym.145.out,41.588066228493076,LinearRegression,LCD
str_m3_o20_o27_f0_nbo.sym.12.out,41.30658506416146,LinearRegression,LCD
str_m3_o2_o25_f0_nbo.sym.21.out,41.86954739282469,LinearRegression,LCD
str_m1_o3_o27_f0_pcu.sym.82.out,42.57325030365374,LinearRegression,LCD
str_m3_o2_o25_f0_nbo.sym.203.out,42.29176913932211,LinearRegression,LCD
str_m2_o2_o6_f0_nbo.sym.52.out,40.46214157116661,LinearRegression,LCD
str_m3_o2_o27_f0_nbo.sym.21.out,42.43250972148792,LinearRegression,LCD
mof_2469,50.59546348710478,LinearRegression,LCD
str_m1_o3_o7_f0_pcu.sym.6.out,38.63251400301111,LinearRegression,LCD
str_m3_o2_o25_f0_nbo.sym.274.out,42.010287974990504,LinearRegression,LCD
str_m2_o17_o20_f0_nbo.sym.17.out,41.86954739282469,LinearRegression,LCD
mof_2580,44.26213728964343,LinearRegression,LCD
str_m1_o7_o20_f0_pcu.sym.72.out,39.05473574950854,LinearRegression,LCD
str_m2_o2_o6_f0_nbo.sym.4.out,43.13621263231696,LinearRegression,LCD
str_m3_o17_o20_f0_nbo.sym.38.out,41.165844481995656,LinearRegression,LCD
str_m3_o6_o7_f0_nbo.sym.118.out,45.38806194696989,LinearRegression,LCD
str_m2_o20_o27_f0_nbo.sym.41.out,39.89917924250338,LinearRegression,LCD
str_m2_o6_o17_f0_nbo.sym.37.out,42.99547205015115,LinearRegression,LCD
str_m3_o2_o17_f0_nbo.sym.62.out,41.588066228493076,LinearRegression,LCD
str_m1_o3_o28_f0_pcu.sym.24.out,42.57325030365374,LinearRegression,LCD
str_m3_o17_o20_f0_nbo.sym.74.out,41.165844481995656,LinearRegression,LCD
str_m3_o2_o17_f0_nbo.sym.59.out,40.602882153332416,LinearRegression,LCD
str_m3_o2_o2_f0_nbo.sym.5.out,42.43250972148792,LinearRegression,LCD
ADATIK_CoRE,42.57325030365374,LinearRegression,LCD
ADATAC_CSD17,44.96584020047246,LinearRegression,LCD
str_m2_o17_o20_f0_nbo.sym.20.out,40.602882153332416,LinearRegression,LCD
mof_5860,49.04731708328089,LinearRegression,LCD
ADATAC_CoRE,44.96584020047246,LinearRegression,LCD
str_m3_o6_o17_f0_nbo.sym.13.out,42.43250972148792,LinearRegression,LCD
mof_6675,47.78065184378862,LinearRegression,LCD
str_m1_o3_o7_f0_pcu.sym.78.out,42.15102855715631,LinearRegression,LCD
str_m3_o2_o2_f0_nbo.sym.15.out,42.010287974990504,LinearRegression,LCD
mof_2517,44.96584020047246,LinearRegression,LCD
mof_6726,47.78065184378862,LinearRegression,LCD
str_m1_o3_o6_f0_pcu.sym.54.out,38.4917734208453,LinearRegression,LCD
str_m2_o6_o25_f0_nbo.sym.29.out,44.40287787180923,LinearRegression,LCD
mof_9961,42.15102855715631,LinearRegression,LCD
str_m3_o2_o23_f0_nbo.sym.21.out,42.43250972148792,LinearRegression,LCD
str_m1_o2_o6_f0_pcu.sym.20.out,38.21029225651368,LinearRegression,LCD
str_m2_o2_o20_f0_nbo.sym.70.out,41.025103899829844,LinearRegression,LCD
str_m2_o6_o25_f0_nbo.sym.49.out,44.54361845397504,LinearRegression,LCD
str_m3_o17_o20_f0_nbo.sym.51.out,39.89917924250338,LinearRegression,LCD
str_m3_o20_o28_f0_nbo.sym.81.out,41.30658506416146,LinearRegression,LCD
str_m2_o2_o25_f0_nbo.sym.19.out,42.43250972148792,LinearRegression,LCD
str_m3_o7_o20_f0_nbo.sym.30.out,41.165844481995656,LinearRegression,LCD
mof_9280,39.33621691384015,LinearRegression,LCD
str_m1_o3_o29_f0_pcu.sym.1.out,44.26213728964343,LinearRegression,LCD
str_m1_o7_o20_f0_pcu.sym.48.out,38.773254585176915,LinearRegression,LCD
str_m3_o2_o23_f0_nbo.sym.190.out,42.57325030365374,LinearRegression,LCD
str_m3_o20_o27_f0_nbo.sym.93.out,42.010287974990504,LinearRegression,LCD
str_m1_o3_o27_f0_pcu.sym.48.out,43.98065612531181,LinearRegression,LCD
str_m3_o17_o20_f0_nbo.sym.62.out,40.602882153332416,LinearRegression,LCD
str_m3_o17_o25_f0_nbo.sym.276.out,41.86954739282469,LinearRegression,LCD
str_m2_o6_o17_f0_nbo.sym.40.out,42.99547205015115,LinearRegression,LCD
str_m3_o32_o58_f0_tbo.sym.111.out,44.40287787180923,LinearRegression,LCD
str_m3_o2_o25_f0_nbo.sym.4.out,42.57325030365374,LinearRegression,LCD
mof_9368,47.49917067945701,LinearRegression,LCD
str_m1_o7_o20_f0_pcu.sym.11.out,38.06955167434788,LinearRegression,LCD
str_m3_o20_o28_f0_nbo.sym.48.out,41.44732564632727,LinearRegression,LCD
mof_8075,41.165844481995656,LinearRegression,LCD
str_m2_o2_o23_f0_nbo.sym.148.out,43.13621263231696,LinearRegression,LCD
str_m3_o6_o7_f0_nbo.sym.65.out,45.106580782638275,LinearRegression,LCD
str_m2_o2_o23_f0_nbo.sym.96.out,42.99547205015115,LinearRegression,LCD
str_m1_o27_o28_f0_pcu.sym.28.out,43.41769379664858,LinearRegression,LCD
mof_8466,51.58064756226543,LinearRegression,LCD
str_m2_o2_o7_f0_nbo.sym.1.out,43.13621263231696,LinearRegression,LCD
str_m3_o17_o25_f0_nbo.sym.13.out,42.29176913932211,LinearRegression,LCD
str_m2_o2_o27_f0_nbo.sym.29.out,42.15102855715631,LinearRegression,LCD
NU-P-4TTP-ftw,62.276931806866834,LinearRegression,LCD
mof_2522,49.1880576654467,LinearRegression,LCD
str_m2_o17_o20_f0_nbo.sym.97.out,38.21029225651368,LinearRegression,LCD
str_m2_o2_o20_f0_nbo.sym.6.out,40.88436331766404,LinearRegression,LCD
str_m2_o25_o25_f0_nbo.sym.34.out,44.54361845397504,LinearRegression,LCD
mof_11220,45.81028369346731,LinearRegression,LCD
mof_12567,44.26213728964343,LinearRegression,LCD
mof_527,43.27695321448277,LinearRegression,LCD
mof_3276,40.46214157116661,LinearRegression,LCD
str_m2_o2_o7_f0_nbo.sym.44.out,42.99547205015115,LinearRegression,LCD
str_m3_o2_o27_f0_nbo.sym.166.out,42.71399088581954,LinearRegression,LCD
str_m3_o6_o17_f0_nbo.sym.84.out,42.29176913932211,LinearRegression,LCD
mof_7956,53.69175629475255,LinearRegression,LCD
str_m1_o7_o27_f0_pcu.sym.3.out,40.88436331766404,LinearRegression,LCD
str_m3_o7_o20_f0_nbo.sym.20.out,41.025103899829844,LinearRegression,LCD
mof_5310,39.05473574950854,LinearRegression,LCD
str_m1_o3_o27_f0_pcu.sym.15.out,43.839915543146,LinearRegression,LCD
str_m2_o17_o20_f0_nbo.sym.30.out,41.86954739282469,LinearRegression,LCD
str_m2_o6_o23_f0_nbo.sym.61.out,44.26213728964343,LinearRegression,LCD
str_m3_o17_o25_f0_nbo.sym.104.out,41.72880681065888,LinearRegression,LCD
mof_3238,42.99547205015115,LinearRegression,LCD
str_m2_o20_o28_f0_nbo.sym.108.out,40.602882153332416,LinearRegression,LCD
str_m3_o31_o32_f0_tbo.sym.74.out,42.99547205015115,LinearRegression,LCD
str_m1_o3_o28_f0_pcu.sym.23.out,40.602882153332416,LinearRegression,LCD
str_m2_o6_o25_f0_nbo.sym.53.out,43.55843437881438,LinearRegression,LCD
str_m3_o17_o25_f0_nbo.sym.26.out,41.86954739282469,LinearRegression,LCD
str_m3_o20_o28_f0_nbo.sym.50.out,41.44732564632727,LinearRegression,LCD
str_m2_o2_o7_f0_nbo.sym.2.out,42.99547205015115,LinearRegression,LCD
str_m3_o2_o25_f0_nbo.sym.178.out,39.47695749600595,LinearRegression,LCD
str_m3_o25_o25_f0_nbo.sym.120.out,43.69917496098019,LinearRegression,LCD
mof_2948,42.43250972148792,LinearRegression,LCD
mof_8857,41.86954739282469,LinearRegression,LCD
str_m1_o27_o28_f0_pcu.sym.12.out,38.4917734208453,LinearRegression,LCD
str_m2_o17_o23_f0_nbo.sym.12.out,42.854731467985346,LinearRegression,LCD
str_m2_o6_o17_f0_nbo.sym.53.out,42.99547205015115,LinearRegression,LCD
str_m3_o2_o7_f0_nbo.sym.37.out,41.588066228493076,LinearRegression,LCD
str_m3_o20_o29_f0_nbo.sym.26.out,40.602882153332416,LinearRegression,LCD
mof_9226,42.57325030365374,LinearRegression,LCD
str_m1_o6_o28_f0_pcu.sym.48.out,39.33621691384015,LinearRegression,LCD
str_m3_o2_o3_f0_nbo.sym.14.out,42.71399088581954,LinearRegression,LCD
str_m2_o17_o20_f0_nbo.sym.29.out,41.025103899829844,LinearRegression,LCD
str_m2_o17_o23_f0_nbo.sym.8.out,42.43250972148792,LinearRegression,LCD
str_m3_o23_o25_f0_nbo.sym.6.out,44.121396707477615,LinearRegression,LCD
mof_10929,43.13621263231696,LinearRegression,LCD
str_m2_o2_o25_f0_nbo.sym.42.out,40.74362273549823,LinearRegression,LCD
str_m2_o20_o29_f0_nbo.sym.63.out,41.588066228493076,LinearRegression,LCD
str_m3_o2_o25_f0_nbo.sym.65.out,40.32140098900081,LinearRegression,LCD
mof_2807,43.98065612531181,LinearRegression,LCD
str_m1_o3_o20_f0_pcu.sym.37.out,38.4917734208453,LinearRegression,LCD
str_m2_o33_o58_f0_tbo.sym.23.out,50.876944651436396,LinearRegression,LCD
str_m3_o6_o7_f0_nbo.sym.32.out,45.106580782638275,LinearRegression,LCD
str_m1_o7_o29_f0_pcu.sym.14.out,40.74362273549823,LinearRegression,LCD
str_m2_o2_o7_f0_nbo.sym.13.out,42.99547205015115,LinearRegression,LCD
str_m3_o2_o27_f0_nbo.sym.51.out,40.46214157116661,LinearRegression,LCD
str_m3_o32_o58_f0_tbo.sym.54.out,46.09176485779893,LinearRegression,LCD
str_m3_o6_o17_f0_nbo.sym.93.out,42.57325030365374,LinearRegression,LCD
str_m2_o17_o20_f0_nbo.sym.57.out,41.44732564632727,LinearRegression,LCD
str_m2_o17_o23_f0_nbo.sym.21.out,42.854731467985346,LinearRegression,LCD
str_m3_o2_o23_f0_nbo.sym.192.out,41.72880681065888,LinearRegression,LCD
str_m3_o2_o23_f0_nbo.sym.90.out,39.758438660337575,LinearRegression,LCD
str_m3_o6_o17_f0_nbo.sym.194.out,42.29176913932211,LinearRegression,LCD
mof_12438,41.025103899829844,LinearRegression,LCD
mof_8245,44.96584020047246,LinearRegression,LCD
str_m1_o7_o29_f0_pcu.sym.129.out,40.74362273549823,LinearRegression,LCD
str_m2_o6_o7_f0_nbo.sym.198.out,43.839915543146,LinearRegression,LCD
str_m3_o32_o58_f0_tbo.sym.117.out,44.121396707477615,LinearRegression,LCD
mof_2939,39.33621691384015,LinearRegression,LCD
str_m2_o17_o25_f0_nbo.sym.253.out,40.46214157116661,LinearRegression,LCD
str_m3_o17_o23_f0_nbo.sym.103.out,42.15102855715631,LinearRegression,LCD
str_m2_o17_o20_f0_nbo.sym.172.out,39.05473574950854,LinearRegression,LCD
str_m3_o20_o28_f0_nbo.sym.12.out,39.758438660337575,LinearRegression,LCD
mof_9663,40.602882153332416,LinearRegression,LCD
str_m2_o20_o29_f0_nbo.sym.58.out,40.46214157116661,LinearRegression,LCD
str_m3_o2_o23_f0_nbo.sym.168.out,41.44732564632727,LinearRegression,LCD
str_m3_o2_o23_f0_nbo.sym.240.out,39.89917924250338,LinearRegression,LCD
str_m1_o7_o27_f0_pcu.sym.85.out,42.71399088581954,LinearRegression,LCD
str_m3_o17_o23_f0_nbo.sym.129.out,39.61769807817176,LinearRegression,LCD
str_m3_o6_o23_f0_nbo.sym.4.out,42.854731467985346,LinearRegression,LCD
str_m2_o17_o23_f0_nbo.sym.249.out,42.57325030365374,LinearRegression,LCD
str_m2_o20_o29_f0_nbo.sym.34.out,41.44732564632727,LinearRegression,LCD
str_m3_o2_o23_f0_nbo.sym.2.out,41.165844481995656,LinearRegression,LCD
str_m3_o2_o25_f0_nbo.sym.64.out,41.86954739282469,LinearRegression,LCD
str_m2_o23_o25_f0_nbo.sym.9.out,43.55843437881438,LinearRegression,LCD
str_m2_o6_o7_f0_nbo.sym.181.out,42.29176913932211,LinearRegression,LCD
str_m2_o20_o28_f0_nbo.sym.175.out,41.588066228493076,LinearRegression,LCD
str_m2_o6_o17_f0_nbo.sym.186.out,42.43250972148792,LinearRegression,LCD
str_m3_o6_o17_f0_nbo.sym.124.out,41.86954739282469,LinearRegression,LCD
str_m2_o17_o23_f0_nbo.sym.248.out,42.010287974990504,LinearRegression,LCD
str_m2_o17_o25_f0_nbo.sym.74.out,42.71399088581954,LinearRegression,LCD
str_m3_o31_o58_f0_tbo.sym.26.out,42.854731467985346,LinearRegression,LCD
mof_5851,45.81028369346731,LinearRegression,LCD
str_m1_o7_o17_f0_pcu.sym.173.out,39.33621691384015,LinearRegression,LCD
str_m3_o20_o29_f0_nbo.sym.53.out,40.180660406834996,LinearRegression,LCD
mof_5910,46.373246022130544,LinearRegression,LCD
str_m2_o33_o58_f0_tbo.sym.97.out,49.61027941194413,LinearRegression,LCD
str_m3_o2_o25_f0_nbo.sym.69.out,42.010287974990504,LinearRegression,LCD
str_m3_o23_o25_f0_nbo.sym.13.out,42.29176913932211,LinearRegression,LCD
mof_8294,51.15842581576801,LinearRegression,LCD
str_m2_o17_o23_f0_nbo.sym.215.out,41.86954739282469,LinearRegression,LCD
str_m2_o33_o58_f0_tbo.sym.170.out,49.61027941194413,LinearRegression,LCD
str_m3_o17_o25_f0_nbo.sym.52.out,42.29176913932211,LinearRegression,LCD
str_m3_o17_o20_f0_nbo.sym.125.out,40.03991982466919,LinearRegression,LCD
str_m3_o17_o20_f0_nbo.sym.172.out,39.33621691384015,LinearRegression,LCD
str_m3_o2_o23_f0_nbo.sym.33.out,40.46214157116661,LinearRegression,LCD
mof_2947,41.86954739282469,LinearRegression,LCD
str_m2_o23_o23_f0_nbo.sym.30.out,43.839915543146,LinearRegression,LCD
str_m3_o2_o6_f0_nbo.sym.37.out,42.43250972148792,LinearRegression,LCD
str_m3_o25_o27_f0_nbo.sym.35.out,41.30658506416146,LinearRegression,LCD
str_m3_o6_o17_f0_nbo.sym.43.out,40.88436331766404,LinearRegression,LCD
mof_12161,47.217689515125386,LinearRegression,LCD
str_m3_o6_o23_f0_nbo.sym.5.out,42.99547205015115,LinearRegression,LCD
str_m1_o3_o17_f0_pcu.sym.59.out,39.05473574950854,LinearRegression,LCD
str_m2_o2_o27_f0_nbo.sym.5.out,41.025103899829844,LinearRegression,LCD
str_m2_o2_o3_f0_nbo.sym.36.out,43.13621263231696,LinearRegression,LCD
str_m3_o2_o27_f0_nbo.sym.164.out,42.71399088581954,LinearRegression,LCD
str_m3_o28_o28_f0_pcu.sym.231.out,40.88436331766404,LinearRegression,LCD
str_m3_o6_o17_f0_nbo.sym.7.out,42.29176913932211,LinearRegression,LCD
str_m1_o3_o6_f0_pcu.sym.93.out,38.773254585176915,LinearRegression,LCD
str_m3_o6_o7_f0_nbo.sym.120.out,44.26213728964343,LinearRegression,LCD
str_m2_o17_o25_f0_nbo.sym.216.out,41.588066228493076,LinearRegression,LCD
str_m2_o7_o20_f0_nbo.sym.48.out,41.44732564632727,LinearRegression,LCD
str_m3_o17_o20_f0_nbo.sym.175.out,41.165844481995656,LinearRegression,LCD
str_m3_o6_o7_f0_nbo.sym.58.out,44.40287787180923,LinearRegression,LCD
mof_10919,45.38806194696989,LinearRegression,LCD
mof_5797,47.217689515125386,LinearRegression,LCD
str_m1_o3_o27_f0_pcu.sym.21.out,43.69917496098019,LinearRegression,LCD
str_m1_o3_o7_f0_pcu.sym.31.out,40.180660406834996,LinearRegression,LCD
str_m3_o17_o25_f0_nbo.sym.125.out,41.30658506416146,LinearRegression,LCD
str_m3_o17_o20_f0_nbo.sym.7.out,40.74362273549823,LinearRegression,LCD
str_m1_o3_o27_f0_pcu.sym.133.out,40.88436331766404,LinearRegression,LCD
str_m2_o2_o25_f0_nbo.sym.60.out,38.63251400301111,LinearRegression,LCD
str_m2_o6_o17_f0_nbo.sym.18.out,41.44732564632727,LinearRegression,LCD
str_m3_o17_o23_f0_nbo.sym.140.out,42.29176913932211,LinearRegression,LCD
str_m2_o2_o23_f0_nbo.sym.123.out,41.025103899829844,LinearRegression,LCD
str_m2_o2_o3_f0_nbo.sym.183.out,41.72880681065888,LinearRegression,LCD
str_m2_o28_o28_f0_pcu.sym.10.out,41.72880681065888,LinearRegression,LCD
str_m1_o3_o27_f0_pcu.sym.92.out,40.180660406834996,LinearRegression,LCD
str_m2_o17_o17_f0_nbo.sym.14.out,42.71399088581954,LinearRegression,LCD
str_m1_o3_o27_f0_pcu.sym.74.out,41.72880681065888,LinearRegression,LCD
MEHMET_CoRE,38.63251400301111,LinearRegression,LCD
str_m3_o2_o17_f0_nbo.sym.10.out,38.21029225651368,LinearRegression,LCD
str_m3_o28_o28_f0_pcu.sym.242.out,42.43250972148792,LinearRegression,LCD
str_m3_o6_o23_f0_nbo.sym.11.out,43.98065612531181,LinearRegression,LCD
MEHMET_CSD17,38.63251400301111,LinearRegression,LCD
str_m2_o2_o27_f0_nbo.sym.214.out,41.588066228493076,LinearRegression,LCD
str_m2_o28_o28_f0_pcu.sym.129.out,41.44732564632727,LinearRegression,LCD
str_m3_o2_o27_f0_nbo.sym.22.out,42.29176913932211,LinearRegression,LCD
str_m3_o2_o27_f0_nbo.sym.64.out,42.71399088581954,LinearRegression,LCD
str_m2_o33_o58_f0_tbo.sym.70.out,49.61027941194413,LinearRegression,LCD
mof_13134,47.92139242595442,LinearRegression,LCD
str_m1_o3_o27_f0_pcu.sym.12.out,39.47695749600595,LinearRegression,LCD
str_m1_o7_o17_f0_pcu.sym.74.out,39.61769807817176,LinearRegression,LCD
str_m2_o2_o2_f0_nbo.sym.30.out,42.99547205015115,LinearRegression,LCD
str_m3_o28_o28_f0_pcu.sym.210.out,42.43250972148792,LinearRegression,LCD
mof_8165,53.12879396608932,LinearRegression,LCD
str_m1_o3_o29_f0_pcu.sym.3.out,40.32140098900081,LinearRegression,LCD
str_m1_o3_o7_f0_pcu.sym.150.out,40.32140098900081,LinearRegression,LCD
str_m3_o2_o7_f0_nbo.sym.84.out,42.57325030365374,LinearRegression,LCD
mof_11746,51.01768523360221,LinearRegression,LCD
mof_13323,41.588066228493076,LinearRegression,LCD
mof_7953,51.721388144431245,LinearRegression,LCD
mof_8166,51.29916639793382,LinearRegression,LCD
mof_9953,38.3510328386795,LinearRegression,LCD
str_m2_o17_o25_f0_nbo.sym.168.out,41.86954739282469,LinearRegression,LCD
str_m2_o25_o27_f0_nbo.sym.14.out,43.13621263231696,LinearRegression,LCD
str_m3_o2_o23_f0_nbo.sym.88.out,42.29176913932211,LinearRegression,LCD
mof_9338,46.79546776862797,LinearRegression,LCD
HUNCIE_CSD17,41.588066228493076,LinearRegression,LCD
str_m2_o6_o27_f0_nbo.sym.102.out,44.96584020047246,LinearRegression,LCD
str_m3_o17_o27_f0_nbo.sym.106.out,42.57325030365374,LinearRegression,LCD
str_m3_o2_o23_f0_nbo.sym.206.out,42.43250972148792,LinearRegression,LCD
mof_5859,49.469538829778315,LinearRegression,LCD
str_m2_o28_o28_f0_pcu.sym.47.out,41.86954739282469,LinearRegression,LCD
mof_4879,39.33621691384015,LinearRegression,LCD
str_m2_o2_o3_f0_nbo.sym.3.out,42.57325030365374,LinearRegression,LCD
str_m1_o7_o28_f0_pcu.sym.199.out,40.32140098900081,LinearRegression,LCD
str_m2_o17_o27_f0_nbo.sym.2.out,42.15102855715631,LinearRegression,LCD
str_m2_o2_o27_f0_nbo.sym.7.out,43.27695321448277,LinearRegression,LCD
str_m3_o28_o28_f0_pcu.sym.166.out,42.43250972148792,LinearRegression,LCD
str_m2_o2_o27_f0_nbo.sym.18.out,42.43250972148792,LinearRegression,LCD
str_m3_o17_o20_f0_nbo.sym.88.out,40.32140098900081,LinearRegression,LCD
str_m3_o17_o25_f0_nbo.sym.210.out,41.44732564632727,LinearRegression,LCD
str_m3_o17_o28_f0_nbo.sym.17.out,42.43250972148792,LinearRegression,LCD
str_m3_o3_o20_f0_nbo.sym.18.out,40.46214157116661,LinearRegression,LCD
str_m3_o32_o58_f0_tbo.sym.7.out,46.373246022130544,LinearRegression,LCD
str_m2_o17_o28_f0_nbo.sym.10.out,42.71399088581954,LinearRegression,LCD
str_m2_o25_o25_f0_nbo.sym.169.out,44.54361845397504,LinearRegression,LCD
str_m3_o7_o17_f0_nbo.sym.60.out,42.57325030365374,LinearRegression,LCD
mof_11560,40.03991982466919,LinearRegression,LCD
str_m3_o17_o25_f0_nbo.sym.35.out,41.44732564632727,LinearRegression,LCD
str_m3_o2_o23_f0_nbo.sym.216.out,41.165844481995656,LinearRegression,LCD
str_m3_o7_o23_f0_nbo.sym.5.out,44.96584020047246,LinearRegression,LCD
XAFFUH_UM,41.30658506416146,LinearRegression,LCD
str_m1_o3_o17_f0_pcu.sym.71.out,38.4917734208453,LinearRegression,LCD
str_m3_o17_o17_f0_nbo.sym.16.out,42.010287974990504,LinearRegression,LCD
str_m3_o17_o28_f0_nbo.sym.13.out,42.29176913932211,LinearRegression,LCD
str_m3_o2_o25_f0_nbo.sym.186.out,41.165844481995656,LinearRegression,LCD
mof_9036,38.3510328386795,LinearRegression,LCD
str_m1_o3_o28_f0_pcu.sym.8.out,40.602882153332416,LinearRegression,LCD
str_m2_o17_o23_f0_nbo.sym.229.out,41.44732564632727,LinearRegression,LCD
str_m2_o28_o28_f0_pcu.sym.106.out,41.165844481995656,LinearRegression,LCD
str_m1_o3_o7_f0_pcu.sym.64.out,40.88436331766404,LinearRegression,LCD
str_m2_o23_o23_f0_nbo.sym.36.out,43.839915543146,LinearRegression,LCD
str_m2_o28_o28_f0_pcu.sym.224.out,40.602882153332416,LinearRegression,LCD
str_m3_o28_o28_f0_pcu.sym.141.out,42.43250972148792,LinearRegression,LCD
str_m3_o3_o20_f0_nbo.sym.17.out,41.86954739282469,LinearRegression,LCD
str_m3_o6_o17_f0_nbo.sym.79.out,40.74362273549823,LinearRegression,LCD
mof_2950,47.358430097291205,LinearRegression,LCD
str_m3_o2_o27_f0_nbo.sym.55.out,43.13621263231696,LinearRegression,LCD
str_m3_o2_o3_f0_nbo.sym.126.out,42.57325030365374,LinearRegression,LCD
str_m3_o23_o27_f0_nbo.sym.208.out,43.69917496098019,LinearRegression,LCD
str_m3_o28_o28_f0_pcu.sym.47.out,38.3510328386795,LinearRegression,LCD
str_m3_o6_o17_f0_nbo.sym.2.out,42.010287974990504,LinearRegression,LCD
mof_12940,49.328798247612504,LinearRegression,LCD
str_m2_o28_o28_f0_pcu.sym.177.out,43.69917496098019,LinearRegression,LCD
str_m2_o28_o28_f0_pcu.sym.23.out,40.88436331766404,LinearRegression,LCD
str_m3_o25_o25_f0_nbo.sym.70.out,44.26213728964343,LinearRegression,LCD
GUPBEZ02_CSD17,44.82509961830665,LinearRegression,LCD
mof_10944,43.13621263231696,LinearRegression,LCD
mof_8343,52.565831637426086,LinearRegression,LCD
str_m2_o2_o2_f0_nbo.sym.10.out,42.99547205015115,LinearRegression,LCD
str_m2_o6_o7_f0_nbo.sym.204.out,44.54361845397504,LinearRegression,LCD
str_m3_o2_o28_f0_nbo.sym.21.out,42.010287974990504,LinearRegression,LCD
str_m3_o2_o7_f0_nbo.sym.28.out,42.29176913932211,LinearRegression,LCD
str_m3_o6_o17_f0_nbo.sym.184.out,42.010287974990504,LinearRegression,LCD
str_m3_o7_o17_f0_nbo.sym.69.out,42.43250972148792,LinearRegression,LCD
str_m2_o17_o28_f0_nbo.sym.22.out,42.854731467985346,LinearRegression,LCD
str_m3_o17_o29_f0_nbo.sym.112.out,42.29176913932211,LinearRegression,LCD
HABRAF_CoRE,42.15102855715631,LinearRegression,LCD
mof_9212,39.89917924250338,LinearRegression,LCD
str_m3_o3_o20_f0_nbo.sym.2.out,40.74362273549823,LinearRegression,LCD
str_m3_o32_o58_f0_tbo.sym.19.out,46.373246022130544,LinearRegression,LCD
str_m2_o25_o25_f0_nbo.sym.218.out,43.98065612531181,LinearRegression,LCD
str_m3_o17_o25_f0_nbo.sym.127.out,42.29176913932211,LinearRegression,LCD
str_m3_o6_o7_f0_nbo.sym.53.out,45.24732136480408,LinearRegression,LCD
str_m3_o7_o17_f0_nbo.sym.35.out,41.72880681065888,LinearRegression,LCD
str_m2_o3_o20_f0_nbo.sym.22.out,42.010287974990504,LinearRegression,LCD
str_m3_o17_o27_f0_nbo.sym.15.out,41.165844481995656,LinearRegression,LCD
str_m3_o28_o28_f0_pcu.sym.92.out,41.86954739282469,LinearRegression,LCD
mof_10050,44.82509961830665,LinearRegression,LCD
mof_13177,53.83249687691836,LinearRegression,LCD
str_m1_o3_o29_f0_pcu.sym.38.out,44.40287787180923,LinearRegression,LCD
str_m3_o3_o20_f0_nbo.sym.43.out,41.72880681065888,LinearRegression,LCD
mof_11011,42.29176913932211,LinearRegression,LCD
mof_5858,48.90657650111508,LinearRegression,LCD
str_m2_o17_o23_f0_nbo.sym.26.out,39.758438660337575,LinearRegression,LCD
str_m2_o17_o23_f0_nbo.sym.32.out,42.29176913932211,LinearRegression,LCD
str_m1_o7_o27_f0_pcu.sym.68.out,39.61769807817176,LinearRegression,LCD
str_m2_o17_o23_f0_nbo.sym.5.out,42.43250972148792,LinearRegression,LCD
str_m3_o23_o27_f0_nbo.sym.8.out,44.40287787180923,LinearRegression,LCD
str_m3_o6_o27_f0_nbo.sym.12.out,42.57325030365374,LinearRegression,LCD
str_m2_o2_o29_f0_nbo.sym.5.out,42.99547205015115,LinearRegression,LCD
str_m2_o28_o28_f0_pcu.sym.167.out,42.854731467985346,LinearRegression,LCD
str_m3_o6_o17_f0_nbo.sym.89.out,41.86954739282469,LinearRegression,LCD
LURRIA_CoRE,39.47695749600595,LinearRegression,LCD
mof_12710,49.89176057627574,LinearRegression,LCD
str_m3_o32_o58_f0_tbo.sym.32.out,41.588066228493076,LinearRegression,LCD
mof_2432,46.93620835079378,LinearRegression,LCD
str_m1_o7_o28_f0_pcu.sym.47.out,41.025103899829844,LinearRegression,LCD
str_m2_o17_o20_f0_nbo.sym.13.out,39.47695749600595,LinearRegression,LCD
str_m3_o2_o25_f0_nbo.sym.49.out,38.63251400301111,LinearRegression,LCD
str_m3_o2_o3_f0_nbo.sym.21.out,42.57325030365374,LinearRegression,LCD
str_m3_o6_o17_f0_nbo.sym.54.out,42.43250972148792,LinearRegression,LCD
str_m1_o3_o27_f0_pcu.sym.34.out,42.15102855715631,LinearRegression,LCD
str_m2_o23_o27_f0_nbo.sym.34.out,44.40287787180923,LinearRegression,LCD
str_m3_o17_o23_f0_nbo.sym.39.out,40.46214157116661,LinearRegression,LCD
str_m3_o17_o27_f0_nbo.sym.45.out,39.758438660337575,LinearRegression,LCD
str_m3_o31_o58_f0_tbo.sym.8.out,40.74362273549823,LinearRegression,LCD
mof_11607,50.313982322773164,LinearRegression,LCD
str_m2_o6_o23_f0_nbo.sym.18.out,43.55843437881438,LinearRegression,LCD
str_m3_o32_o58_f0_tbo.sym.58.out,43.69917496098019,LinearRegression,LCD
mof_1224,60.165823074379716,LinearRegression,LCD
str_m1_o3_o27_f0_pcu.sym.9.out,39.758438660337575,LinearRegression,LCD
str_m2_o23_o23_f0_nbo.sym.1.out,43.839915543146,LinearRegression,LCD
str_m2_o28_o28_f0_pcu.sym.181.out,43.27695321448277,LinearRegression,LCD
str_m3_o6_o7_f0_nbo.sym.87.out,42.010287974990504,LinearRegression,LCD
mof_1100,61.99545064253521,LinearRegression,LCD
str_m2_o17_o25_f0_nbo.sym.44.out,40.74362273549823,LinearRegression,LCD
str_m2_o2_o6_f0_nbo.sym.54.out,42.99547205015115,LinearRegression,LCD
str_m2_o7_o17_f0_nbo.sym.3.out,43.13621263231696,LinearRegression,LCD
str_m2_o7_o23_f0_nbo.sym.19.out,45.38806194696989,LinearRegression,LCD
mof_13424,46.09176485779893,LinearRegression,LCD
str_m1_o23_o29_f0_pcu.sym.15.out,38.773254585176915,LinearRegression,LCD
str_m2_o2_o29_f0_nbo.sym.95.out,43.13621263231696,LinearRegression,LCD
str_m2_o28_o28_f0_pcu.sym.217.out,39.33621691384015,LinearRegression,LCD
str_m3_o23_o27_f0_nbo.sym.205.out,44.26213728964343,LinearRegression,LCD
str_m3_o28_o28_f0_pcu.sym.191.out,38.913995167342726,LinearRegression,LCD
NU-P-4TPT-ftw,59.039898417053244,LinearRegression,LCD
mof_12854,48.90657650111508,LinearRegression,LCD
str_m1_o9_o29_f0_pcu.sym.7.out,46.23250543996474,LinearRegression,LCD
str_m3_o23_o27_f0_nbo.sym.39.out,43.41769379664858,LinearRegression,LCD
str_m3_o28_o29_f0_pcu.sym.276.out,42.43250972148792,LinearRegression,LCD
str_m3_o6_o7_f0_nbo.sym.6.out,45.38806194696989,LinearRegression,LCD
XAFFUH_CoRE,41.30658506416146,LinearRegression,LCD
str_m2_o17_o28_f0_nbo.sym.205.out,42.43250972148792,LinearRegression,LCD
str_m2_o23_o27_f0_nbo.sym.33.out,43.55843437881438,LinearRegression,LCD
str_m2_o28_o28_f0_pcu.sym.99.out,43.13621263231696,LinearRegression,LCD
str_m3_o32_o58_f0_tbo.sym.86.out,44.121396707477615,LinearRegression,LCD
str_m3_o28_o28_f0_pcu.sym.93.out,39.05473574950854,LinearRegression,LCD
YODWOF_CSD17,38.3510328386795,LinearRegression,LCD
str_m2_o2_o7_f0_nbo.sym.105.out,43.13621263231696,LinearRegression,LCD
str_m2_o28_o28_f0_pcu.sym.161.out,41.025103899829844,LinearRegression,LCD
mof_13425,45.81028369346731,LinearRegression,LCD
str_m1_o27_o29_f0_pcu.sym.27.out,43.98065612531181,LinearRegression,LCD
str_m2_o28_o28_f0_pcu.sym.76.out,41.025103899829844,LinearRegression,LCD
str_m3_o6_o25_f0_nbo.sym.12.out,40.88436331766404,LinearRegression,LCD
mof_2528,48.48435475461766,LinearRegression,LCD
str_m1_o3_o7_f0_pcu.sym.34.out,42.29176913932211,LinearRegression,LCD
str_m1_o7_o28_f0_pcu.sym.25.out,42.15102855715631,LinearRegression,LCD
str_m2_o2_o7_f0_nbo.sym.25.out,42.99547205015115,LinearRegression,LCD
str_m2_o28_o28_f0_pcu.sym.116.out,41.86954739282469,LinearRegression,LCD
str_m2_o28_o28_f0_pcu.sym.211.out,41.588066228493076,LinearRegression,LCD
str_m2_o3_o20_f0_nbo.sym.26.out,39.89917924250338,LinearRegression,LCD
str_m3_o28_o28_f0_pcu.sym.130.out,42.57325030365374,LinearRegression,LCD
str_m3_o28_o28_f0_pcu.sym.63.out,41.86954739282469,LinearRegression,LCD
mof_12890,47.07694893295958,LinearRegression,LCD
str_m2_o17_o25_f0_nbo.sym.20.out,41.30658506416146,LinearRegression,LCD
str_m3_o7_o25_f0_nbo.sym.76.out,42.854731467985346,LinearRegression,LCD
str_m2_o2_o7_f0_nbo.sym.145.out,40.74362273549823,LinearRegression,LCD
mof_8332,43.98065612531181,LinearRegression,LCD
str_m1_o7_o28_f0_pcu.sym.27.out,40.46214157116661,LinearRegression,LCD
str_m2_o17_o25_f0_nbo.sym.227.out,39.89917924250338,LinearRegression,LCD
str_m2_o2_o25_f0_nbo.sym.126.out,41.165844481995656,LinearRegression,LCD
str_m3_o23_o23_f0_nbo.sym.2.out,44.26213728964343,LinearRegression,LCD
str_m3_o6_o27_f0_nbo.sym.14.out,44.96584020047246,LinearRegression,LCD
str_m3_o25_o25_f0_nbo.sym.48.out,40.74362273549823,LinearRegression,LCD
str_m3_o7_o7_f0_nbo.sym.31.out,49.75101999410993,LinearRegression,LCD
str_m1_o27_o27_f0_pcu.sym.29.out,44.68435903614085,LinearRegression,LCD
str_m1_o3_o17_f0_pcu.sym.111.out,38.63251400301111,LinearRegression,LCD
str_m1_o7_o28_f0_pcu.sym.18.out,41.025103899829844,LinearRegression,LCD
str_m2_o28_o28_f0_pcu.sym.32.out,41.44732564632727,LinearRegression,LCD
str_m2_o7_o23_f0_nbo.sym.27.out,45.528802529135696,LinearRegression,LCD
str_m3_o2_o3_f0_nbo.sym.18.out,42.57325030365374,LinearRegression,LCD
str_m3_o28_o29_f0_pcu.sym.123.out,43.27695321448277,LinearRegression,LCD
FEWXAI_CSD17,38.21029225651368,LinearRegression,LCD
str_m2_o17_o29_f0_nbo.sym.5.out,41.588066228493076,LinearRegression,LCD
str_m3_o28_o29_f0_pcu.sym.275.out,42.71399088581954,LinearRegression,LCD
FAZQII_CSD17,41.588066228493076,LinearRegression,LCD
mof_11012,45.106580782638275,LinearRegression,LCD
str_m1_o7_o27_f0_pcu.sym.70.out,43.41769379664858,LinearRegression,LCD
str_m2_o28_o28_f0_pcu.sym.85.out,39.758438660337575,LinearRegression,LCD
str_m3_o17_o28_f0_nbo.sym.30.out,42.43250972148792,LinearRegression,LCD
str_m3_o17_o29_f0_nbo.sym.165.out,41.86954739282469,LinearRegression,LCD
str_m3_o28_o29_f0_pcu.sym.77.out,40.46214157116661,LinearRegression,LCD
TOVKOG_CSD17,40.03991982466919,LinearRegression,LCD
str_m2_o31_o59_f0_tbo.sym.85.out,44.68435903614085,LinearRegression,LCD
str_m2_o7_o17_f0_nbo.sym.16.out,41.72880681065888,LinearRegression,LCD
str_m3_o17_o28_f0_nbo.sym.106.out,42.71399088581954,LinearRegression,LCD
str_m3_o23_o25_f0_nbo.sym.8.out,41.30658506416146,LinearRegression,LCD
str_m3_o28_o29_f0_pcu.sym.19.out,42.99547205015115,LinearRegression,LCD
str_m3_o28_o29_f0_pcu.sym.229.out,42.15102855715631,LinearRegression,LCD
str_m3_o7_o17_f0_nbo.sym.17.out,42.43250972148792,LinearRegression,LCD
str_m1_o3_o20_f0_pcu.sym.9.out,38.06955167434788,LinearRegression,LCD
str_m1_o3_o6_f0_pcu.sym.33.out,40.32140098900081,LinearRegression,LCD
str_m3_o2_o3_f0_nbo.sym.127.out,42.57325030365374,LinearRegression,LCD
str_m3_o2_o6_f0_nbo.sym.92.out,42.43250972148792,LinearRegression,LCD
str_m3_o25_o27_f0_nbo.sym.2.out,44.121396707477615,LinearRegression,LCD
str_m3_o28_o29_f0_pcu.sym.56.out,41.44732564632727,LinearRegression,LCD
mof_12411,49.61027941194413,LinearRegression,LCD
str_m1_o6_o7_f0_pcu.sym.85.out,38.4917734208453,LinearRegression,LCD
str_m2_o25_o25_f0_nbo.sym.48.out,44.121396707477615,LinearRegression,LCD
str_m3_o28_o29_f0_pcu.sym.244.out,42.29176913932211,LinearRegression,LCD
str_m3_o6_o17_f0_nbo.sym.63.out,42.29176913932211,LinearRegression,LCD
mof_13429,48.06213300812024,LinearRegression,LCD
mof_3179,38.4917734208453,LinearRegression,LCD
str_m2_o23_o27_f0_nbo.sym.1.out,44.40287787180923,LinearRegression,LCD
str_m2_o28_o28_f0_pcu.sym.152.out,42.43250972148792,LinearRegression,LCD
str_m3_o2_o29_f0_nbo.sym.159.out,41.44732564632727,LinearRegression,LCD
str_m3_o2_o6_f0_nbo.sym.10.out,42.43250972148792,LinearRegression,LCD
str_m3_o28_o29_f0_pcu.sym.78.out,40.46214157116661,LinearRegression,LCD
str_m3_o7_o17_f0_nbo.sym.21.out,42.29176913932211,LinearRegression,LCD
str_m1_o7_o29_f0_pcu.sym.8.out,38.773254585176915,LinearRegression,LCD
str_m2_o2_o27_f0_nbo.sym.85.out,40.74362273549823,LinearRegression,LCD
str_m2_o2_o28_f0_nbo.sym.144.out,39.61769807817176,LinearRegression,LCD
mof_8236,40.602882153332416,LinearRegression,LCD
str_m3_o7_o23_f0_nbo.sym.23.out,43.98065612531181,LinearRegression,LCD
str_m2_o2_o25_f0_nbo.sym.43.out,41.44732564632727,LinearRegression,LCD
mof_8418,47.07694893295958,LinearRegression,LCD
str_m2_o17_o27_f0_nbo.sym.185.out,42.010287974990504,LinearRegression,LCD
str_m2_o2_o17_f0_nbo.sym.1.out,39.19547633167434,LinearRegression,LCD
str_m3_o2_o7_f0_nbo.sym.136.out,41.025103899829844,LinearRegression,LCD
mof_9370,51.721388144431245,LinearRegression,LCD
str_m1_o27_o28_f0_pcu.sym.2.out,39.61769807817176,LinearRegression,LCD
str_m2_o2_o3_f0_nbo.sym.25.out,42.854731467985346,LinearRegression,LCD
str_m2_o28_o29_f0_pcu.sym.264.out,40.180660406834996,LinearRegression,LCD
str_m3_o17_o23_f0_nbo.sym.73.out,40.88436331766404,LinearRegression,LCD
str_m3_o2_o25_f0_nbo.sym.29.out,40.602882153332416,LinearRegression,LCD
mof_8292,49.328798247612504,LinearRegression,LCD
str_m2_o28_o29_f0_pcu.sym.258.out,42.854731467985346,LinearRegression,LCD
str_m3_o2_o27_f0_nbo.sym.158.out,42.57325030365374,LinearRegression,LCD
str_m3_o2_o7_f0_nbo.sym.32.out,42.010287974990504,LinearRegression,LCD
str_m2_o28_o29_f0_pcu.sym.148.out,41.86954739282469,LinearRegression,LCD
str_m2_o3_o20_f0_nbo.sym.24.out,41.30658506416146,LinearRegression,LCD
str_m2_o3_o6_f0_nbo.sym.21.out,45.81028369346731,LinearRegression,LCD
str_m2_o7_o23_f0_nbo.sym.3.out,44.54361845397504,LinearRegression,LCD
str_m3_o28_o29_f0_pcu.sym.105.out,42.57325030365374,LinearRegression,LCD
str_m3_o28_o29_f0_pcu.sym.235.out,40.602882153332416,LinearRegression,LCD
str_m3_o6_o7_f0_nbo.sym.23.out,43.27695321448277,LinearRegression,LCD
str_m2_o28_o28_f0_pcu.sym.58.out,39.33621691384015,LinearRegression,LCD
str_m2_o7_o17_f0_nbo.sym.201.out,42.15102855715631,LinearRegression,LCD
str_m2_o2_o25_f0_nbo.sym.46.out,40.180660406834996,LinearRegression,LCD
str_m2_o6_o28_f0_nbo.sym.25.out,45.38806194696989,LinearRegression,LCD
str_m2_o7_o17_f0_nbo.sym.171.out,40.32140098900081,LinearRegression,LCD
str_m3_o2_o27_f0_nbo.sym.61.out,42.29176913932211,LinearRegression,LCD
mof_9371,51.15842581576801,LinearRegression,LCD
str_m2_o28_o29_f0_pcu.sym.187.out,41.30658506416146,LinearRegression,LCD
str_m3_o6_o7_f0_nbo.sym.38.out,44.68435903614085,LinearRegression,LCD
FAZPUT_CSD17,41.165844481995656,LinearRegression,LCD
mof_2523,44.40287787180923,LinearRegression,LCD
str_m3_o17_o23_f0_nbo.sym.48.out,40.180660406834996,LinearRegression,LCD
str_m3_o28_o29_f0_pcu.sym.237.out,43.69917496098019,LinearRegression,LCD
NU-Pyr-4TT-csq-s,55.52138386290805,LinearRegression,LCD
str_m2_o17_o23_f0_nbo.sym.219.out,42.15102855715631,LinearRegression,LCD
str_m2_o25_o25_f0_nbo.sym.29.out,42.57325030365374,LinearRegression,LCD
str_m3_o17_o17_f0_nbo.sym.46.out,42.15102855715631,LinearRegression,LCD
str_m3_o2_o23_f0_nbo.sym.208.out,40.88436331766404,LinearRegression,LCD
str_m3_o23_o27_f0_nbo.sym.225.out,43.27695321448277,LinearRegression,LCD
str_m3_o28_o28_f0_pcu.sym.66.out,39.61769807817176,LinearRegression,LCD
str_m3_o28_o29_f0_pcu.sym.61.out,38.21029225651368,LinearRegression,LCD
str_m3_o6_o7_f0_nbo.sym.34.out,45.24732136480408,LinearRegression,LCD
mof_7901,39.19547633167434,LinearRegression,LCD
str_m2_o28_o28_f0_pcu.sym.143.out,43.55843437881438,LinearRegression,LCD
str_m2_o28_o29_f0_pcu.sym.211.out,42.99547205015115,LinearRegression,LCD
str_m2_o33_o58_f0_tbo.sym.11.out,49.89176057627574,LinearRegression,LCD
str_m2_o6_o23_f0_nbo.sym.35.out,40.602882153332416,LinearRegression,LCD
str_m3_o2_o23_f0_nbo.sym.16.out,40.180660406834996,LinearRegression,LCD
str_m3_o2_o27_f0_nbo.sym.59.out,40.46214157116661,LinearRegression,LCD
str_m3_o23_o27_f0_nbo.sym.21.out,44.26213728964343,LinearRegression,LCD
ADASEF_CoRE,38.3510328386795,LinearRegression,LCD
HOMXIR_CoRE,41.30658506416146,LinearRegression,LCD
mof_12709,49.61027941194413,LinearRegression,LCD
str_m1_o7_o28_f0_pcu.sym.22.out,38.4917734208453,LinearRegression,LCD
str_m3_o2_o6_f0_nbo.sym.14.out,42.57325030365374,LinearRegression,LCD
mof_9768,42.71399088581954,LinearRegression,LCD
str_m1_o3_o17_f0_pcu.sym.200.out,38.4917734208453,LinearRegression,LCD
str_m3_o28_o29_f0_pcu.sym.106.out,42.43250972148792,LinearRegression,LCD
str_m2_o28_o28_f0_pcu.sym.171.out,42.71399088581954,LinearRegression,LCD
str_m2_o2_o3_f0_nbo.sym.18.out,43.27695321448277,LinearRegression,LCD
str_m2_o2_o6_f0_nbo.sym.25.out,42.29176913932211,LinearRegression,LCD
str_m2_o23_o23_f0_nbo.sym.15.out,42.99547205015115,LinearRegression,LCD
str_m3_o2_o27_f0_nbo.sym.8.out,41.165844481995656,LinearRegression,LCD
str_m3_o2_o28_f0_nbo.sym.120.out,42.010287974990504,LinearRegression,LCD
str_m3_o7_o17_f0_nbo.sym.118.out,42.71399088581954,LinearRegression,LCD
str_m2_o17_o25_f0_nbo.sym.53.out,39.33621691384015,LinearRegression,LCD
str_m2_o2_o23_f0_nbo.sym.90.out,39.19547633167434,LinearRegression,LCD
str_m2_o25_o27_f0_nbo.sym.178.out,42.29176913932211,LinearRegression,LCD
str_m2_o2_o27_f0_nbo.sym.36.out,43.27695321448277,LinearRegression,LCD
str_m2_o2_o7_f0_nbo.sym.23.out,39.89917924250338,LinearRegression,LCD
str_m2_o6_o28_f0_nbo.sym.8.out,45.81028369346731,LinearRegression,LCD
str_m3_o25_o27_f0_nbo.sym.6.out,43.839915543146,LinearRegression,LCD
str_m3_o28_o29_f0_pcu.sym.4.out,42.57325030365374,LinearRegression,LCD
mof_2981,38.3510328386795,LinearRegression,LCD
str_m2_o23_o27_f0_nbo.sym.17.out,40.03991982466919,LinearRegression,LCD
str_m2_o7_o23_f0_nbo.sym.274.out,42.99547205015115,LinearRegression,LCD
str_m3_o2_o17_f0_nbo.sym.95.out,39.47695749600595,LinearRegression,LCD
str_m3_o7_o23_f0_nbo.sym.2.out,42.71399088581954,LinearRegression,LCD
str_m1_o7_o28_f0_pcu.sym.26.out,39.61769807817176,LinearRegression,LCD
str_m2_o28_o28_f0_pcu.sym.88.out,42.010287974990504,LinearRegression,LCD
str_m3_o17_o23_f0_nbo.sym.130.out,40.46214157116661,LinearRegression,LCD
NU-P-4PTT-csq-s,70.7213667368153,LinearRegression,LCD
str_m2_o2_o3_f0_nbo.sym.5.out,42.854731467985346,LinearRegression,LCD
str_m3_o17_o20_f0_nbo.sym.2.out,41.165844481995656,LinearRegression,LCD
str_m3_o2_o7_f0_nbo.sym.64.out,42.99547205015115,LinearRegression,LCD
str_m3_o23_o27_f0_nbo.sym.90.out,43.13621263231696,LinearRegression,LCD
IYUWOP_CSD17,40.74362273549823,LinearRegression,LCD
mof_878,66.35840868967526,LinearRegression,LCD
str_m2_o25_o27_f0_nbo.sym.186.out,42.71399088581954,LinearRegression,LCD
str_m3_o2_o2_f0_nbo.sym.4.out,40.46214157116661,LinearRegression,LCD
mof_854,58.617676670555824,LinearRegression,LCD
str_m2_o28_o28_f0_pcu.sym.239.out,40.74362273549823,LinearRegression,LCD
str_m3_o17_o23_f0_nbo.sym.181.out,42.010287974990504,LinearRegression,LCD
str_m3_o7_o25_f0_nbo.sym.177.out,42.15102855715631,LinearRegression,LCD
str_m2_o17_o25_f0_nbo.sym.40.out,39.33621691384015,LinearRegression,LCD
str_m2_o6_o28_f0_nbo.sym.28.out,45.106580782638275,LinearRegression,LCD
str_m2_o7_o17_f0_nbo.sym.197.out,42.71399088581954,LinearRegression,LCD
str_m2_o7_o7_f0_nbo.sym.6.out,47.358430097291205,LinearRegression,LCD
str_m3_o28_o29_f0_pcu.sym.231.out,40.32140098900081,LinearRegression,LCD
str_m3_o6_o29_f0_nbo.sym.21.out,45.106580782638275,LinearRegression,LCD
str_m2_o6_o28_f0_nbo.sym.36.out,44.40287787180923,LinearRegression,LCD
str_m3_o2_o29_f0_nbo.sym.6.out,38.06955167434788,LinearRegression,LCD
str_m3_o23_o27_f0_nbo.sym.84.out,43.13621263231696,LinearRegression,LCD
str_m2_o17_o17_f0_nbo.sym.10.out,42.15102855715631,LinearRegression,LCD
mof_9515,41.86954739282469,LinearRegression,LCD
str_m1_o7_o27_f0_pcu.sym.35.out,40.74362273549823,LinearRegression,LCD
str_m2_o28_o28_f0_pcu.sym.189.out,39.47695749600595,LinearRegression,LCD
str_m2_o6_o28_f0_nbo.sym.123.out,43.98065612531181,LinearRegression,LCD
str_m3_o28_o28_f0_pcu.sym.111.out,38.773254585176915,LinearRegression,LCD
str_m3_o28_o29_f0_pcu.sym.13.out,42.15102855715631,LinearRegression,LCD
str_m3_o3_o6_f0_nbo.sym.65.out,45.38806194696989,LinearRegression,LCD
mof_12427,41.025103899829844,LinearRegression,LCD
str_m1_o3_o28_f0_pcu.sym.44.out,39.05473574950854,LinearRegression,LCD
str_m2_o17_o27_f0_nbo.sym.22.out,40.74362273549823,LinearRegression,LCD
str_m2_o7_o23_f0_nbo.sym.259.out,42.15102855715631,LinearRegression,LCD
str_m2_o7_o25_f0_nbo.sym.52.out,43.55843437881438,LinearRegression,LCD
str_m3_o17_o23_f0_nbo.sym.7.out,41.588066228493076,LinearRegression,LCD
str_m3_o2_o27_f0_nbo.sym.15.out,41.86954739282469,LinearRegression,LCD
str_m3_o3_o6_f0_nbo.sym.99.out,42.15102855715631,LinearRegression,LCD
str_m3_o7_o7_f0_nbo.sym.30.out,49.89176057627574,LinearRegression,LCD
mof_8007,55.80286502723967,LinearRegression,LCD
str_m2_o17_o23_f0_nbo.sym.78.out,40.03991982466919,LinearRegression,LCD
str_m2_o6_o28_f0_nbo.sym.20.out,45.66954311130151,LinearRegression,LCD
mof_12449,45.66954311130151,LinearRegression,LCD
mof_12990,48.06213300812024,LinearRegression,LCD
str_m3_o7_o23_f0_nbo.sym.19.out,43.69917496098019,LinearRegression,LCD
NU-P-4TTP-csq-s,74.52136245529212,LinearRegression,LCD
NU-Pyr-4PTT-csq-s,69.59544207948885,LinearRegression,LCD
str_m1_o9_o29_f0_pcu.sym.11.out,44.96584020047246,LinearRegression,LCD
str_m2_o28_o29_f0_pcu.sym.219.out,43.55843437881438,LinearRegression,LCD
IYUWUV_CSD17,40.74362273549823,LinearRegression,LCD
mof_12750,54.67694036991321,LinearRegression,LCD
mof_8195,58.0547143418926,LinearRegression,LCD
str_m1_o3_o6_f0_pcu.sym.63.out,38.913995167342726,LinearRegression,LCD
str_m2_o28_o29_f0_pcu.sym.115.out,39.758438660337575,LinearRegression,LCD
str_m3_o2_o7_f0_nbo.sym.8.out,38.3510328386795,LinearRegression,LCD
str_m3_o28_o28_f0_pcu.sym.100.out,42.29176913932211,LinearRegression,LCD
str_m3_o7_o25_f0_nbo.sym.205.out,43.27695321448277,LinearRegression,LCD
str_m3_o17_o27_f0_nbo.sym.2.out,41.44732564632727,LinearRegression,LCD
mof_1119,64.52878112151976,LinearRegression,LCD
str_m2_o2_o28_f0_nbo.sym.10.out,43.13621263231696,LinearRegression,LCD
str_m2_o28_o29_f0_pcu.sym.85.out,43.27695321448277,LinearRegression,LCD
str_m2_o7_o23_f0_nbo.sym.4.out,43.13621263231696,LinearRegression,LCD
str_m3_o2_o27_f0_nbo.sym.27.out,42.43250972148792,LinearRegression,LCD
str_m3_o25_o27_f0_nbo.sym.62.out,42.854731467985346,LinearRegression,LCD
str_m3_o28_o29_f0_pcu.sym.109.out,39.61769807817176,LinearRegression,LCD
str_m3_o6_o29_f0_nbo.sym.170.out,43.839915543146,LinearRegression,LCD
FAZQUU_CSD17,41.44732564632727,LinearRegression,LCD
str_m1_o9_o29_f0_pcu.sym.116.out,45.66954311130151,LinearRegression,LCD
str_m2_o17_o17_f0_nbo.sym.30.out,42.71399088581954,LinearRegression,LCD
str_m2_o7_o20_f0_nbo.sym.213.out,39.19547633167434,LinearRegression,LCD
str_m2_o6_o29_f0_nbo.sym.23.out,45.106580782638275,LinearRegression,LCD
NU-P-4TPT-csq-s,73.25469721579984,LinearRegression,LCD
mof_1215,54.5361997877474,LinearRegression,LCD
mof_5746,41.30658506416146,LinearRegression,LCD
str_m2_o33_o58_f0_tbo.sym.206.out,47.49917067945701,LinearRegression,LCD
str_m3_o17_o28_f0_nbo.sym.181.out,42.010287974990504,LinearRegression,LCD
str_m3_o23_o27_f0_nbo.sym.62.out,44.121396707477615,LinearRegression,LCD
mof_13379,51.86212872659705,LinearRegression,LCD
str_m2_o28_o29_f0_pcu.sym.5.out,42.010287974990504,LinearRegression,LCD
str_m2_o6_o23_f0_nbo.sym.11.out,41.165844481995656,LinearRegression,LCD
str_m2_o6_o25_f0_nbo.sym.32.out,38.773254585176915,LinearRegression,LCD
str_m3_o2_o7_f0_nbo.sym.82.out,38.63251400301111,LinearRegression,LCD
str_m3_o23_o29_f0_nbo.sym.65.out,43.27695321448277,LinearRegression,LCD
mof_11063,40.74362273549823,LinearRegression,LCD
str_m3_o17_o29_f0_nbo.sym.117.out,42.43250972148792,LinearRegression,LCD
str_m3_o2_o6_f0_nbo.sym.72.out,40.32140098900081,LinearRegression,LCD
mof_11002,49.04731708328089,LinearRegression,LCD
str_m2_o2_o28_f0_nbo.sym.127.out,40.03991982466919,LinearRegression,LCD
str_m3_o28_o29_f0_pcu.sym.140.out,40.602882153332416,LinearRegression,LCD
str_m3_o7_o23_f0_nbo.sym.38.out,43.55843437881438,LinearRegression,LCD
str_m3_o17_o23_f0_nbo.sym.41.out,40.03991982466919,LinearRegression,LCD
str_m3_o32_o32_f0_tbo.sym.5.out,47.639911261622814,LinearRegression,LCD
mof_8254,56.506567938068706,LinearRegression,LCD
mof_9558,43.69917496098019,LinearRegression,LCD
str_m2_o2_o28_f0_nbo.sym.7.out,42.99547205015115,LinearRegression,LCD
str_m3_o2_o28_f0_nbo.sym.23.out,40.602882153332416,LinearRegression,LCD
str_m3_o28_o29_f0_pcu.sym.45.out,39.33621691384015,LinearRegression,LCD
str_m2_o6_o7_f0_nbo.sym.61.out,42.71399088581954,LinearRegression,LCD
str_m3_o28_o28_f0_pcu.sym.168.out,39.758438660337575,LinearRegression,LCD
str_m3_o3_o17_f0_nbo.sym.8.out,42.010287974990504,LinearRegression,LCD
str_m3_o3_o7_f0_nbo.sym.32.out,48.34361417245185,LinearRegression,LCD
mof_965,50.313982322773164,LinearRegression,LCD
str_m2_o17_o23_f0_nbo.sym.226.out,39.89917924250338,LinearRegression,LCD
str_m3_o7_o23_f0_nbo.sym.6.out,44.54361845397504,LinearRegression,LCD
str_m1_o3_o28_f0_pcu.sym.26.out,43.41769379664858,LinearRegression,LCD
str_m2_o28_o29_f0_pcu.sym.109.out,43.69917496098019,LinearRegression,LCD
str_m2_o28_o29_f0_pcu.sym.141.out,40.602882153332416,LinearRegression,LCD
NU-Pyr-4TPT-csq-s,72.41025372280501,LinearRegression,LCD
str_m2_o23_o25_f0_nbo.sym.16.out,40.46214157116661,LinearRegression,LCD
str_m3_o17_o20_f0_nbo.sym.67.out,39.05473574950854,LinearRegression,LCD
str_m3_o28_o28_f0_pcu.sym.14.out,38.21029225651368,LinearRegression,LCD
str_m3_o28_o29_f0_pcu.sym.161.out,40.88436331766404,LinearRegression,LCD
str_m3_o28_o29_f0_pcu.sym.268.out,43.69917496098019,LinearRegression,LCD
str_m3_o6_o7_f0_nbo.sym.56.out,43.98065612531181,LinearRegression,LCD
NU-Por-4PTT-csq,72.26951314063919,LinearRegression,LCD
str_m1_o7_o29_f0_pcu.sym.200.out,39.89917924250338,LinearRegression,LCD
str_m2_o28_o29_f0_pcu.sym.214.out,41.165844481995656,LinearRegression,LCD
str_m2_o32_o58_f0_tbo.sym.5.out,40.180660406834996,LinearRegression,LCD
str_m3_o7_o17_f0_nbo.sym.52.out,40.46214157116661,LinearRegression,LCD
XANLEF_CSD17,42.57325030365374,LinearRegression,LCD
str_m3_o28_o28_f0_pcu.sym.16.out,38.06955167434788,LinearRegression,LCD
str_m2_o7_o7_f0_nbo.sym.82.out,47.49917067945701,LinearRegression,LCD
str_m3_o17_o29_f0_nbo.sym.229.out,40.32140098900081,LinearRegression,LCD
str_m3_o7_o7_f0_nbo.sym.19.out,47.49917067945701,LinearRegression,LCD
mof_1269,59.74360132788229,LinearRegression,LCD
str_m2_o17_o25_f0_nbo.sym.109.out,41.86954739282469,LinearRegression,LCD
str_m2_o28_o29_f0_pcu.sym.167.out,40.602882153332416,LinearRegression,LCD
str_m2_o2_o7_f0_nbo.sym.109.out,40.03991982466919,LinearRegression,LCD
str_m3_o28_o28_f0_pcu.sym.71.out,41.025103899829844,LinearRegression,LCD
str_m3_o3_o17_f0_nbo.sym.190.out,42.010287974990504,LinearRegression,LCD
mof_13428,49.1880576654467,LinearRegression,LCD
mof_1450,78.46209875593473,LinearRegression,LCD
mof_5907,39.758438660337575,LinearRegression,LCD
mof_8134,43.55843437881438,LinearRegression,LCD
str_m2_o28_o29_f0_pcu.sym.265.out,43.55843437881438,LinearRegression,LCD
str_m3_o23_o27_f0_nbo.sym.61.out,41.165844481995656,LinearRegression,LCD
str_m3_o3_o17_f0_nbo.sym.3.out,42.57325030365374,LinearRegression,LCD
mof_6000,40.88436331766404,LinearRegression,LCD
str_m3_o25_o27_f0_nbo.sym.17.out,44.54361845397504,LinearRegression,LCD
str_m3_o28_o29_f0_pcu.sym.62.out,40.602882153332416,LinearRegression,LCD
str_m3_o3_o20_f0_nbo.sym.80.out,41.30658506416146,LinearRegression,LCD
str_m3_o7_o7_f0_nbo.sym.20.out,47.358430097291205,LinearRegression,LCD
mof_12413,54.11397804124998,LinearRegression,LCD
str_m3_o23_o29_f0_nbo.sym.46.out,43.69917496098019,LinearRegression,LCD
NU-Pyr-4PTT-csq-l,68.61025800432819,LinearRegression,LCD
mof_8194,55.38064328074225,LinearRegression,LCD
str_m3_o17_o29_f0_nbo.sym.4.out,42.57325030365374,LinearRegression,LCD
str_m3_o2_o25_f0_nbo.sym.52.out,41.44732564632727,LinearRegression,LCD
mof_12663,53.55101571258674,LinearRegression,LCD
mof_9362,45.95102427563312,LinearRegression,LCD
str_m2_o17_o28_f0_nbo.sym.28.out,42.99547205015115,LinearRegression,LCD
str_m3_o29_o29_f0_pcu.sym.69.out,47.07694893295958,LinearRegression,LCD
str_m3_o3_o17_f0_nbo.sym.10.out,42.43250972148792,LinearRegression,LCD
str_m3_o3_o7_f0_nbo.sym.2.out,49.89176057627574,LinearRegression,LCD
NU-Pyr-4TTP-csq-s,73.53617838013145,LinearRegression,LCD
mof_13480,40.88436331766404,LinearRegression,LCD
str_m2_o17_o17_f0_nbo.sym.23.out,42.010287974990504,LinearRegression,LCD
str_m3_o25_o29_f0_nbo.sym.52.out,43.55843437881438,LinearRegression,LCD
str_m3_o28_o29_f0_pcu.sym.49.out,40.32140098900081,LinearRegression,LCD
NU-Por-4TPT-csq,72.12877255847337,LinearRegression,LCD
str_m3_o2_o25_f0_nbo.sym.107.out,38.21029225651368,LinearRegression,LCD
mof_8006,56.22508677373709,LinearRegression,LCD
str_m2_o17_o23_f0_nbo.sym.29.out,40.74362273549823,LinearRegression,LCD
str_m3_o7_o27_f0_nbo.sym.97.out,48.06213300812024,LinearRegression,LCD
mof_7999,47.217689515125386,LinearRegression,LCD
str_m2_o28_o29_f0_pcu.sym.96.out,41.86954739282469,LinearRegression,LCD
str_m3_o2_o27_f0_nbo.sym.87.out,39.47695749600595,LinearRegression,LCD
str_m3_o28_o29_f0_pcu.sym.225.out,41.30658506416146,LinearRegression,LCD
mof_12996,55.38064328074225,LinearRegression,LCD
str_m2_o2_o23_f0_nbo.sym.173.out,41.025103899829844,LinearRegression,LCD
str_m3_o17_o28_f0_nbo.sym.160.out,40.88436331766404,LinearRegression,LCD
str_m3_o7_o17_f0_nbo.sym.74.out,42.29176913932211,LinearRegression,LCD
str_m2_o3_o20_f0_nbo.sym.8.out,40.74362273549823,LinearRegression,LCD
str_m3_o17_o28_f0_nbo.sym.16.out,40.46214157116661,LinearRegression,LCD
str_m3_o2_o27_f0_nbo.sym.67.out,41.165844481995656,LinearRegression,LCD
str_m3_o25_o25_f0_nbo.sym.21.out,43.55843437881438,LinearRegression,LCD
NU-Pyr-4TPT-csq-l,69.73618266165464,LinearRegression,LCD
str_m3_o28_o29_f0_pcu.sym.92.out,40.180660406834996,LinearRegression,LCD
mof_11600,42.29176913932211,LinearRegression,LCD
str_m3_o25_o27_f0_nbo.sym.22.out,42.43250972148792,LinearRegression,LCD
str_m3_o28_o29_f0_pcu.sym.133.out,38.06955167434788,LinearRegression,LCD
str_m3_o29_o29_f0_pcu.sym.222.out,42.43250972148792,LinearRegression,LCD
str_m2_o2_o7_f0_nbo.sym.155.out,41.025103899829844,LinearRegression,LCD
str_m3_o3_o17_f0_nbo.sym.170.out,40.602882153332416,LinearRegression,LCD
mof_12894,53.26953454825513,LinearRegression,LCD
str_m2_o17_o25_f0_nbo.sym.226.out,40.602882153332416,LinearRegression,LCD
str_m3_o30_o33_f0_tbo.sym.19.out,40.03991982466919,LinearRegression,LCD
str_m1_o3_o28_f0_pcu.sym.166.out,43.13621263231696,LinearRegression,LCD
str_m3_o28_o28_f0_pcu.sym.77.out,39.89917924250338,LinearRegression,LCD
mof_12614,54.25471862341578,LinearRegression,LCD
mof_9916,41.025103899829844,LinearRegression,LCD
str_m2_o2_o7_f0_nbo.sym.73.out,39.47695749600595,LinearRegression,LCD
str_m2_o25_o25_f0_nbo.sym.54.out,43.98065612531181,LinearRegression,LCD
str_m3_o25_o29_f0_nbo.sym.146.out,43.55843437881438,LinearRegression,LCD
XUPGIA_CSD17,40.180660406834996,LinearRegression,LCD
mof_13139,55.239902698576444,LinearRegression,LCD
mof_13326,46.79546776862797,LinearRegression,LCD
str_m2_o28_o29_f0_pcu.sym.152.out,39.758438660337575,LinearRegression,LCD
mof_1444,70.7213667368153,LinearRegression,LCD
str_m2_o7_o7_f0_nbo.sym.42.out,47.639911261622814,LinearRegression,LCD
str_m3_o17_o23_f0_nbo.sym.126.out,41.72880681065888,LinearRegression,LCD
str_m1_o7_o27_f0_pcu.sym.77.out,39.89917924250338,LinearRegression,LCD
LEHXUT_CoRE,43.13621263231696,LinearRegression,LCD
mof_9600,46.65472718646216,LinearRegression,LCD
str_m2_o25_o25_f0_nbo.sym.233.out,38.4917734208453,LinearRegression,LCD
str_m3_o17_o23_f0_nbo.sym.34.out,39.33621691384015,LinearRegression,LCD
str_m1_o3_o17_f0_pcu.sym.16.out,38.3510328386795,LinearRegression,LCD
str_m2_o6_o7_f0_nbo.sym.35.out,44.40287787180923,LinearRegression,LCD
str_m2_o28_o28_f0_pcu.sym.165.out,41.588066228493076,LinearRegression,LCD
str_m2_o28_o29_f0_pcu.sym.90.out,39.33621691384015,LinearRegression,LCD
str_m3_o17_o23_f0_nbo.sym.10.out,40.180660406834996,LinearRegression,LCD
str_m3_o28_o28_f0_pcu.sym.69.out,39.89917924250338,LinearRegression,LCD
NU-TPE-4TT-csq-l,63.40285646419329,LinearRegression,LCD
mof_11696,49.469538829778315,LinearRegression,LCD
str_m3_o28_o28_f0_pcu.sym.31.out,39.05473574950854,LinearRegression,LCD
mof_12508,61.291747731706174,LinearRegression,LCD
mof_2452,38.06955167434788,LinearRegression,LCD
mof_7897,38.913995167342726,LinearRegression,LCD
mof_936,73.81765954446308,LinearRegression,LCD
str_m2_o17_o29_f0_nbo.sym.243.out,40.46214157116661,LinearRegression,LCD
mof_1006,50.17324174060735,LinearRegression,LCD
str_m2_o2_o2_f0_nbo.sym.15.out,40.180660406834996,LinearRegression,LCD
str_m2_o7_o20_f0_nbo.sym.58.out,38.4917734208453,LinearRegression,LCD
str_m3_o2_o28_f0_nbo.sym.119.out,40.602882153332416,LinearRegression,LCD
str_m3_o17_o28_f0_nbo.sym.23.out,40.74362273549823,LinearRegression,LCD
str_m3_o7_o29_f0_nbo.sym.121.out,49.89176057627574,LinearRegression,LCD
str_m3_o17_o27_f0_nbo.sym.51.out,38.3510328386795,LinearRegression,LCD
str_m3_o2_o28_f0_nbo.sym.124.out,39.89917924250338,LinearRegression,LCD
str_m3_o3_o7_f0_nbo.sym.44.out,49.89176057627574,LinearRegression,LCD
str_m3_o7_o17_f0_nbo.sym.133.out,39.47695749600595,LinearRegression,LCD
mof_13386,51.29916639793382,LinearRegression,LCD
str_m2_o28_o28_f0_pcu.sym.50.out,40.32140098900081,LinearRegression,LCD
str_m3_o6_o7_f0_nbo.sym.42.out,43.13621263231696,LinearRegression,LCD
str_m3_o7_o28_f0_nbo.sym.22.out,48.48435475461766,LinearRegression,LCD
str_m3_o7_o7_f0_nbo.sym.14.out,49.469538829778315,LinearRegression,LCD
str_m2_o23_o25_f0_nbo.sym.41.out,43.55843437881438,LinearRegression,LCD
mof_3182,38.06955167434788,LinearRegression,LCD
str_m3_o17_o29_f0_nbo.sym.3.out,42.15102855715631,LinearRegression,LCD
str_m3_o28_o28_f0_pcu.sym.17.out,38.06955167434788,LinearRegression,LCD
mof_10052,42.010287974990504,LinearRegression,LCD
mof_12987,44.68435903614085,LinearRegression,LCD
mof_1387,64.81026228585137,LinearRegression,LCD
str_m3_o28_o28_f0_pcu.sym.219.out,39.61769807817176,LinearRegression,LCD
str_m2_o29_o29_f0_pcu.sym.94.out,47.92139242595442,LinearRegression,LCD
str_m3_o2_o28_f0_nbo.sym.121.out,42.57325030365374,LinearRegression,LCD
str_m3_o2_o7_f0_nbo.sym.49.out,41.30658506416146,LinearRegression,LCD
str_m3_o28_o29_f0_pcu.sym.261.out,41.86954739282469,LinearRegression,LCD
str_m3_o28_o29_f0_pcu.sym.238.out,38.773254585176915,LinearRegression,LCD
mof_11700,44.54361845397504,LinearRegression,LCD
str_m3_o32_o58_f0_tbo.sym.23.out,43.69917496098019,LinearRegression,LCD
str_m3_o2_o28_f0_nbo.sym.2.out,39.47695749600595,LinearRegression,LCD
str_m3_o28_o28_f0_pcu.sym.136.out,39.61769807817176,LinearRegression,LCD
str_m3_o7_o27_f0_nbo.sym.54.out,47.217689515125386,LinearRegression,LCD
mof_9550,40.88436331766404,LinearRegression,LCD
str_m2_o2_o29_f0_nbo.sym.13.out,38.3510328386795,LinearRegression,LCD
str_m2_o25_o29_f0_nbo.sym.11.out,41.165844481995656,LinearRegression,LCD
str_m2_o3_o17_f0_nbo.sym.131.out,40.46214157116661,LinearRegression,LCD
str_m3_o28_o29_f0_pcu.sym.102.out,39.89917924250338,LinearRegression,LCD
str_m1_o3_o27_f0_pcu.sym.13.out,38.3510328386795,LinearRegression,LCD
str_m1_o7_o20_f0_pcu.sym.7.out,38.63251400301111,LinearRegression,LCD
str_m3_o7_o17_f0_nbo.sym.158.out,39.89917924250338,LinearRegression,LCD
NU-Por-4TTP-csq,75.50654653045277,LinearRegression,LCD
mof_1319,64.95100286801718,LinearRegression,LCD
str_m2_o28_o29_f0_pcu.sym.143.out,38.4917734208453,LinearRegression,LCD
mof_12419,59.602860745716484,LinearRegression,LCD
str_m1_o9_o29_f0_pcu.sym.1.out,46.79546776862797,LinearRegression,LCD
str_m2_o7_o23_f0_nbo.sym.172.out,42.43250972148792,LinearRegression,LCD
str_m3_o17_o23_f0_nbo.sym.4.out,40.46214157116661,LinearRegression,LCD
mof_12676,59.039898417053244,LinearRegression,LCD
str_m1_o3_o7_f0_pcu.sym.7.out,38.06955167434788,LinearRegression,LCD
mof_1330,78.74357992026634,LinearRegression,LCD
mof_5946,39.89917924250338,LinearRegression,LCD
NU-Pyr-4TTP-csq-l,72.5509943049708,LinearRegression,LCD
str_m3_o28_o29_f0_pcu.sym.20.out,40.180660406834996,LinearRegression,LCD
str_m2_o58_o58_f0_tbo.sym.13.out,44.26213728964343,LinearRegression,LCD
str_m3_o6_o17_f0_nbo.sym.90.out,39.47695749600595,LinearRegression,LCD
mof_5945,38.773254585176915,LinearRegression,LCD
str_m2_o3_o23_f0_nbo.sym.11.out,43.41769379664858,LinearRegression,LCD
str_m2_o7_o7_f0_nbo.sym.12.out,49.61027941194413,LinearRegression,LCD
mof_11603,46.373246022130544,LinearRegression,LCD
mof_12986,43.98065612531181,LinearRegression,LCD
str_m1_o9_o29_f0_pcu.sym.180.out,42.43250972148792,LinearRegression,LCD
str_m2_o17_o23_f0_nbo.sym.222.out,39.89917924250338,LinearRegression,LCD
str_m2_o28_o29_f0_pcu.sym.98.out,40.03991982466919,LinearRegression,LCD
str_m3_o2_o28_f0_nbo.sym.85.out,41.86954739282469,LinearRegression,LCD
mof_8255,58.89915783488745,LinearRegression,LCD
str_m3_o7_o28_f0_nbo.sym.12.out,47.49917067945701,LinearRegression,LCD
str_m1_o3_o7_f0_pcu.sym.32.out,41.30658506416146,LinearRegression,LCD
mof_12565,44.26213728964343,LinearRegression,LCD
str_m1_o3_o6_f0_pcu.sym.29.out,38.773254585176915,LinearRegression,LCD
str_m1_o7_o7_f0_pcu.sym.7.out,39.47695749600595,LinearRegression,LCD
str_m3_o3_o6_f0_nbo.sym.155.out,42.99547205015115,LinearRegression,LCD
str_m3_o7_o27_f0_nbo.sym.19.out,46.65472718646216,LinearRegression,LCD
str_m1_o9_o29_f0_pcu.sym.12.out,42.854731467985346,LinearRegression,LCD
str_m3_o17_o27_f0_nbo.sym.40.out,39.33621691384015,LinearRegression,LCD
NU-TPE-4T-csq-s,62.276931806866834,LinearRegression,LCD
mof_13231,63.26211588202748,LinearRegression,LCD
str_m3_o7_o17_f0_nbo.sym.151.out,42.29176913932211,LinearRegression,LCD
str_m3_o7_o7_f0_nbo.sym.102.out,46.65472718646216,LinearRegression,LCD
str_m3_o28_o29_f0_pcu.sym.18.out,39.758438660337575,LinearRegression,LCD
str_m2_o2_o6_f0_nbo.sym.26.out,41.86954739282469,LinearRegression,LCD
str_m2_o28_o29_f0_pcu.sym.75.out,42.99547205015115,LinearRegression,LCD
str_m2_o29_o29_f0_pcu.sym.11.out,45.106580782638275,LinearRegression,LCD
str_m2_o3_o27_f0_nbo.sym.83.out,52.00286930876286,LinearRegression,LCD
str_m3_o17_o27_f0_nbo.sym.49.out,39.61769807817176,LinearRegression,LCD
mof_13051,43.55843437881438,LinearRegression,LCD
str_m1_o7_o29_f0_pcu.sym.19.out,38.773254585176915,LinearRegression,LCD
mof_13225,51.86212872659705,LinearRegression,LCD
str_m2_o25_o29_f0_nbo.sym.274.out,40.602882153332416,LinearRegression,LCD
str_m3_o17_o25_f0_nbo.sym.161.out,39.47695749600595,LinearRegression,LCD
str_m3_o17_o25_f0_nbo.sym.275.out,38.913995167342726,LinearRegression,LCD
str_m3_o2_o28_f0_nbo.sym.7.out,41.588066228493076,LinearRegression,LCD
mof_13032,52.565831637426086,LinearRegression,LCD
str_m3_o25_o29_f0_nbo.sym.46.out,39.89917924250338,LinearRegression,LCD
str_m3_o27_o27_f0_nbo.sym.14.out,45.528802529135696,LinearRegression,LCD
mof_1061,76.49173060561344,LinearRegression,LCD
mof_1268,61.57322889603779,LinearRegression,LCD
str_m2_o28_o28_f0_pcu.sym.172.out,40.46214157116661,LinearRegression,LCD
mof_8000,49.469538829778315,LinearRegression,LCD
mof_1004,45.95102427563312,LinearRegression,LCD
str_m2_o7_o17_f0_nbo.sym.192.out,38.913995167342726,LinearRegression,LCD
mof_13278,44.54361845397504,LinearRegression,LCD
str_m3_o7_o28_f0_nbo.sym.14.out,48.06213300812024,LinearRegression,LCD
str_m3_o25_o29_f0_nbo.sym.37.out,40.88436331766404,LinearRegression,LCD
str_m3_o7_o28_f0_nbo.sym.2.out,47.358430097291205,LinearRegression,LCD
str_m2_o25_o25_f0_nbo.sym.213.out,39.758438660337575,LinearRegression,LCD
str_m3_o17_o27_f0_nbo.sym.184.out,38.913995167342726,LinearRegression,LCD
str_m3_o32_o58_f0_tbo.sym.112.out,42.854731467985346,LinearRegression,LCD
str_m3_o7_o7_f0_nbo.sym.52.out,47.639911261622814,LinearRegression,LCD
str_m3_o2_o7_f0_nbo.sym.63.out,40.74362273549823,LinearRegression,LCD
str_m3_o25_o27_f0_nbo.sym.20.out,39.61769807817176,LinearRegression,LCD
str_m2_o23_o25_f0_nbo.sym.22.out,38.913995167342726,LinearRegression,LCD
mof_8017,45.81028369346731,LinearRegression,LCD
mof_939,75.36580594828695,LinearRegression,LCD
str_m2_o28_o28_f0_pcu.sym.207.out,40.74362273549823,LinearRegression,LCD
str_m3_o3_o6_f0_nbo.sym.243.out,43.839915543146,LinearRegression,LCD
NU-TPE-4P-csq-s,63.5435970463591,LinearRegression,LCD
str_m3_o32_o58_f0_tbo.sym.97.out,43.55843437881438,LinearRegression,LCD
mof_12448,44.54361845397504,LinearRegression,LCD
str_m3_o17_o17_f0_nbo.sym.51.out,41.86954739282469,LinearRegression,LCD
NU-Pyr-4TT-csq-l,55.94360560940548,LinearRegression,LCD
str_m2_o17_o28_f0_nbo.sym.11.out,39.33621691384015,LinearRegression,LCD
str_m3_o28_o28_f0_pcu.sym.53.out,39.47695749600595,LinearRegression,LCD
str_m3_o3_o17_f0_nbo.sym.6.out,39.19547633167434,LinearRegression,LCD
str_m3_o7_o28_f0_nbo.sym.174.out,46.23250543996474,LinearRegression,LCD
str_m3_o29_o29_f0_pcu.sym.168.out,43.98065612531181,LinearRegression,LCD
str_m3_o3_o3_f0_nbo.sym.7.out,53.26953454825513,LinearRegression,LCD
str_m2_o6_o6_f0_nbo.sym.6.out,41.025103899829844,LinearRegression,LCD
str_m3_o28_o28_f0_pcu.sym.184.out,39.61769807817176,LinearRegression,LCD
mof_11745,43.41769379664858,LinearRegression,LCD
mof_1176,71.84729139414176,LinearRegression,LCD
mof_13005,55.239902698576444,LinearRegression,LCD
str_m2_o28_o29_f0_pcu.sym.229.out,38.773254585176915,LinearRegression,LCD
str_m3_o3_o7_f0_nbo.sym.40.out,49.04731708328089,LinearRegression,LCD
str_m2_o2_o23_f0_nbo.sym.48.out,39.47695749600595,LinearRegression,LCD
mof_5789,41.44732564632727,LinearRegression,LCD
mof_8484,44.68435903614085,LinearRegression,LCD
str_m3_o17_o17_f0_nbo.sym.44.out,40.46214157116661,LinearRegression,LCD
str_m2_o29_o29_f0_pcu.sym.133.out,47.07694893295958,LinearRegression,LCD
str_m3_o29_o29_f0_pcu.sym.42.out,47.49917067945701,LinearRegression,LCD
str_m2_o17_o27_f0_nbo.sym.7.out,38.913995167342726,LinearRegression,LCD
str_m3_o3_o7_f0_nbo.sym.20.out,48.90657650111508,LinearRegression,LCD
mof_5084,52.565831637426086,LinearRegression,LCD
mof_3278,40.03991982466919,LinearRegression,LCD
str_m3_o17_o29_f0_nbo.sym.235.out,39.05473574950854,LinearRegression,LCD
mof_8387,51.01768523360221,LinearRegression,LCD
str_m3_o27_o27_f0_nbo.sym.59.out,50.876944651436396,LinearRegression,LCD
mof_11831,45.24732136480408,LinearRegression,LCD
str_m2_o25_o29_f0_nbo.sym.35.out,42.29176913932211,LinearRegression,LCD
str_m3_o28_o28_f0_pcu.sym.172.out,38.913995167342726,LinearRegression,LCD
str_m3_o7_o27_f0_nbo.sym.21.out,48.202873590286046,LinearRegression,LCD
mof_13374,46.09176485779893,LinearRegression,LCD
mof_1376,59.74360132788229,LinearRegression,LCD
str_m3_o17_o28_f0_nbo.sym.25.out,40.74362273549823,LinearRegression,LCD
mof_4887,40.180660406834996,LinearRegression,LCD
str_m2_o17_o23_f0_nbo.sym.11.out,38.913995167342726,LinearRegression,LCD
str_m2_o17_o27_f0_nbo.sym.205.out,38.913995167342726,LinearRegression,LCD
str_m3_o28_o29_f0_pcu.sym.2.out,41.025103899829844,LinearRegression,LCD
str_m3_o3_o23_f0_nbo.sym.4.out,43.55843437881438,LinearRegression,LCD
mof_11052,38.913995167342726,LinearRegression,LCD
NU-Pyr-4PP-csq-l,66.63988985400688,LinearRegression,LCD
str_m2_o2_o27_f0_nbo.sym.23.out,40.88436331766404,LinearRegression,LCD
str_m2_o28_o29_f0_pcu.sym.8.out,41.588066228493076,LinearRegression,LCD
str_m3_o7_o28_f0_nbo.sym.23.out,48.06213300812024,LinearRegression,LCD
str_m3_o17_o27_f0_nbo.sym.210.out,40.180660406834996,LinearRegression,LCD
mof_1014,59.32137958138487,LinearRegression,LCD
str_m3_o17_o27_f0_nbo.sym.79.out,40.180660406834996,LinearRegression,LCD
str_m3_o7_o29_f0_nbo.sym.9.out,49.89176057627574,LinearRegression,LCD
YODWUL_CSD17,41.025103899829844,LinearRegression,LCD
mof_8338,47.358430097291205,LinearRegression,LCD
str_m1_o7_o28_f0_pcu.sym.206.out,40.180660406834996,LinearRegression,LCD
str_m2_o17_o29_f0_nbo.sym.11.out,40.74362273549823,LinearRegression,LCD
str_m3_o27_o28_f0_nbo.sym.22.out,52.00286930876286,LinearRegression,LCD
mof_1445,74.2398812909605,LinearRegression,LCD
str_m2_o25_o27_f0_nbo.sym.24.out,42.010287974990504,LinearRegression,LCD
VEGBUG_CSD17,44.96584020047246,LinearRegression,LCD
str_m3_o3_o17_f0_nbo.sym.15.out,41.44732564632727,LinearRegression,LCD
NU-Por-4TT-csq,57.21027084889775,LinearRegression,LCD
str_m3_o17_o23_f0_nbo.sym.54.out,39.61769807817176,LinearRegression,LCD
str_m2_o17_o23_f0_nbo.sym.218.out,38.21029225651368,LinearRegression,LCD
str_m2_o25_o25_f0_nbo.sym.212.out,41.30658506416146,LinearRegression,LCD
NU-TPE-4PT-csq-l,71.00284790114692,LinearRegression,LCD
str_m3_o2_o7_f0_nbo.sym.50.out,41.165844481995656,LinearRegression,LCD
NU-Pyr-4TP-csq-s,60.447304238711325,LinearRegression,LCD
str_m3_o3_o28_f0_nbo.sym.32.out,50.876944651436396,LinearRegression,LCD
str_m2_o29_o29_f0_pcu.sym.68.out,46.23250543996474,LinearRegression,LCD
str_m3_o17_o28_f0_nbo.sym.2.out,42.15102855715631,LinearRegression,LCD
str_m3_o27_o27_f0_nbo.sym.18.out,51.86212872659705,LinearRegression,LCD
str_m2_o6_o28_f0_nbo.sym.26.out,45.66954311130151,LinearRegression,LCD
str_m3_o7_o20_f0_nbo.sym.48.out,38.4917734208453,LinearRegression,LCD
str_m2_o7_o7_f0_nbo.sym.3.out,48.90657650111508,LinearRegression,LCD
mof_3321,39.19547633167434,LinearRegression,LCD
mof_934,73.81765954446308,LinearRegression,LCD
mof_9551,41.72880681065888,LinearRegression,LCD
str_m2_o2_o3_f0_nbo.sym.33.out,40.88436331766404,LinearRegression,LCD
str_m3_o2_o6_f0_nbo.sym.3.out,42.43250972148792,LinearRegression,LCD
str_m3_o7_o7_f0_nbo.sym.23.out,48.06213300812024,LinearRegression,LCD
mof_1058,59.8843419100481,LinearRegression,LCD
str_m3_o29_o29_f0_pcu.sym.5.out,46.51398660429635,LinearRegression,LCD
NU-Pyr-4PP-csq-s,66.78063043617269,LinearRegression,LCD
mof_1167,68.04729567566497,LinearRegression,LCD
mof_12655,47.78065184378862,LinearRegression,LCD
mof_13254,46.373246022130544,LinearRegression,LCD
NU-TPE-4TP-csq-l,69.87692324382047,LinearRegression,LCD
VEGCAN_CSD17,44.82509961830665,LinearRegression,LCD
mof_12670,57.63249259539517,LinearRegression,LCD
str_m3_o7_o17_f0_nbo.sym.235.out,39.61769807817176,LinearRegression,LCD
PODKUQ_CSD17,39.33621691384015,LinearRegression,LCD
mof_1110,54.11397804124998,LinearRegression,LCD
mof_11753,56.365827355902894,LinearRegression,LCD
str_m2_o27_o27_f0_nbo.sym.18.out,49.469538829778315,LinearRegression,LCD
str_m2_o29_o29_f0_pcu.sym.199.out,46.65472718646216,LinearRegression,LCD
str_m3_o7_o17_f0_nbo.sym.27.out,39.61769807817176,LinearRegression,LCD
NU-P-4PT-csq-s,60.025082492213905,LinearRegression,LCD
mof_1448,76.63247118777923,LinearRegression,LCD
str_m3_o7_o25_f0_nbo.sym.5.out,40.03991982466919,LinearRegression,LCD
mof_12749,55.94360560940548,LinearRegression,LCD
str_m3_o7_o28_f0_nbo.sym.168.out,44.68435903614085,LinearRegression,LCD
mof_8428,40.88436331766404,LinearRegression,LCD
NU-Por-4PP-csq,70.58062615464951,LinearRegression,LCD
str_m2_o32_o58_f0_tbo.sym.18.out,41.025103899829844,LinearRegression,LCD
mof_12701,43.69917496098019,LinearRegression,LCD
mof_13444,43.839915543146,LinearRegression,LCD
str_m2_o33_o58_f0_tbo.sym.66.out,47.78065184378862,LinearRegression,LCD
str_m3_o28_o28_f0_pcu.sym.50.out,38.63251400301111,LinearRegression,LCD
FAZPON_CSD17,41.165844481995656,LinearRegression,LCD
mof_13071,43.13621263231696,LinearRegression,LCD
mof_11715,55.38064328074225,LinearRegression,LCD
str_m3_o7_o29_f0_nbo.sym.14.out,44.54361845397504,LinearRegression,LCD
str_m2_o23_o27_f0_nbo.sym.243.out,39.33621691384015,LinearRegression,LCD
NU-Por-4PT-csq,62.13619122470103,LinearRegression,LCD
mof_13110,44.54361845397504,LinearRegression,LCD
mof_13169,40.180660406834996,LinearRegression,LCD
str_m3_o2_o27_f0_nbo.sym.44.out,40.32140098900081,LinearRegression,LCD
NU-TPE-4PT-csq-s,61.291747731706174,LinearRegression,LCD
mof_13234,65.79544636101203,LinearRegression,LCD
str_m2_o27_o27_f0_nbo.sym.20.out,50.736204069270585,LinearRegression,LCD
mof_11809,43.98065612531181,LinearRegression,LCD
mof_7935,44.121396707477615,LinearRegression,LCD
mof_9365,45.38806194696989,LinearRegression,LCD
str_m2_o29_o29_f0_pcu.sym.111.out,43.13621263231696,LinearRegression,LCD
str_m3_o3_o17_f0_nbo.sym.2.out,38.773254585176915,LinearRegression,LCD
mof_11850,55.239902698576444,LinearRegression,LCD
mof_12502,55.662124445073864,LinearRegression,LCD
str_m3_o6_o29_f0_nbo.sym.16.out,43.13621263231696,LinearRegression,LCD
mof_12512,49.04731708328089,LinearRegression,LCD
mof_13235,66.21766810750944,LinearRegression,LCD
str_m2_o17_o28_f0_nbo.sym.17.out,39.33621691384015,LinearRegression,LCD
mof_815,48.90657650111508,LinearRegression,LCD
str_m2_o2_o6_f0_nbo.sym.2.out,40.03991982466919,LinearRegression,LCD
mof_9358,40.602882153332416,LinearRegression,LCD
NU-Pyr-4PT-csq-s,57.63249259539517,LinearRegression,LCD
str_m3_o17_o27_f0_nbo.sym.179.out,38.913995167342726,LinearRegression,LCD
KISXIU_UM,41.588066228493076,LinearRegression,LCD
str_m2_o7_o7_f0_nbo.sym.69.out,46.65472718646216,LinearRegression,LCD
str_m3_o3_o17_f0_nbo.sym.14.out,42.29176913932211,LinearRegression,LCD
str_m3_o6_o17_f0_nbo.sym.121.out,39.61769807817176,LinearRegression,LCD
mof_962,45.24732136480408,LinearRegression,LCD
str_m3_o7_o28_f0_nbo.sym.8.out,42.854731467985346,LinearRegression,LCD
NU-Por-4TP-csq,64.52878112151976,LinearRegression,LCD
mof_12794,44.54361845397504,LinearRegression,LCD
NU-P-4TT-csq-s,53.973237459084174,LinearRegression,LCD
str_m2_o2_o27_f0_nbo.sym.24.out,39.33621691384015,LinearRegression,LCD
NU-TPE-4TP-csq-s,61.854710060369406,LinearRegression,LCD
mof_1166,68.46951742216238,LinearRegression,LCD
KOZQEX_CSD17,39.47695749600595,LinearRegression,LCD
str_m3_o17_o23_f0_nbo.sym.74.out,40.03991982466919,LinearRegression,LCD
mof_12785,40.74362273549823,LinearRegression,LCD
mof_12937,43.98065612531181,LinearRegression,LCD
NU-Pyr-4PT-csq-l,60.86952598520875,LinearRegression,LCD
VEGCAN_CoRE,44.82509961830665,LinearRegression,LCD
mof_809,40.32140098900081,LinearRegression,LCD
mof_1317,59.32137958138487,LinearRegression,LCD
mof_5834,38.4917734208453,LinearRegression,LCD
VEGBUG_CoRE,44.96584020047246,LinearRegression,LCD
str_m3_o32_o58_f0_tbo.sym.15.out,42.43250972148792,LinearRegression,LCD
FAZQAA_CSD17,41.30658506416146,LinearRegression,LCD
str_m2_o17_o17_f0_nbo.sym.19.out,39.61769807817176,LinearRegression,LCD
str_m2_o2_o7_f0_nbo.sym.40.out,40.88436331766404,LinearRegression,LCD
mof_13216,43.41769379664858,LinearRegression,LCD
NU-Pyr-4TP-csq-l,62.13619122470103,LinearRegression,LCD
NU-P-4TP-csq-s,62.276931806866834,LinearRegression,LCD
mof_12605,45.81028369346731,LinearRegression,LCD
mof_11694,41.86954739282469,LinearRegression,LCD
mof_13421,41.72880681065888,LinearRegression,LCD
mof_1320,69.0324797508256,LinearRegression,LCD
str_m2_o9_o29_f0_pcu.sym.18.out,40.88436331766404,LinearRegression,LCD
str_m3_o3_o20_f0_nbo.sym.235.out,38.21029225651368,LinearRegression,LCD
str_m2_o17_o28_f0_nbo.sym.167.out,40.46214157116661,LinearRegression,LCD
mof_10193,41.588066228493076,LinearRegression,LCD
str_m2_o9_o29_f0_pcu.sym.215.out,39.47695749600595,LinearRegression,LCD
str_m2_o9_o29_f0_pcu.sym.225.out,40.602882153332416,LinearRegression,LCD
mof_11054,39.61769807817176,LinearRegression,LCD
mof_12809,61.291747731706174,LinearRegression,LCD
mof_7993,44.96584020047246,LinearRegression,LCD
str_m1_o3_o29_f0_pcu.sym.13.out,40.602882153332416,LinearRegression,LCD
str_m3_o2_o29_f0_nbo.sym.101.out,38.3510328386795,LinearRegression,LCD
mof_10155,48.48435475461766,LinearRegression,LCD
str_m3_o29_o29_f0_pcu.sym.130.out,45.528802529135696,LinearRegression,LCD
mof_13170,41.165844481995656,LinearRegression,LCD
str_m3_o27_o27_f0_nbo.sym.7.out,50.876944651436396,LinearRegression,LCD
mof_5936,39.33621691384015,LinearRegression,LCD
str_m3_o2_o2_f0_nbo.sym.7.out,40.46214157116661,LinearRegression,LCD
NU-TPE-4PP-csq-s,68.61025800432819,LinearRegression,LCD
mof_1170,66.35840868967526,LinearRegression,LCD
mof_11598,41.30658506416146,LinearRegression,LCD
mof_10978,39.05473574950854,LinearRegression,LCD
str_m2_o9_o29_f0_pcu.sym.125.out,38.06955167434788,LinearRegression,LCD
mof_1135,46.09176485779893,LinearRegression,LCD
str_m2_o32_o58_f0_tbo.sym.129.out,43.41769379664858,LinearRegression,LCD
UBULIO_CoRE,42.15102855715631,LinearRegression,LCD
SAPBIW_CSD17,47.639911261622814,LinearRegression,LCD
mof_11849,54.25471862341578,LinearRegression,LCD
str_m3_o2_o2_f0_nbo.sym.48.out,42.15102855715631,LinearRegression,LCD
str_m3_o2_o7_f0_nbo.sym.87.out,40.46214157116661,LinearRegression,LCD
str_m3_o23_o23_f0_nbo.sym.4.out,38.63251400301111,LinearRegression,LCD
sod_B_Syn000692,39.19547633167434,LinearRegression,LCD
str_m2_o9_o29_f0_pcu.sym.156.out,40.88436331766404,LinearRegression,LCD
mof_12928,38.3510328386795,LinearRegression,LCD
mof_1068,68.04729567566497,LinearRegression,LCD
mof_10101,48.76583591894928,LinearRegression,LCD
mof_10289,47.639911261622814,LinearRegression,LCD
str_m2_o9_o29_f0_pcu.sym.92.out,38.63251400301111,LinearRegression,LCD
TOCJAY_CSD17,41.86954739282469,LinearRegression,LCD
str_m3_o7_o23_f0_nbo.sym.35.out,38.21029225651368,LinearRegression,LCD
str_m2_o9_o29_f0_pcu.sym.85.out,39.758438660337575,LinearRegression,LCD
mof_7984,43.98065612531181,LinearRegression,LCD
str_m2_o9_o29_f0_pcu.sym.258.out,41.165844481995656,LinearRegression,LCD
str_m2_o3_o6_f0_nbo.sym.29.out,38.4917734208453,LinearRegression,LCD
mof_13223,49.75101999410993,LinearRegression,LCD
str_m2_o9_o29_f0_pcu.sym.16.out,40.180660406834996,LinearRegression,LCD
NU-P-4PP-csq-s,63.40285646419329,LinearRegression,LCD
sod_B_Syn001422,38.3510328386795,LinearRegression,LCD
str_m2_o9_o29_f0_pcu.sym.263.out,40.74362273549823,LinearRegression,LCD
str_m3_o7_o17_f0_nbo.sym.160.out,39.33621691384015,LinearRegression,LCD
mof_1386,59.180638999219056,LinearRegression,LCD
mof_12909,61.15100714954037,LinearRegression,LCD
mof_1146,52.00286930876286,LinearRegression,LCD
mof_1097,51.29916639793382,LinearRegression,LCD
88_all_conf_107_0_full_symm,55.38064328074225,LinearRegression,LCD
mof_12936,42.29176913932211,LinearRegression,LCD
str_m2_o9_o29_f0_pcu.sym.108.out,40.74362273549823,LinearRegression,LCD
mof_12765,60.72878540304295,LinearRegression,LCD
str_m2_o9_o29_f0_pcu.sym.268.out,41.165844481995656,LinearRegression,LCD
str_m3_o32_o58_f0_tbo.sym.11.out,39.47695749600595,LinearRegression,LCD
97_all_conf_1034_0_full_symm,54.395459205581595,LinearRegression,LCD
187_all_conf_768_1_full_symm,51.29916639793382,LinearRegression,LCD
str_m2_o5_o29_f0_nbo.sym.10.out,42.010287974990504,LinearRegression,LCD
15_all_conf_144_0_full_symm,60.025082492213905,LinearRegression,LCD
mof_13026,40.32140098900081,LinearRegression,LCD
mof_12653,43.27695321448277,LinearRegression,LCD
mof_13264,45.528802529135696,LinearRegression,LCD
NU-TPE-4PP-csq-l,59.602860745716484,LinearRegression,LCD
34_all_conf_144_0_full_symm,51.86212872659705,LinearRegression,LCD
mof_12887,42.99547205015115,LinearRegression,LCD
95_all_conf_567_0_full_symm,61.432488313871985,LinearRegression,LCD
261.2_all_conf_272_0_full_symm,58.19545492405841,LinearRegression,LCD
208_all_conf_5978_0_full_symm,57.351011431063554,LinearRegression,LCD
118_all_conf_528_0_full_symm,60.58804482087713,LinearRegression,LCD
str_m2_o9_o29_f0_pcu.sym.183.out,39.89917924250338,LinearRegression,LCD
mof_12669,52.988053383923514,LinearRegression,LCD
258_all_conf_1584_0_full_symm,49.469538829778315,LinearRegression,LCD
str_m2_o9_o29_f0_pcu.sym.56.out,39.47695749600595,LinearRegression,LCD
152x0_all_conf_7740_0_full_symm,46.79546776862797,LinearRegression,LCD
285_all_conf_0_0_full_symm,43.13621263231696,LinearRegression,LCD
mof_12982,40.602882153332416,LinearRegression,LCD
mof_1374,55.80286502723967,LinearRegression,LCD
NU-TPE-4P-csq-l,60.025082492213905,LinearRegression,LCD
mof_11784,42.854731467985346,LinearRegression,LCD
32_all_conf_43_1_full_symm,43.98065612531181,LinearRegression,LCD
229_all_conf_6704_0_full_symm,49.04731708328089,LinearRegression,LCD
102.1_all_conf_239_0_full_symm,51.43990698009962,LinearRegression,LCD
NU-TPE-4T-csq-l,52.42509105526028,LinearRegression,LCD
sod_B_Syn001555,39.19547633167434,LinearRegression,LCD
mof_1104,44.68435903614085,LinearRegression,LCD
mof_7983,43.55843437881438,LinearRegression,LCD
7_all_conf_50_0_full_symm,46.79546776862797,LinearRegression,LCD
BEDYEQ_CSD17,54.5361997877474,LinearRegression,LCD
mof_11838,40.46214157116661,LinearRegression,LCD
161_all_conf_493_1_full_symm,41.44732564632727,LinearRegression,LCD
mof_11741,41.86954739282469,LinearRegression,LCD
mof_1045,47.217689515125386,LinearRegression,LCD
mof_12932,38.913995167342726,LinearRegression,LCD
8_all_conf_4278_1_full_symm,56.365827355902894,LinearRegression,LCD
mof_1434,64.52878112151976,LinearRegression,LCD
PELRIJ_CoRE,38.3510328386795,LinearRegression,LCD
24_all_conf_9_0_full_symm,54.67694036991321,LinearRegression,LCD
mof_1309,62.83989413553006,LinearRegression,LCD
185x0_all_conf_6662_0_full_symm,46.79546776862797,LinearRegression,LCD
str_m2_o2_o3_f0_nbo.sym.31.out,38.06955167434788,LinearRegression,LCD
98x1_all_conf_4342_1_full_symm,43.41769379664858,LinearRegression,LCD
mof_1052,47.217689515125386,LinearRegression,LCD
mof_1081,46.373246022130544,LinearRegression,LCD
34.1_all_conf_10_0_full_symm,44.40287787180923,LinearRegression,LCD
185x1_all_conf_10123_1_full_symm,47.217689515125386,LinearRegression,LCD
17_all_conf_29_0_full_symm,39.61769807817176,LinearRegression,LCD
mof_11690,38.3510328386795,LinearRegression,LCD
mof_8288,41.86954739282469,LinearRegression,LCD
91_all_conf_1023_0_full_symm,47.217689515125386,LinearRegression,LCD
192_all_conf_39_0_full_symm,46.373246022130544,LinearRegression,LCD
str_m2_o9_o29_f0_pcu.sym.63.out,38.773254585176915,LinearRegression,LCD
9_all_conf_97_0_full_symm,54.81768095207901,LinearRegression,LCD
261.1_all_conf_203_0_full_symm,55.52138386290805,LinearRegression,LCD
mof_11761,39.61769807817176,LinearRegression,LCD
169_all_conf_656_0_full_symm,44.68435903614085,LinearRegression,LCD
str_m2_o9_o29_f0_pcu.sym.152.out,40.03991982466919,LinearRegression,LCD
mof_1253,53.55101571258674,LinearRegression,LCD
184x0_all_conf_4506_0_full_symm,48.76583591894928,LinearRegression,LCD
188_all_conf_3005_1_full_symm,40.74362273549823,LinearRegression,LCD
182_all_conf_7056_1_full_symm,46.51398660429635,LinearRegression,LCD
mof_1311,59.74360132788229,LinearRegression,LCD
IZEPAF_CSD17,41.86954739282469,LinearRegression,LCD
BEDYEQ_CoRE,54.5361997877474,LinearRegression,LCD
NU-P-4TT-ftw,42.57325030365374,LinearRegression,LCD
152x1_all_conf_7899_1_full_symm,43.41769379664858,LinearRegression,LCD
149_all_conf_47_0_full_symm,38.21029225651368,LinearRegression,LCD
6_all_conf_98_0_full_symm,47.358430097291205,LinearRegression,LCD
277_all_conf_224_0_full_symm,71.28432906547854,LinearRegression,LCD
20_all_conf_167_0_full_symm,39.05473574950854,LinearRegression,LCD
mof_13411,41.30658506416146,LinearRegression,LCD
96_all_conf_27_0_full_symm,38.3510328386795,LinearRegression,LCD
IZEPEJ_CoRE,41.588066228493076,LinearRegression,LCD
IZEPEJ_CSD17,41.588066228493076,LinearRegression,LCD
101.1_all_conf_413_0_full_symm,43.69917496098019,LinearRegression,LCD
IZEPAF_CoRE,41.86954739282469,LinearRegression,LCD
BIWSEG_CoRE,49.75101999410993,LinearRegression,LCD
BINSAU_CSD17,38.773254585176915,LinearRegression,LCD
str_m9_o29_o29_f0_sra.sym.1.out,40.180660406834996,LinearRegression,LCD
mof_938,42.43250972148792,LinearRegression,LCD
RAVWUI_CoRE,59.74360132788229,LinearRegression,LCD
mof_1310,56.928789684566134,LinearRegression,LCD
str_m2_o9_o29_f0_pcu.sym.217.out,38.63251400301111,LinearRegression,LCD
mof_12836,40.602882153332416,LinearRegression,LCD
264_all_conf_76_0_full_symm,53.26953454825513,LinearRegression,LCD
str_m2_o9_o29_f0_pcu.sym.60.out,39.33621691384015,LinearRegression,LCD
mof_1251,45.81028369346731,LinearRegression,LCD
NU-Pyr-4P-csq-s,48.62509533678347,LinearRegression,LCD
RAVWIW_CoRE,51.15842581576801,LinearRegression,LCD
269_all_conf_385_0_full_symm,58.33619550622421,LinearRegression,LCD
162_all_conf_233_1_full_symm,39.19547633167434,LinearRegression,LCD
98x0_all_conf_2659_0_full_symm,40.32140098900081,LinearRegression,LCD
216_all_conf_471_0_full_symm,44.96584020047246,LinearRegression,LCD
NU-P-4TP-ftw,52.14360989092866,LinearRegression,LCD
LETRAF_CoRE,45.66954311130151,LinearRegression,LCD
RAVXIX_CoRE,83.388019131738,LinearRegression,LCD
mof_1410,42.15102855715631,LinearRegression,LCD
NU-Pyr-4T-csq-s,40.74362273549823,LinearRegression,LCD
NU-Pyr-4T-csq-l,45.106580782638275,LinearRegression,LCD
NU-P-4PP-ftw,56.22508677373709,LinearRegression,LCD
RAVXAP_CoRE,57.06953026673194,LinearRegression,LCD
mof_1070,45.528802529135696,LinearRegression,LCD
mof_1051,46.51398660429635,LinearRegression,LCD
184x1_all_conf_10850_1_full_symm,38.913995167342726,LinearRegression,LCD
217_all_conf_728_1_full_symm,38.06955167434788,LinearRegression,LCD
NU-Pyr-4P-csq-l,52.00286930876286,LinearRegression,LCD
196_all_conf_14_0_full_symm,43.41769379664858,LinearRegression,LCD
LETQEI_CoRE,44.121396707477615,LinearRegression,LCD
RAVXET_CoRE,61.71396947820361,LinearRegression,LCD
mof_949,39.19547633167434,LinearRegression,LCD
119_all_conf_89_0_full_symm,41.588066228493076,LinearRegression,LCD
NU-Por-4P-csq,52.988053383923514,LinearRegression,LCD
RAVWOC_CoRE,47.639911261622814,LinearRegression,LCD
120_all_conf_45_0_full_symm,39.19547633167434,LinearRegression,LCD
271_all_conf_24_0_full_symm,39.33621691384015,LinearRegression,LCD
NU-P-4T-csq-s,40.180660406834996,LinearRegression,LCD
RAVWES_CoRE,42.29176913932211,LinearRegression,LCD
str_m9_o29_o29_f0_sra.sym.70.out,38.3510328386795,LinearRegression,LCD
mof_1050,48.62509533678347,LinearRegression,LCD
mof_1408,40.74362273549823,LinearRegression,LCD
mof_1264,42.43250972148792,LinearRegression,LCD
mof_1257,45.106580782638275,LinearRegression,LCD
NU-Por-4T-csq,45.38806194696989,LinearRegression,LCD
mof_1049,45.81028369346731,LinearRegression,LCD
mof_1101,38.773254585176915,LinearRegression,LCD
NU-P-4PT-ftw,50.876944651436396,LinearRegression,LCD
mof_950,48.48435475461766,LinearRegression,LCD
mof_927,39.89917924250338,LinearRegression,LCD
VETTIZ_CoRE,38.3510328386795,LinearRegression,LCD
mof_1161,41.86954739282469,LinearRegression,LCD
NU-P-4P-csq-s,47.639911261622814,LinearRegression,LCD
mof_1447,40.180660406834996,LinearRegression,LCD
mof_1199,40.88436331766404,LinearRegression,LCD
XERJOV_CSD17,43.98065612531181,LinearRegression,LCD
YENLUA_CoRE,38.21029225651368,LinearRegression,LCD
mof_1460,43.55843437881438,LinearRegression,LCD
NU-P-4P-ftw,39.47695749600595,LinearRegression,LCD
str_m1_o2_o27_f0_pcu.sym.14.out,38.25253837650428,SGDRegressor,LCD
str_m1_o2_o6_f0_pcu.sym.3.out,38.25253837650428,SGDRegressor,LCD
str_m1_o6_o27_f0_pcu.sym.33.out,38.25253837650428,SGDRegressor,LCD
str_m1_o6_o17_f0_pcu.sym.44.out,38.39599413241335,SGDRegressor,LCD
str_m1_o6_o28_f0_pcu.sym.66.out,38.10908262059523,SGDRegressor,LCD
str_m2_o20_o23_f0_nbo.sym.106.out,38.10908262059523,SGDRegressor,LCD
str_m3_o20_o23_f0_nbo.sym.31.out,38.10908262059523,SGDRegressor,LCD
str_m1_o6_o27_f0_pcu.sym.47.out,38.25253837650428,SGDRegressor,LCD
str_m2_o20_o23_f0_nbo.sym.139.out,38.25253837650428,SGDRegressor,LCD
str_m1_o3_o25_f0_pcu.sym.15.out,38.25253837650428,SGDRegressor,LCD
str_m1_o17_o29_f0_pcu.sym.7.out,38.10908262059523,SGDRegressor,LCD
str_m1_o3_o25_f0_pcu.sym.26.out,38.39599413241335,SGDRegressor,LCD
str_m1_o23_o28_f0_pcu.sym.12.out,38.10908262059523,SGDRegressor,LCD
str_m1_o3_o19_f0_pcu.sym.131.out,38.39599413241335,SGDRegressor,LCD
str_m1_o7_o17_f0_pcu.sym.14.out,38.25253837650428,SGDRegressor,LCD
str_m1_o2_o7_f0_pcu.sym.72.out,38.25253837650428,SGDRegressor,LCD
mof_2454,38.39599413241335,SGDRegressor,LCD
str_m2_o17_o20_f0_nbo.sym.77.out,38.39599413241335,SGDRegressor,LCD
NU-TPE-4PP-scu-l,38.25253837650428,SGDRegressor,LCD
str_m3_o2_o23_f0_nbo.sym.47.out,38.39599413241335,SGDRegressor,LCD
str_m1_o3_o27_f0_pcu.sym.47.out,38.25253837650428,SGDRegressor,LCD
str_m3_o28_o29_f0_pcu.sym.265.out,38.25253837650428,SGDRegressor,LCD
str_m3_o28_o28_f0_pcu.sym.205.out,38.10908262059523,SGDRegressor,LCD
str_m3_o6_o27_f0_nbo.sym.3.out,38.25253837650428,SGDRegressor,LCD
str_m1_o23_o29_f0_pcu.sym.36.out,38.25253837650428,SGDRegressor,LCD
str_m1_o7_o28_f0_pcu.sym.11.out,38.39599413241335,SGDRegressor,LCD
str_m2_o28_o29_f0_pcu.sym.189.out,38.10908262059523,SGDRegressor,LCD
str_m1_o3_o15_f0_pcu.sym.86.out,38.25253837650428,SGDRegressor,LCD
str_m3_o28_o29_f0_pcu.sym.153.out,38.39599413241335,SGDRegressor,LCD
str_m1_o7_o17_f0_pcu.sym.90.out,38.10908262059523,SGDRegressor,LCD
str_m2_o28_o28_f0_pcu.sym.196.out,38.25253837650428,SGDRegressor,LCD
str_m2_o28_o28_f0_pcu.sym.100.out,38.10908262059523,SGDRegressor,LCD
str_m2_o28_o28_f0_pcu.sym.34.out,38.10908262059523,SGDRegressor,LCD
str_m2_o28_o28_f0_pcu.sym.81.out,38.25253837650428,SGDRegressor,LCD
RUBDUP_CSD17,38.10908262059523,SGDRegressor,LCD
str_m2_o2_o3_f0_nbo.sym.133.out,38.39599413241335,SGDRegressor,LCD
REXGAE_CSD17,38.10908262059523,SGDRegressor,LCD
str_m2_o28_o29_f0_pcu.sym.11.out,38.10908262059523,SGDRegressor,LCD
str_m3_o28_o29_f0_pcu.sym.10.out,38.25253837650428,SGDRegressor,LCD
mof_9278,38.25253837650428,SGDRegressor,LCD
str_m2_o30_o32_f0_tbo.sym.6.out,38.25253837650428,SGDRegressor,LCD
str_m3_o28_o29_f0_pcu.sym.174.out,38.25253837650428,SGDRegressor,LCD
str_m1_o3_o29_f0_pcu.sym.25.out,38.25253837650428,SGDRegressor,LCD
str_m2_o17_o17_f0_nbo.sym.18.out,38.25253837650428,SGDRegressor,LCD
str_m3_o28_o29_f0_pcu.sym.3.out,38.10908262059523,SGDRegressor,LCD
mof_13442,38.39599413241335,SGDRegressor,LCD
sod_B_Syn000043,38.39599413241335,SGDRegressor,LCD
str_m2_o17_o25_f0_nbo.sym.50.out,38.10908262059523,SGDRegressor,LCD
str_m2_o9_o29_f0_pcu.sym.82.out,38.10908262059523,SGDRegressor,LCD
mof_11868,38.10908262059523,SGDRegressor,LCD
str_m2_o9_o29_f0_pcu.sym.206.out,38.25253837650428,SGDRegressor,LCD
str_m2_o32_o58_f0_rht.sym.205.out,38.25253837650428,SGDRegressor,LCD
mof_12831,38.10908262059523,SGDRegressor,LCD
str_m2_o9_o29_f0_pcu.sym.115.out,38.10908262059523,SGDRegressor,LCD
BINROH_CSD17,38.39599413241335,SGDRegressor,LCD
BINRUN_CSD17,38.10908262059523,SGDRegressor,LCD
str_m9_o29_o29_f0_sra.sym.44.out,38.10908262059523,SGDRegressor,LCD
mof_1436,38.10908262059523,SGDRegressor,LCD
MOF-5_cooh_2_2796_1_basic_opt,38.442079185550206,LinearRegression,PLD
mof_8992,38.25214705178146,LinearRegression,PLD
NU-Pyr-4PTT-ftw,47.938685873987694,LinearRegression,PLD
NU-Por-4PTT-ftw,49.07827867660019,LinearRegression,PLD
NU-TPE-4TTP,49.83800721167519,LinearRegression,PLD
MOF-5_cooh_2_394_1_basic_opt,45.84943240253145,LinearRegression,PLD
MOF-5_cooh_2_68_1_basic_opt,45.46956813499395,LinearRegression,PLD
MOF-5_cooh_2_567_1_basic_opt,38.82194345308771,LinearRegression,PLD
NU-Pyr-4TTP-ftw,44.140043198612695,LinearRegression,PLD
NU-Py-4PTT-scu-s,45.46956813499395,LinearRegression,PLD
NU-P-4TTP-scu-s,44.32997533238145,LinearRegression,PLD
str_m3_o20_o23_f0_nbo.sym.150.out,38.632011319318956,LinearRegression,PLD
MOF-5_cooh_2_2368_1_basic_opt,51.73732854936269,LinearRegression,PLD
MOF-5_cooh_2_646_1_basic_opt,49.64807507790644,LinearRegression,PLD
str_m1_o3_o4_f0_pcu.sym.3.out,38.06221491801271,LinearRegression,PLD
NU-Por-4TTP-ftw,49.64807507790644,LinearRegression,PLD
NU-P-4PTT-scu-s,43.57024679730645,LinearRegression,PLD
NU-TPE-4PTT-scu-s,42.2407218609252,LinearRegression,PLD
NU-TPE-4TPT-scu-s,43.3803146635377,LinearRegression,PLD
MOF-5_cooh_2_790_1_basic_opt,48.31855014152519,LinearRegression,PLD
NU-Por-4PTT-scu,46.22929667006895,LinearRegression,PLD
NU-Py-4TPT-scu-s,50.02793934544394,LinearRegression,PLD
NU-P-4TPT-scu-s,47.938685873987694,LinearRegression,PLD
NU-TTTT-fcu,40.15146838946896,LinearRegression,PLD
MOF-5_cooh_2_1929_1_basic_opt,41.10112905831271,LinearRegression,PLD
NU-TPE-4PTT-scu-l,47.368889472681445,LinearRegression,PLD
NU-TPE-4TPT-scu-l,47.938685873987694,LinearRegression,PLD
MOF-5_cooh_2_1505_1_basic_opt,49.64807507790644,LinearRegression,PLD
mof_11120,38.06221491801271,LinearRegression,PLD
NU-Py-4TTP-scu-s,47.368889472681445,LinearRegression,PLD
str_m2_o7_o19_f0_nbo.sym.42.out,38.82194345308771,LinearRegression,PLD
NU-Py-4TPT-scu-l,45.6595002687627,LinearRegression,PLD
MOF-5_cooh_2_1861_1_basic_opt,45.84943240253145,LinearRegression,PLD
NU-Py-4PTT-scu-l,42.810518262231454,LinearRegression,PLD
NU-Py-4TTP-scu-l,46.989025205143946,LinearRegression,PLD
mof_38,42.430653994693955,LinearRegression,PLD
NU-Pyr-4TPT-ftw,49.45814294413769,LinearRegression,PLD
NU-Por-4TTP-scu,48.128618007756444,LinearRegression,PLD
NU-TPE-4TTP-scu-l,47.938685873987694,LinearRegression,PLD
NU-TPE-4TTP-scu-s,44.140043198612695,LinearRegression,PLD
str_m3_o3_o24_f0_nbo.sym.31.out,38.25214705178146,LinearRegression,PLD
TAFXUV_CSD17,44.8997717336877,LinearRegression,PLD
str_m3_o3_o4_f0_nbo.sym.68.out,38.25214705178146,LinearRegression,PLD
NU-Por-4TPT-scu,47.558821606450195,LinearRegression,PLD
str_m2_o3_o24_f0_nbo.sym.36.out,39.011875586856455,LinearRegression,PLD
NU-Por-4TPT-ftw,50.21787147921269,LinearRegression,PLD
MOF-5_cooh_2_11_1_basic_opt,41.67092545961896,LinearRegression,PLD
str_m3_o3_o14_f0_nbo.sym.9.out,38.632011319318956,LinearRegression,PLD
str_m2_o3_o4_f0_nbo.sym.17.out,38.25214705178146,LinearRegression,PLD
str_m2_o27_o27_f0_pcu.sym.45.out,38.06221491801271,LinearRegression,PLD
str_m2_o3_o14_f0_nbo.sym.8.out,38.442079185550206,LinearRegression,PLD
str_m2_o3_o22_f0_nbo.sym.1.out,38.06221491801271,LinearRegression,PLD
str_m2_o3_o14_f0_nbo.sym.12.out,38.82194345308771,LinearRegression,PLD
str_m2_o3_o14_f0_nbo.sym.39.out,38.06221491801271,LinearRegression,PLD
str_m2_o27_o27_f0_pcu.sym.190.out,38.06221491801271,LinearRegression,PLD
str_m3_o3_o14_f0_nbo.sym.81.out,38.442079185550206,LinearRegression,PLD
str_m3_o3_o22_f0_nbo.sym.50.out,38.632011319318956,LinearRegression,PLD
str_m2_o3_o15_f0_nbo.sym.45.out,38.632011319318956,LinearRegression,PLD
MOF-5_cooh_2_1239_1_basic_opt,45.08970386745645,LinearRegression,PLD
NU-TPE-4TT-ftw,38.632011319318956,LinearRegression,PLD
str_m2_o3_o4_f0_nbo.sym.163.out,38.442079185550206,LinearRegression,PLD
NU-P-4TPT-scu-l,42.430653994693955,LinearRegression,PLD
str_m3_o3_o19_f0_nbo.sym.57.out,39.20180772062521,LinearRegression,PLD
NU-P-4TTP-scu-l,42.430653994693955,LinearRegression,PLD
hypotheticalMOF_5019261_i_0_j_25_k_23_m_2,39.20180772062521,LinearRegression,PLD
str_m2_o3_o4_f0_nbo.sym.10.out,38.25214705178146,LinearRegression,PLD
NU-TPE-4TP-ftw,42.050789727156456,LinearRegression,PLD
NU-TPE-4PP-scu-s,44.140043198612695,LinearRegression,PLD
str_m2_o3_o15_f0_nbo.sym.13.out,39.20180772062521,LinearRegression,PLD
NU-TPE-4TP-scu-l,39.96153625570021,LinearRegression,PLD
NU-2_TPE_4PT_Por_4PTT-ftw,43.95011106484395,LinearRegression,PLD
NU-TPE-4PT-scu-l,40.72126479077521,LinearRegression,PLD
str_m2_o3_o15_f0_nbo.sym.11.out,39.20180772062521,LinearRegression,PLD
mof_9005,38.632011319318956,LinearRegression,PLD
MOF-5_cooh_2_861_1_basic_opt,38.06221491801271,LinearRegression,PLD
str_m2_o3_o9_f0_nbo.sym.197.out,38.06221491801271,LinearRegression,PLD
NU-PTTP-fcu,43.19038252976895,LinearRegression,PLD
NU-TPE-4TP-scu-s,40.53133265700645,LinearRegression,PLD
mof_9453,43.000450396000204,LinearRegression,PLD
str_m3_o3_o9_f0_nbo.sym.4.out,38.06221491801271,LinearRegression,PLD
str_m1_o7_o17_f0_pcu.sym.112.out,38.632011319318956,LinearRegression,PLD
str_m1_o3_o24_f0_pcu.sym.30.out,38.442079185550206,LinearRegression,PLD
NU-Py-4TP-scu-s,38.632011319318956,LinearRegression,PLD
NU-Py-4PP-scu-s,42.810518262231454,LinearRegression,PLD
mof_9207,43.000450396000204,LinearRegression,PLD
NU-TPE-4PP-ftw,47.748753740218945,LinearRegression,PLD
NU-Por-4PT-scu,38.442079185550206,LinearRegression,PLD
mof_9544,39.581671988162704,LinearRegression,PLD
NU-TPPT-fcu,47.368889472681445,LinearRegression,PLD
NU-Py-4TP-scu-l,38.632011319318956,LinearRegression,PLD
mof_11051,42.430653994693955,LinearRegression,PLD
ECOKAJ_CSD17,40.72126479077521,LinearRegression,PLD
hypotheticalMOF_5019359_i_0_j_25_k_23_m_10,38.632011319318956,LinearRegression,PLD
mof_9499,38.442079185550206,LinearRegression,PLD
str_m1_o9_o27_f0_pcu.sym.63.out,39.20180772062521,LinearRegression,PLD
ECOKAJ_CoRE,40.72126479077521,LinearRegression,PLD
NU-2_P_4PTT_Pyr_4TT-ftw,39.20180772062521,LinearRegression,PLD
NU-Por-4PP-scu,44.5199074661502,LinearRegression,PLD
NU-Por-4TP-scu,41.10112905831271,LinearRegression,PLD
NU-Py-4PP-scu-l,40.91119692454396,LinearRegression,PLD
ECOKAJ_UM,40.72126479077521,LinearRegression,PLD
NU-Py-4PT-scu-s,41.29106119208145,LinearRegression,PLD
mof_11647,40.53133265700645,LinearRegression,PLD
NU-Py-4PT-scu-l,39.581671988162704,LinearRegression,PLD
str_m3_o28_o28_f0_pcu.sym.239.out,38.25214705178146,LinearRegression,PLD
NU-P-4TT-scu-l,41.29106119208145,LinearRegression,PLD
NU-TPE-4PT-ftw,43.000450396000204,LinearRegression,PLD
mof_11049,39.77160412193146,LinearRegression,PLD
BIPSUQ_CSD17,39.391739854393954,LinearRegression,PLD
str_m3_o28_o28_f0_pcu.sym.235.out,38.632011319318956,LinearRegression,PLD
mof_9322,40.72126479077521,LinearRegression,PLD
NU-P-4PP-scu-s,40.53133265700645,LinearRegression,PLD
str_m1_o9_o28_f0_pcu.sym.4.out,40.72126479077521,LinearRegression,PLD
mof_9323,41.48099332585021,LinearRegression,PLD
str_m2_o28_o29_f0_pcu.sym.108.out,39.391739854393954,LinearRegression,PLD
mof_13481,41.67092545961896,LinearRegression,PLD
NU-Por-4PP-ftw,47.368889472681445,LinearRegression,PLD
NU-2_TPE_4PT_Por_4TT-ftw,43.000450396000204,LinearRegression,PLD
mof_10957,39.391739854393954,LinearRegression,PLD
NU-Pyr-4PP-ftw,43.3803146635377,LinearRegression,PLD
mof_9264,39.77160412193146,LinearRegression,PLD
mof_11029,40.91119692454396,LinearRegression,PLD
NU-Por-4TP-ftw,44.70983959991895,LinearRegression,PLD
str_m1_o9_o28_f0_pcu.sym.3.out,38.632011319318956,LinearRegression,PLD
str_m1_o3_o5_f0_pcu.sym.37.out,38.82194345308771,LinearRegression,PLD
str_m2_o9_o29_f0_pcu.sym.234.out,43.19038252976895,LinearRegression,PLD
mof_13399,46.0393645363002,LinearRegression,PLD
mof_10981,39.96153625570021,LinearRegression,PLD
NU-Por-4PT-ftw,43.3803146635377,LinearRegression,PLD
str_m2_o9_o29_f0_pcu.sym.193.out,41.48099332585021,LinearRegression,PLD
mof_10182,39.96153625570021,LinearRegression,PLD
str_m2_o9_o28_f0_pcu.sym.39.out,42.620586128462705,LinearRegression,PLD
str_m2_o9_o28_f0_pcu.sym.32.out,40.91119692454396,LinearRegression,PLD
str_m2_o9_o29_f0_pcu.sym.24.out,41.29106119208145,LinearRegression,PLD
str_m2_o9_o28_f0_pcu.sym.30.out,40.72126479077521,LinearRegression,PLD
str_m2_o9_o28_f0_pcu.sym.6.out,41.67092545961896,LinearRegression,PLD
mof_13360,40.53133265700645,LinearRegression,PLD
str_m2_o9_o29_f0_pcu.sym.241.out,45.2796360012252,LinearRegression,PLD
str_m2_o9_o29_f0_pcu.sym.256.out,44.8997717336877,LinearRegression,PLD
NU-PPP-fcu,40.53133265700645,LinearRegression,PLD
str_m2_o9_o28_f0_pcu.sym.81.out,39.391739854393954,LinearRegression,PLD
str_m2_o9_o29_f0_pcu.sym.157.out,45.6595002687627,LinearRegression,PLD
NU-Pyr-4PT-ftw,41.10112905831271,LinearRegression,PLD
str_m2_o9_o28_f0_pcu.sym.99.out,41.29106119208145,LinearRegression,PLD
str_m2_o9_o29_f0_pcu.sym.77.out,39.581671988162704,LinearRegression,PLD
str_m2_o9_o29_f0_pcu.sym.182.out,44.140043198612695,LinearRegression,PLD
str_m2_o9_o29_f0_pcu.sym.11.out,40.3414005232377,LinearRegression,PLD
str_m2_o9_o29_f0_pcu.sym.207.out,44.140043198612695,LinearRegression,PLD
str_m2_o9_o29_f0_pcu.sym.54.out,41.48099332585021,LinearRegression,PLD
str_m2_o9_o29_f0_pcu.sym.123.out,41.29106119208145,LinearRegression,PLD
str_m2_o9_o29_f0_pcu.sym.57.out,45.46956813499395,LinearRegression,PLD
NU-2_Pyr_4PT_Por_4TT-ftw,39.96153625570021,LinearRegression,PLD
str_m2_o9_o29_f0_pcu.sym.235.out,41.48099332585021,LinearRegression,PLD
str_m2_o9_o28_f0_pcu.sym.37.out,40.53133265700645,LinearRegression,PLD
str_m2_o9_o28_f0_pcu.sym.260.out,41.29106119208145,LinearRegression,PLD
str_m2_o9_o28_f0_pcu.sym.80.out,41.29106119208145,LinearRegression,PLD
str_m2_o9_o29_f0_pcu.sym.99.out,41.29106119208145,LinearRegression,PLD
str_m2_o9_o29_f0_pcu.sym.133.out,45.08970386745645,LinearRegression,PLD
NU-Por-4TT-ftw,40.53133265700645,LinearRegression,PLD
str_m2_o9_o28_f0_pcu.sym.151.out,41.29106119208145,LinearRegression,PLD
str_m2_o9_o29_f0_pcu.sym.70.out,38.442079185550206,LinearRegression,PLD
190_all_conf_3_1_full_symm,45.46956813499395,LinearRegression,PLD
str_m2_o9_o28_f0_pcu.sym.137.out,39.391739854393954,LinearRegression,PLD
CUQSEO_CSD17,38.06221491801271,LinearRegression,PLD
mof_11737,41.860857593387706,LinearRegression,PLD
mof_13388,38.82194345308771,LinearRegression,PLD
195_all_conf_128_0_full_symm,41.67092545961896,LinearRegression,PLD
str_m9_o29_o29_f0_sra.sym.40.out,38.06221491801271,LinearRegression,PLD
str_m9_o29_o29_f0_sra.sym.56.out,43.7601789310752,LinearRegression,PLD
str_m1_o9_o28_f0_pcu.sym.150.out,38.06221491801271,LinearRegression,PLD
284_all_conf_0_0_full_symm,45.08970386745645,LinearRegression,PLD
str_m2_o9_o29_f0_pcu.sym.113.out,40.72126479077521,LinearRegression,PLD
str_m2_o9_o29_f0_pcu.sym.51.out,39.581671988162704,LinearRegression,PLD
NU-TPT-4F-fcu,38.442079185550206,LinearRegression,PLD
85_all_conf_32_0_full_symm,42.050789727156456,LinearRegression,PLD
mof_13316,41.860857593387706,LinearRegression,PLD
str_m2_o9_o29_f0_pcu.sym.37.out,44.70983959991895,LinearRegression,PLD
str_m2_o9_o29_f0_pcu.sym.149.out,44.70983959991895,LinearRegression,PLD
mof_11836,44.5199074661502,LinearRegression,PLD
str_m9_o28_o29_f0_sra.sym.101.out,40.53133265700645,LinearRegression,PLD
str_m9_o28_o29_f0_sra.sym.17.out,41.860857593387706,LinearRegression,PLD
mof_1377,44.5199074661502,LinearRegression,PLD
str_m9_o28_o29_f0_sra.sym.75.out,41.10112905831271,LinearRegression,PLD
str_m9_o28_o29_f0_sra.sym.48.out,40.15146838946896,LinearRegression,PLD
str_m2_o9_o29_f0_pcu.sym.192.out,41.29106119208145,LinearRegression,PLD
str_m2_o9_o29_f0_pcu.sym.199.out,40.72126479077521,LinearRegression,PLD
16_all_conf_9_0_full_symm,40.91119692454396,LinearRegression,PLD
hypotheticalMOF_5057136_i_1_j_29_k_9_m_7,41.29106119208145,LinearRegression,PLD
NU-TPT-2CH3-fcu,39.77160412193146,LinearRegression,PLD
LETQAE_CoRE,39.96153625570021,LinearRegression,PLD
hypotheticalMOF_5057150_i_1_j_29_k_9_m_10,38.82194345308771,LinearRegression,PLD
hypotheticalMOF_5081402_i_2_j_29_k_4_m_9,41.48099332585021,LinearRegression,PLD
hypotheticalMOF_5057145_i_1_j_29_k_9_m_9,40.72126479077521,LinearRegression,PLD
str_m9_o28_o29_f0_sra.sym.111.out,39.391739854393954,LinearRegression,PLD
mof_13470,38.82194345308771,LinearRegression,PLD
str_m9_o29_o29_f0_sra.sym.71.out,45.2796360012252,LinearRegression,PLD
XIGFOJ_CoRE,42.810518262231454,LinearRegression,PLD
XUXPUD_CSD17,39.011875586856455,LinearRegression,PLD
str_m9_o28_o29_f0_sra.sym.95.out,38.25214705178146,LinearRegression,PLD
str_m9_o29_o29_f0_sra.sym.30.out,43.95011106484395,LinearRegression,PLD
mof_1059,39.20180772062521,LinearRegression,PLD
str_m2_o9_o28_f0_pcu.sym.124.out,38.06221491801271,LinearRegression,PLD
VEQSUF_CSD17,42.050789727156456,LinearRegression,PLD
str_m2_o9_o29_f0_pcu.sym.269.out,42.620586128462705,LinearRegression,PLD
RAVWAO_CoRE,40.53133265700645,LinearRegression,PLD
str_m9_o28_o29_f0_sra.sym.16.out,38.06221491801271,LinearRegression,PLD
str_m9_o29_o29_f0_sra.sym.67.out,43.000450396000204,LinearRegression,PLD
str_m9_o29_o29_f0_sra.sym.207.out,41.48099332585021,LinearRegression,PLD
hypotheticalMOF_5081384_i_2_j_29_k_4_m_4,41.29106119208145,LinearRegression,PLD
LETPUX_CoRE,38.442079185550206,LinearRegression,PLD
str_m9_o28_o29_f0_sra.sym.40.out,39.581671988162704,LinearRegression,PLD
RAVVUH_CoRE,38.442079185550206,LinearRegression,PLD
ATIJUJ_CoRE,39.581671988162704,LinearRegression,PLD
NU-P-4P-scu-l,38.442079185550206,LinearRegression,PLD
XIGFOJ_UM,38.82194345308771,LinearRegression,PLD
XIGFOJ_CSD17,38.82194345308771,LinearRegression,PLD
KUMGUW_CSD17,42.2407218609252,LinearRegression,PLD
mof_1102,40.53133265700645,LinearRegression,PLD
str_m9_o29_o29_f0_sra.sym.52.out,39.77160412193146,LinearRegression,PLD
NU-TPT-4Cl-fcu,39.581671988162704,LinearRegression,PLD
NU-P-4T-scu-l,41.860857593387706,LinearRegression,PLD
NU-TPT-4CH3-fcu,39.77160412193146,LinearRegression,PLD
OJIDAN_CoRE,43.95011106484395,LinearRegression,PLD
NU-TPT-4Br-fcu,39.77160412193146,LinearRegression,PLD
EGEJEG_CSD17,38.82194345308771,LinearRegression,PLD
POGCOF_CSD17,39.96153625570021,LinearRegression,PLD
KEQDOB_CSD17,40.53133265700645,LinearRegression,PLD
POGDAS_CSD17,40.15146838946896,LinearRegression,PLD
NU-P-4T-ftw,45.84943240253145,LinearRegression,PLD
str_m3_o7_o19_f0_nbo.sym.199.out,38.04332808051741,SGDRegressor,PLD
NU-P-4PTT-scu-l,38.04332808051741,SGDRegressor,PLD
str_m3_o3_o14_f0_nbo.sym.39.out,38.04332808051741,SGDRegressor,PLD
str_m2_o27_o27_f0_pcu.sym.17.out,38.04332808051741,SGDRegressor,PLD
str_m3_o3_o4_f0_nbo.sym.48.out,38.04332808051741,SGDRegressor,PLD
str_m1_o3_o5_f0_pcu.sym.39.out,38.04332808051741,SGDRegressor,PLD
hypotheticalMOF_5012368_i_0_j_23_k_12_m_10,38.04332808051741,SGDRegressor,PLD
NU-Pyr-4TT-ftw,38.04332808051741,SGDRegressor,PLD
str_m1_o9_o28_f0_pcu.sym.82.out,38.04332808051741,SGDRegressor,PLD
hypotheticalMOF_5054177_i_1_j_28_k_4_m_9,38.04332808051741,SGDRegressor,PLD
str_m9_o28_o28_f0_sra.sym.10.out,38.04332808051741,SGDRegressor,PLD
str_m9_o28_o29_f0_sra.sym.56.out,38.04332808051741,SGDRegressor,PLD
str_m2_o9_o28_f0_pcu.sym.201.out,38.04332808051741,SGDRegressor,PLD
str_m9_o29_o29_f0_sra.sym.135.out,38.04332808051741,SGDRegressor,PLD
str_m9_o29_o29_f0_sra.sym.68.out,38.04332808051741,SGDRegressor,PLD
str_m1_o6_o23_f0_pcu.sym.174.out,38.3661003112793,XGBoost,"Density,VSA"
str_m3_o26_o28_f0_pcu.sym.73.out,38.3661003112793,XGBoost,"Density,VSA"
str_m2_o20_o27_f0_pcu.sym.11.out,38.000972747802734,XGBoost,"GSA,VSA"
str_m3_o19_o25_f0_nbo.sym.180.out,38.21014404296875,XGBoost,"GSA,VSA"
str_m3_o19_o25_f0_nbo.sym.118.out,38.0052490234375,XGBoost,"GSA,VSA"
mof_4965,38.006439208984375,XGBoost,"GSA,VSA"
str_m3_o19_o25_f0_nbo.sym.211.out,38.0123176574707,XGBoost,"GSA,VSA"
str_m3_o19_o27_f0_nbo.sym.7.out,38.05437469482422,XGBoost,"GSA,VSA"
str_m2_o19_o25_f0_nbo.sym.190.out,38.010189056396484,XGBoost,"GSA,VSA"
str_m1_o6_o23_f0_pcu.sym.49.out,38.05437469482422,XGBoost,"GSA,VSA"
hypotheticalMOF_5058633_i_1_j_29_k_29_m_0_cat_1,38.20052719116211,XGBoost,"GSA,VSA"
str_m2_o19_o25_f0_nbo.sym.50.out,38.1536865234375,XGBoost,"GSA,VSA"
mof_2078,38.01853561401367,XGBoost,"GSA,VSA"
str_m2_o19_o27_f0_nbo.sym.81.out,38.080387115478516,XGBoost,"GSA,VSA"
str_m3_o6_o29_f0_pcu.sym.38.out,38.23988342285156,XGBoost,"GSA,VSA"
str_m2_o19_o29_f0_nbo.sym.2.out,38.05437469482422,XGBoost,"GSA,VSA"
str_m1_o6_o23_f0_pcu.sym.91.out,38.007694244384766,XGBoost,"GSA,VSA"
mof_7603,38.1536865234375,XGBoost,"GSA,VSA"
str_m2_o19_o25_f0_nbo.sym.90.out,38.082881927490234,XGBoost,"GSA,VSA"
str_m1_o20_o28_f0_pcu.sym.130.out,38.014530181884766,XGBoost,"GSA,VSA"
str_m1_o21_o26_f0_pcu.sym.258.out,38.21708679199219,XGBoost,"GSA,VSA"
str_m2_o11_o27_f0_nbo.sym.24.out,38.078590393066406,XGBoost,"GSA,VSA"
str_m2_o11_o28_f0_nbo.sym.59.out,38.101985931396484,XGBoost,"GSA,VSA"
mof_5402,38.000972747802734,XGBoost,"GSA,VSA"
str_m3_o19_o23_f0_nbo.sym.11.out,38.05902099609375,XGBoost,"GSA,VSA"
str_m3_o7_o21_f0_pcu.sym.161.out,38.002357482910156,XGBoost,"GSA,VSA"
str_m3_o6_o29_f0_pcu.sym.58.out,38.52870178222656,XGBoost,"GSA,VSA"
str_m1_o6_o23_f0_pcu.sym.47.out,38.02579879760742,XGBoost,"GSA,VSA"
mof_6203,38.01853561401367,XGBoost,"GSA,VSA"
str_m1_o25_o25_f0_pcu.sym.12.out,38.08501052856445,XGBoost,"GSA,VSA"
str_m2_o6_o29_f0_pcu.sym.167.out,38.078590393066406,XGBoost,"GSA,VSA"
hypotheticalMOF_3000010_i_1_j_23_k_23_m_1_cat_1,38.014530181884766,XGBoost,"GSA,VSA"
hypotheticalMOF_3000004_i_1_j_23_k_23_m_1_cat_1,38.007694244384766,XGBoost,"GSA,VSA"
mof_5587,38.0052490234375,XGBoost,"GSA,VSA"
str_m2_o3_o6_f0_pcu.sym.109.out,38.04411697387695,XGBoost,"GSA,VSA"
hypotheticalMOF_3001397_i_2_j_24_k_24_m_9_cat_1,38.52870178222656,XGBoost,"GSA,VSA"
str_m1_o21_o26_f0_pcu.sym.70.out,38.101985931396484,XGBoost,"GSA,VSA"
str_m1_o21_o26_f0_pcu.sym.151.out,38.23988342285156,XGBoost,"GSA,VSA"
str_m2_o11_o27_f0_nbo.sym.51.out,38.078590393066406,XGBoost,"GSA,VSA"
str_m2_o6_o7_f0_pcu.sym.30.out,38.43016052246094,XGBoost,"GSA,VSA"
str_m2_o6_o8_f0_pcu.sym.259.out,38.43016052246094,XGBoost,"GSA,VSA"
str_m3_o2_o19_f0_nbo.sym.49.out,38.01853561401367,XGBoost,"GSA,VSA"
str_m1_o25_o27_f0_pcu.sym.47.out,38.080387115478516,XGBoost,"GSA,VSA"
hypotheticalMOF_3001405_i_2_j_24_k_24_m_9_cat_1,38.24982452392578,XGBoost,"GSA,VSA"
str_m1_o26_o26_f0_pcu.sym.162.out,38.05437469482422,XGBoost,"GSA,VSA"
str_m3_o6_o28_f0_pcu.sym.177.out,38.002357482910156,XGBoost,"GSA,VSA"
str_m1_o20_o28_f0_pcu.sym.14.out,38.21708679199219,XGBoost,"GSA,VSA"
str_m2_o6_o28_f0_pcu.sym.267.out,38.41111755371094,XGBoost,"GSA,VSA"
str_m2_o3_o25_f0_pcu.sym.124.out,38.1536865234375,XGBoost,"GSA,VSA"
str_m3_o26_o29_f0_pcu.sym.238.out,38.080387115478516,XGBoost,"GSA,VSA"
str_m3_o3_o25_f0_pcu.sym.241.out,38.082881927490234,XGBoost,"GSA,VSA"
str_m2_o34_o35_f0_pts.sym.196.out,38.0664176940918,XGBoost,"GSA,VSA"
str_m2_o7_o23_f0_pcu.sym.117.out,38.27322006225586,XGBoost,"GSA,VSA"
str_m3_o7_o29_f0_pcu.sym.229.out,38.05437469482422,XGBoost,"GSA,VSA"
str_m2_o3_o8_f0_pcu.sym.93.out,38.11307144165039,XGBoost,"GSA,VSA"
str_m3_o26_o27_f0_pcu.sym.193.out,38.014530181884766,XGBoost,"GSA,VSA"
str_m2_o3_o6_f0_pcu.sym.184.out,38.21708679199219,XGBoost,"GSA,VSA"
mof_2302,38.388328552246094,XGBoost,"GSA,VSA"
str_m1_o3_o19_f0_pcu.sym.45.out,38.04341125488281,XGBoost,"GSA,VSA"
str_m2_o3_o6_f0_pcu.sym.165.out,38.014530181884766,XGBoost,"GSA,VSA"
str_m2_o3_o8_f0_pcu.sym.148.out,38.24982452392578,XGBoost,"GSA,VSA"
str_m2_o3_o6_f0_pcu.sym.73.out,38.006439208984375,XGBoost,"GSA,VSA"
str_m3_o3_o26_f0_pcu.sym.131.out,38.080387115478516,XGBoost,"GSA,VSA"
str_m1_o25_o29_f0_pcu.sym.11.out,38.08099365234375,XGBoost,"GSA,VSA"
str_m3_o3_o25_f0_pcu.sym.134.out,38.21708679199219,XGBoost,"GSA,VSA"
mof_7438,38.01853561401367,XGBoost,"GSA,VSA"
mof_6455,38.079132080078125,XGBoost,"GSA,VSA"
str_m2_o3_o26_f0_pcu.sym.154.out,38.04411697387695,XGBoost,"GSA,VSA"
VETMIS_CoRE,38.21708679199219,XGBoost,"GSA,VSA"
str_m3_o3_o20_f0_pcu.sym.191.out,38.101985931396484,XGBoost,"GSA,VSA"
str_m1_o7_o17_f0_pcu.sym.128.out,38.21014404296875,XGBoost,"GSA,VSA"
mof_6229,38.23988342285156,XGBoost,"GSA,VSA"
str_m3_o8_o27_f0_pcu.sym.4.out,38.078590393066406,XGBoost,"GSA,VSA"
mof_2261,38.18576431274414,XGBoost,"GSA,VSA"
str_m2_o26_o28_f0_pcu.sym.174.out,38.24982452392578,XGBoost,"GSA,VSA"
str_m3_o3_o25_f0_pcu.sym.40.out,38.315635681152344,XGBoost,"GSA,VSA"
str_m2_o3_o28_f0_pcu.sym.96.out,38.01853561401367,XGBoost,"GSA,VSA"
str_m2_o7_o29_f0_pcu.sym.153.out,38.08099365234375,XGBoost,"GSA,VSA"
str_m2_o8_o29_f0_pcu.sym.180.out,38.006439208984375,XGBoost,"GSA,VSA"
str_m2_o3_o20_f0_pcu.sym.123.out,38.21708679199219,XGBoost,"GSA,VSA"
str_m3_o3_o23_f0_pcu.sym.13.out,38.075050354003906,XGBoost,"GSA,VSA"
str_m2_o26_o29_f0_pcu.sym.266.out,38.02579879760742,XGBoost,"GSA,VSA"
str_m2_o7_o8_f0_pcu.sym.175.out,38.17713165283203,XGBoost,"GSA,VSA"
str_m3_o3_o25_f0_pcu.sym.220.out,38.60139465332031,XGBoost,"GSA,VSA"
str_m1_o6_o7_f0_pcu.sym.98.out,38.014530181884766,XGBoost,"GSA,VSA"
str_m3_o3_o29_f0_pcu.sym.131.out,38.05437469482422,XGBoost,"GSA,VSA"
str_m3_o8_o29_f0_pcu.sym.54.out,38.23988342285156,XGBoost,"GSA,VSA"
str_m3_o3_o27_f0_pcu.sym.199.out,38.075050354003906,XGBoost,"GSA,VSA"
str_m2_o3_o3_f0_pcu.sym.27.out,38.18576431274414,XGBoost,"GSA,VSA"
str_m2_o3_o26_f0_pcu.sym.191.out,38.05902099609375,XGBoost,"GSA,VSA"
str_m2_o3_o26_f0_pcu.sym.187.out,38.010189056396484,XGBoost,"GSA,VSA"
str_m2_o17_o20_f0_nbo.sym.143.out,38.23988342285156,XGBoost,"GSA,VSA"
str_m3_o3_o27_f0_pcu.sym.247.out,38.04341125488281,XGBoost,"GSA,VSA"
str_m3_o3_o3_f0_pcu.sym.62.out,38.078590393066406,XGBoost,"GSA,VSA"
str_m3_o27_o27_f0_pcu.sym.173.out,38.24982452392578,XGBoost,"GSA,VSA"
str_m2_o7_o29_f0_pcu.sym.84.out,38.33842468261719,XGBoost,"GSA,VSA"
str_m2_o3_o28_f0_pcu.sym.220.out,38.010189056396484,XGBoost,"GSA,VSA"
str_m2_o3_o27_f0_pcu.sym.219.out,38.08501052856445,XGBoost,"GSA,VSA"
mof_6422,38.25028829509013,LinearRegression,"GSA,VF"
str_m2_o21_o29_f0_pcu.sym.163.out,38.00447154801192,LinearRegression,"GSA,PV"
str_m3_o21_o25_f0_pcu.sym.118.out,38.05585418142235,LinearRegression,"GSA,PV"
hypotheticalMOF_5065066_i_2_j_21_k_12_m_14,38.02306766568254,LinearRegression,"GSA,PV"
cds_A_Syn008586,38.02549284996502,LinearRegression,"GSA,PV"
str_m3_o21_o23_f0_pcu.sym.217.out,38.00533590366464,LinearRegression,"GSA,PV"
hypotheticalMOF_5018662_i_0_j_25_k_19_m_10,38.0617367883157,LinearRegression,"GSA,PV"
hypotheticalMOF_5064943_i_2_j_21_k_12_m_4,38.03647764943685,LinearRegression,"GSA,PV"
str_m2_o21_o25_f0_pcu.sym.217.out,38.219006345806505,LinearRegression,"GSA,PV"
str_m2_o21_o23_f0_pcu.sym.131.out,38.033968523816526,LinearRegression,"GSA,PV"
hypotheticalMOF_5064927_i_2_j_21_k_12_m_4,38.10966199911525,LinearRegression,"GSA,PV"
YONZAC01_CSD17,38.10523133723948,LinearRegression,"GSA,PV"
hypotheticalMOF_2394_i_0_j_6_k_2_m_0_cat_1,38.1326638363873,LinearRegression,"GSA,PV"
str_m3_o25_o25_f0_pcu.sym.235.out,38.00126594941456,LinearRegression,"GSA,PV"
str_m2_o5_o27_f0_nbo.sym.50.out,38.06112425667649,LinearRegression,"GSA,PV"
hypotheticalMOF_2938_i_0_j_6_k_6_m_0_cat_1,38.34114814461286,LinearRegression,"GSA,PV"
hypotheticalMOF_3000807_i_1_j_26_k_24_m_4_cat_1,38.0561899467737,LinearRegression,"GSA,PV"
str_m2_o5_o27_f0_nbo.sym.76.out,38.04347643599643,LinearRegression,"GSA,PV"
hypotheticalMOF_2273_i_0_j_6_k_1_m_0_cat_1,38.27306598751292,LinearRegression,"GSA,PV"
str_m3_o6_o19_f0_pcu.sym.33.out,38.02479637698798,LinearRegression,"GSA,PV"
str_m3_o21_o25_f0_pcu.sym.4.out,38.04157984201532,LinearRegression,"GSA,PV"
hypotheticalMOF_5048755_i_1_j_25_k_25_m_9,38.040799427700435,LinearRegression,"GSA,PV"
hypotheticalMOF_3000805_i_1_j_26_k_24_m_4_cat_1,38.31510859141912,LinearRegression,"GSA,PV"
str_m3_o21_o23_f0_pcu.sym.166.out,38.12229156855468,LinearRegression,"GSA,PV"
str_m3_o25_o27_f0_pcu.sym.119.out,38.024628494312296,LinearRegression,"GSA,PV"
str_m2_o21_o26_f0_pcu.sym.73.out,38.20896984332523,LinearRegression,"GSA,PV"
hypotheticalMOF_5039124_i_1_j_21_k_5_m_12,38.012166807548546,LinearRegression,"GSA,PV"
hypotheticalMOF_5073234_i_2_j_25_k_21_m_6,38.219870701459215,LinearRegression,"GSA,PV"
FOVZOG_CSD17,38.38413904550961,LinearRegression,"GSA,PV"
hypotheticalMOF_5047317_i_1_j_25_k_12_m_1,38.18457506009909,LinearRegression,"GSA,PV"
str_m3_o21_o23_f0_pcu.sym.98.out,38.17782809755302,LinearRegression,"GSA,PV"
str_m3_o21_o28_f0_pcu.sym.12.out,38.17030072069207,LinearRegression,"GSA,PV"
str_m2_o21_o23_f0_pcu.sym.77.out,38.02159077839062,LinearRegression,"GSA,PV"
hypotheticalMOF_5023281_i_0_j_27_k_5_m_0_cat_1,38.397549029263914,LinearRegression,"GSA,PV"
hypotheticalMOF_5019884_i_0_j_26_k_2_m_0_cat_1,38.039406481746354,LinearRegression,"GSA,PV"
hypotheticalMOF_3001204_i_2_j_23_k_23_m_12_cat_1,38.02895027257589,LinearRegression,"GSA,PV"
hypotheticalMOF_3001428_i_2_j_24_k_24_m_12_cat_1,38.07704336605112,LinearRegression,"GSA,PV"
hypotheticalMOF_5042978_i_1_j_23_k_5_m_14,38.04919116021411,LinearRegression,"GSA,PV"
hypotheticalMOF_5023277_i_0_j_27_k_5_m_0_cat_1,38.450492491304104,LinearRegression,"GSA,PV"
hypotheticalMOF_5069175_i_2_j_23_k_21_m_12,38.06527815226441,LinearRegression,"GSA,PV"
hypotheticalMOF_5073044_i_2_j_25_k_20_m_6,38.033272050839486,LinearRegression,"GSA,PV"
str_m2_o6_o25_f0_pcu.sym.162.out,38.045733737603236,LinearRegression,"GSA,PV"
hypotheticalMOF_1577_i_0_j_5_k_2_m_0_cat_1,38.109301291489565,LinearRegression,"GSA,PV"
str_m2_o23_o25_f0_pcu.sym.20.out,38.035613293784124,LinearRegression,"GSA,PV"
str_m3_o5_o7_f0_nbo.sym.47.out,38.291494222507865,LinearRegression,"GSA,PV"
str_m3_o21_o29_f0_pcu.sym.151.out,38.15507808429449,LinearRegression,"GSA,PV"
hypotheticalMOF_5025735_i_0_j_27_k_23_m_0_cat_1,38.199185164857475,LinearRegression,"GSA,PV"
str_m2_o21_o25_f0_pcu.sym.31.out,38.37808855594058,LinearRegression,"GSA,PV"
str_m2_o20_o25_f0_pcu.sym.89.out,38.0174368828027,LinearRegression,"GSA,PV"
hypotheticalMOF_5048001_i_1_j_25_k_19_m_7,38.121679036915474,LinearRegression,"GSA,PV"
str_m3_o25_o26_f0_pcu.sym.144.out,38.069264165176655,LinearRegression,"GSA,PV"
hypotheticalMOF_5069139_i_2_j_23_k_21_m_7,38.288036799896986,LinearRegression,"GSA,PV"
str_m3_o25_o26_f0_pcu.sym.121.out,38.219006345806505,LinearRegression,"GSA,PV"
hypotheticalMOF_5017873_i_0_j_25_k_12_m_12,38.00394295771055,LinearRegression,"GSA,PV"
cds_A_Syn031980,38.19555985957092,LinearRegression,"GSA,PV"
hypotheticalMOF_5047980_i_1_j_25_k_19_m_5,38.07972037434712,LinearRegression,"GSA,PV"
str_m3_o21_o23_f0_pcu.sym.41.out,38.184742942774776,LinearRegression,"GSA,PV"
str_m2_o21_o26_f0_pcu.sym.243.out,38.3612211495754,LinearRegression,"GSA,PV"
str_m2_o23_o23_f0_pcu.sym.51.out,38.00048553509968,LinearRegression,"GSA,PV"
str_m2_o23_o25_f0_pcu.sym.135.out,38.061904670991375,LinearRegression,"GSA,PV"
hypotheticalMOF_3001143_i_2_j_23_k_23_m_6_cat_1,38.04512120596403,LinearRegression,"GSA,PV"
hypotheticalMOF_5048231_i_1_j_25_k_20_m_11,38.12920641377643,LinearRegression,"GSA,PV"
hypotheticalMOF_5047381_i_1_j_25_k_12_m_5,38.090537291143264,LinearRegression,"GSA,PV"
hypotheticalMOF_5073296_i_2_j_25_k_21_m_14,38.1520403683728,LinearRegression,"GSA,PV"
str_m3_o21_o25_f0_pcu.sym.214.out,38.20498383041299,LinearRegression,"GSA,PV"
hypotheticalMOF_3696_i_0_j_7_k_5_m_0_cat_1,38.20272652880618,LinearRegression,"GSA,PV"
hypotheticalMOF_5059476_i_2_j_19_k_5_m_12,38.37471507466754,LinearRegression,"GSA,PV"
str_m3_o21_o25_f0_pcu.sym.161.out,38.109913823128764,LinearRegression,"GSA,PV"
hypotheticalMOF_5073228_i_2_j_25_k_21_m_5,38.08144908565255,LinearRegression,"GSA,PV"
str_m3_o21_o25_f0_pcu.sym.103.out,38.16475387915007,LinearRegression,"GSA,PV"
str_m2_o25_o25_f0_pcu.sym.116.out,38.15775509259048,LinearRegression,"GSA,PV"
hypotheticalMOF_5011739_i_0_j_23_k_6_m_0_cat_1,38.074257474142954,LinearRegression,"GSA,PV"
str_m3_o20_o25_f0_pcu.sym.56.out,38.37471507466754,LinearRegression,"GSA,PV"
str_m2_o21_o25_f0_pcu.sym.27.out,38.429471189351005,LinearRegression,"GSA,PV"
str_m2_o2_o3_f0_pcu.sym.111.out,38.139410798933376,LinearRegression,"GSA,PV"
UHUQAQ_UM,38.184298293811246,LinearRegression,"GSA,PV"
BIVTIK_CSD17,38.32522903523823,LinearRegression,"GSA,PV"
mof_4676,38.442184700128266,LinearRegression,"GSA,PV"
UHUQAQ_CSD17,38.530423803528585,LinearRegression,"GSA,PV"
str_m2_o21_o25_f0_pcu.sym.209.out,38.02357131370957,LinearRegression,"GSA,PV"
mof_4137,38.29642853241066,LinearRegression,"GSA,PV"
hypotheticalMOF_5051101_i_1_j_27_k_2_m_0_cat_1,38.34979170114004,LinearRegression,"GSA,PV"
DUFKOG_CSD17,38.053236172189855,LinearRegression,"GSA,PV"
hypotheticalMOF_5039935_i_1_j_21_k_12_m_9,38.02844833782167,SGDRegressor,"GSA,PV"
hypotheticalMOF_5039090_i_1_j_21_k_5_m_9,38.04027357825127,SGDRegressor,"GSA,PV"
hypotheticalMOF_5055691_i_1_j_28_k_21_m_7,38.0015274486513,SGDRegressor,"GSA,PV"
str_m2_o20_o23_f0_pcu.sym.139.out,38.015318169724445,SGDRegressor,"GSA,PV"
str_m3_o20_o23_f0_pcu.sym.65.out,38.008744996533736,SGDRegressor,"GSA,PV"
hypotheticalMOF_5066179_i_2_j_21_k_21_m_11,38.074428193588254,SGDRegressor,"GSA,PV"
str_m3_o21_o25_f0_pcu.sym.198.out,38.0534037463485,SGDRegressor,"GSA,PV"
hypotheticalMOF_5039899_i_1_j_21_k_12_m_6,38.01662309739207,SGDRegressor,"GSA,PV"
str_m3_o21_o29_f0_pcu.sym.8.out,38.04881223208552,SGDRegressor,"GSA,PV"
str_m2_o21_o23_f0_pcu.sym.2.out,38.02580612591804,SGDRegressor,"GSA,PV"
hypotheticalMOF_5044073_i_1_j_23_k_20_m_10,38.05076153444487,SGDRegressor,"GSA,PV"
hypotheticalMOF_5023473_i_0_j_27_k_6_m_0_cat_1,38.02574141278129,SGDRegressor,"GSA,PV"
hypotheticalMOF_5046720_i_1_j_25_k_5_m_9,38.01794420334389,SGDRegressor,"GSA,PV"
str_m2_o20_o29_f0_pcu.sym.85.out,38.049472785061425,SGDRegressor,"GSA,PV"
hypotheticalMOF_5034284_i_1_j_19_k_5_m_7,38.034989154444006,SGDRegressor,"GSA,PV"
str_m2_o21_o26_f0_pcu.sym.41.out,38.02318009229859,SGDRegressor,"GSA,PV"
str_m2_o21_o28_f0_pcu.sym.62.out,38.039596846991174,SGDRegressor,"GSA,PV"
str_m2_o21_o26_f0_pcu.sym.148.out,38.04683057315779,SGDRegressor,"GSA,PV"
str_m3_o21_o25_f0_pcu.sym.176.out,38.064552255518,SGDRegressor,"GSA,PV"
hypotheticalMOF_5069149_i_2_j_23_k_21_m_9,38.00803590870526,SGDRegressor,"GSA,PV"
hypotheticalMOF_5073523_i_2_j_25_k_25_m_1,38.05338756806431,SGDRegressor,"GSA,PV"
hypotheticalMOF_5048361_i_1_j_25_k_21_m_5,38.025789947633854,SGDRegressor,"GSA,PV"
hypotheticalMOF_5072322_i_2_j_25_k_12_m_9,38.01987732741905,SGDRegressor,"GSA,PV"
hypotheticalMOF_3000075_i_1_j_23_k_23_m_6_cat_1,38.02976944377349,SGDRegressor,"GSA,PV"
str_m3_o21_o23_f0_pcu.sym.266.out,38.052710836804216,SGDRegressor,"GSA,PV"
str_m3_o6_o19_f0_pcu.sym.60.out,38.028415981253296,SGDRegressor,"GSA,PV"
str_m3_o6_o23_f0_pcu.sym.265.out,38.076393674231795,SGDRegressor,"GSA,PV"
hypotheticalMOF_5048790_i_1_j_25_k_25_m_14,38.026450500609755,SGDRegressor,"GSA,PV"
hypotheticalMOF_5073560_i_2_j_25_k_25_m_4,38.02448501996622,SGDRegressor,"GSA,PV"
hypotheticalMOF_3000678_i_1_j_26_k_23_m_4_cat_1,38.02704634044891,SGDRegressor,"GSA,PV"
hypotheticalMOF_28742_i_2_j_5_k_5_m_5,38.0061027846301,SGDRegressor,"GSA,PV"
hypotheticalMOF_5019135_i_0_j_25_k_21_m_13,38.04877987551714,SGDRegressor,"GSA,PV"
str_m2_o23_o23_f0_pcu.sym.103.out,38.02646667889395,SGDRegressor,"GSA,PV"
str_m3_o6_o28_f0_pcu.sym.228.out,38.058011438895676,SGDRegressor,"GSA,PV"
hypotheticalMOF_3001141_i_2_j_23_k_23_m_6_cat_1,38.05010098146896,SGDRegressor,"GSA,PV"
str_m2_o21_o25_f0_pcu.sym.157.out,38.0165745625395,SGDRegressor,"GSA,PV"
str_m3_o23_o25_f0_pcu.sym.204.out,38.00213946677465,SGDRegressor,"GSA,PV"
hypotheticalMOF_18246_i_1_j_5_k_5_m_11,38.03827574103936,SGDRegressor,"GSA,PV"
str_m3_o21_o25_f0_pcu.sym.81.out,38.01920059615895,SGDRegressor,"GSA,PV"
str_m2_o23_o25_f0_pcu.sym.257.out,38.016606919107886,SGDRegressor,"GSA,PV"
str_m2_o23_o23_f0_pcu.sym.159.out,38.05140590913659,SGDRegressor,"GSA,PV"
WERCAX_CSD17,38.01257888811568,SGDRegressor,"GSA,PV"
str_m2_o23_o25_f0_pcu.sym.95.out,38.04811932254123,SGDRegressor,"GSA,PV"
hypotheticalMOF_5047433_i_1_j_25_k_12_m_11,38.01064576404052,SGDRegressor,"GSA,PV"
hypotheticalMOF_5016813_i_0_j_25_k_5_m_0_cat_1,38.00992049792785,SGDRegressor,"GSA,PV"
str_m2_o19_o25_f0_nbo.sym.191.out,38.491011909924765,LinearRegression,"GSA,LCD"
str_m3_o19_o25_f0_nbo.sym.37.out,38.643441621498866,LinearRegression,"GSA,LCD"
str_m3_o19_o23_f0_nbo.sym.6.out,38.25831970150293,LinearRegression,"GSA,LCD"
mof_5710,38.416388890786095,LinearRegression,"GSA,LCD"
str_m2_o19_o25_f0_nbo.sym.130.out,38.65235863380089,LinearRegression,"GSA,LCD"
str_m1_o20_o29_f0_pcu.sym.2.out,38.136702747089984,LinearRegression,"GSA,LCD"
str_m1_o20_o29_f0_pcu.sym.5.out,38.11237935620739,LinearRegression,"GSA,LCD"
str_m2_o19_o25_f0_nbo.sym.107.out,38.76343388780977,LinearRegression,"GSA,LCD"
str_m2_o19_o23_f0_nbo.sym.21.out,38.01995047085355,LinearRegression,"GSA,LCD"
str_m2_o19_o23_f0_nbo.sym.59.out,38.02400280497905,LinearRegression,"GSA,LCD"
str_m2_o19_o28_f0_nbo.sym.32.out,38.45371917261467,LinearRegression,"GSA,LCD"
str_m2_o19_o23_f0_nbo.sym.45.out,38.55506507027053,LinearRegression,"GSA,LCD"
str_m2_o19_o29_f0_nbo.sym.10.out,38.40183240077502,LinearRegression,"GSA,LCD"
str_m1_o20_o25_f0_pcu.sym.24.out,38.24535974120504,LinearRegression,"GSA,LCD"
str_m3_o19_o25_f0_nbo.sym.129.out,38.365352007515945,LinearRegression,"GSA,LCD"
mof_5164,38.87204395127674,LinearRegression,"GSA,LCD"
str_m1_o6_o23_f0_pcu.sym.155.out,38.967731598964285,LinearRegression,"GSA,LCD"
str_m1_o6_o23_f0_pcu.sym.113.out,38.03857806724936,LinearRegression,"GSA,LCD"
str_m2_o19_o25_f0_nbo.sym.77.out,38.045898549838185,LinearRegression,"GSA,LCD"
mof_3231,38.538818189250065,LinearRegression,"GSA,LCD"
str_m2_o6_o19_f0_nbo.sym.57.out,38.83234234020243,LinearRegression,"GSA,LCD"
mof_6838,38.65396454964369,LinearRegression,"GSA,LCD"
str_m2_o6_o19_f0_nbo.sym.46.out,38.53721227340726,LinearRegression,"GSA,LCD"
str_m2_o19_o29_f0_nbo.sym.6.out,38.302904763013,LinearRegression,"GSA,LCD"
str_m1_o6_o28_f0_pcu.sym.2.out,39.504452114224065,LinearRegression,"GSA,LCD"
str_m1_o6_o28_f0_pcu.sym.57.out,38.8566563449554,LinearRegression,"GSA,LCD"
str_m1_o20_o28_f0_pcu.sym.126.out,38.113975885920574,LinearRegression,"GSA,LCD"
str_m1_o25_o28_f0_pcu.sym.3.out,38.38234552968009,LinearRegression,"GSA,LCD"
str_m1_o6_o23_f0_pcu.sym.109.out,38.28425839435795,LinearRegression,"GSA,LCD"
str_m1_o26_o26_f0_pcu.sym.122.out,38.646653453184484,LinearRegression,"GSA,LCD"
str_m1_o3_o19_f0_pcu.sym.23.out,39.23771654469622,LinearRegression,"GSA,LCD"
str_m3_o6_o11_f0_nbo.sym.62.out,38.364539663464925,LinearRegression,"GSA,LCD"
str_m2_o7_o26_f0_pcu.sym.121.out,38.3110188173936,LinearRegression,"GSA,LCD"
str_m1_o8_o26_f0_pcu.sym.16.out,38.08157598517586,LinearRegression,"GSA,LCD"
str_m2_o7_o29_f0_pcu.sym.79.out,38.18780533326747,LinearRegression,"GSA,LCD"
str_m3_o7_o27_f0_pcu.sym.1.out,38.219383503831544,LinearRegression,"GSA,LCD"
str_m3_o6_o19_f0_nbo.sym.94.out,38.48613784561863,LinearRegression,"GSA,LCD"
str_m1_o25_o27_f0_pcu.sym.19.out,38.30126130265171,LinearRegression,"GSA,LCD"
str_m1_o26_o26_f0_pcu.sym.10.out,38.64178877500797,LinearRegression,"GSA,LCD"
str_m1_o26_o26_f0_pcu.sym.127.out,38.19099839269384,LinearRegression,"GSA,LCD"
str_m2_o7_o27_f0_pcu.sym.189.out,38.21533116970605,LinearRegression,"GSA,LCD"
str_m3_o6_o11_f0_nbo.sym.110.out,38.10022235383091,LinearRegression,"GSA,LCD"
str_m2_o7_o28_f0_pcu.sym.21.out,38.06213604472903,LinearRegression,"GSA,LCD"
mof_6047,38.01748528031162,LinearRegression,"GSA,LCD"
str_m3_o7_o29_f0_pcu.sym.137.out,38.336173324586454,LinearRegression,"GSA,LCD"
str_m1_o26_o26_f0_pcu.sym.220.out,38.25747919906304,LinearRegression,"GSA,LCD"
str_m3_o3_o8_f0_pcu.sym.1.out,38.29643416899367,LinearRegression,"GSA,LCD"
str_m2_o3_o27_f0_pcu.sym.120.out,39.2701446038298,LinearRegression,"GSA,LCD"
str_m2_o3_o27_f0_pcu.sym.57.out,39.1339336148873,LinearRegression,"GSA,LCD"
mof_6833,38.43505403170038,LinearRegression,"GSA,LCD"
str_m2_o23_o24_f0_nbo.sym.107.out,38.28752654282128,LinearRegression,"GSA,LCD"
str_m2_o27_o29_f0_pcu.sym.195.out,38.32722815389559,LinearRegression,"GSA,LCD"
str_m1_o7_o25_f0_pcu.sym.13.out,38.6799032424987,LinearRegression,"GSA,LCD"
str_m3_o3_o27_f0_pcu.sym.231.out,38.4285552792922,LinearRegression,"GSA,LCD"
str_m1_o26_o26_f0_pcu.sym.166.out,38.002910018041305,LinearRegression,"GSA,LCD"
str_m1_o8_o26_f0_pcu.sym.2.out,38.04022152761065,LinearRegression,"GSA,LCD"
str_m2_o27_o29_f0_pcu.sym.107.out,38.211306993969416,LinearRegression,"GSA,LCD"
str_m1_o26_o26_f0_pcu.sym.196.out,38.691257286953785,LinearRegression,"GSA,LCD"
str_m3_o3_o3_f0_pcu.sym.184.out,38.51611948646952,LinearRegression,"GSA,LCD"
str_m2_o3_o8_f0_pcu.sym.195.out,38.03537562169337,LinearRegression,"GSA,LCD"
str_m2_o7_o22_f0_nbo.sym.30.out,38.66290033420494,LinearRegression,"GSA,LCD"
str_m3_o3_o26_f0_pcu.sym.234.out,38.144826187600216,LinearRegression,"GSA,LCD"
str_m2_o19_o29_f0_nbo.sym.49.out,38.197515917361265,LinearRegression,"GSA,LCD"
mof_3022,38.05964269579823,LinearRegression,"GSA,LCD"
str_m3_o20_o23_f0_nbo.sym.114.out,38.8582622607982,LinearRegression,"GSA,LCD"
str_m2_o27_o29_f0_pcu.sym.192.out,38.43992809600652,LinearRegression,"GSA,LCD"
str_m3_o3_o11_f0_nbo.sym.9.out,38.351551544778175,LinearRegression,"GSA,LCD"
str_m3_o3_o27_f0_pcu.sym.243.out,38.60450542382749,LinearRegression,"GSA,LCD"
str_m3_o27_o29_f0_pcu.sym.240.out,38.105889989928826,LinearRegression,"GSA,LCD"
str_m2_o3_o29_f0_pcu.sym.127.out,38.782873828256605,LinearRegression,"GSA,LCD"
mof_7437,38.05160373045459,LinearRegression,"GSA,LCD"
str_m1_o26_o26_f0_pcu.sym.49.out,38.7163930218874,LinearRegression,"GSA,LCD"
str_m3_o27_o29_f0_pcu.sym.214.out,38.57289909487455,LinearRegression,"GSA,LCD"
str_m1_o25_o25_f0_pcu.sym.55.out,38.19834703367153,LinearRegression,"GSA,LCD"
mof_3318,38.30044895860068,LinearRegression,"GSA,LCD"
str_m3_o27_o28_f0_pcu.sym.254.out,38.074283660975894,LinearRegression,"GSA,LCD"
str_m3_o3_o14_f0_nbo.sym.35.out,38.72774706634248,LinearRegression,"GSA,LCD"
str_m3_o3_o29_f0_pcu.sym.7.out,38.21452821178465,LinearRegression,"GSA,LCD"
str_m3_o3_o27_f0_pcu.sym.151.out,38.83395764217485,LinearRegression,"GSA,LCD"
str_m3_o3_o3_f0_pcu.sym.78.out,38.2680208994671,LinearRegression,"GSA,LCD"
str_m3_o3_o11_f0_nbo.sym.28.out,38.49344894207783,LinearRegression,"GSA,LCD"
str_m2_o3_o29_f0_pcu.sym.185.out,38.675057336581425,LinearRegression,"GSA,LCD"
mof_7440,38.19265123918475,LinearRegression,"GSA,LCD"
str_m2_o3_o11_f0_nbo.sym.25.out,38.364520891205686,LinearRegression,"GSA,LCD"
str_m3_o3_o4_f0_nbo.sym.86.out,38.76261215762913,LinearRegression,"GSA,LCD"
str_m3_o3_o29_f0_pcu.sym.105.out,38.19346358323577,LinearRegression,"GSA,LCD"
str_m2_o2_o19_f0_nbo.sym.40.out,38.536418701615474,LinearRegression,"GSA,LCD"
str_m3_o7_o19_f0_nbo.sym.75.out,38.379133697994476,LinearRegression,"GSA,LCD"
str_m2_o3_o6_f0_pcu.sym.18.out,38.289141844793704,LinearRegression,"GSA,LCD"
str_m2_o3_o24_f0_nbo.sym.17.out,38.027252181183144,LinearRegression,"GSA,LCD"
str_m3_o3_o11_f0_nbo.sym.18.out,38.44886388056777,LinearRegression,"GSA,LCD"
str_m2_o20_o27_f0_nbo.sym.95.out,38.88907501795936,LinearRegression,"GSA,LCD"
str_m2_o27_o28_f0_pcu.sym.6.out,38.05078200027395,LinearRegression,"GSA,LCD"
str_m2_o20_o29_f0_nbo.sym.6.out,38.21450005339578,LinearRegression,"GSA,LCD"
str_m3_o6_o19_f0_nbo.sym.96.out,38.35238266108844,LinearRegression,"GSA,LCD"
str_m2_o28_o28_f0_pcu.sym.183.out,39.011513702552946,LinearRegression,"GSA,LCD"
str_m1_o3_o19_f0_pcu.sym.97.out,38.63855817106311,LinearRegression,"GSA,LCD"
str_m2_o28_o29_f0_pcu.sym.50.out,39.095006803345534,LinearRegression,"GSA,LCD"
str_m3_o28_o29_f0_pcu.sym.24.out,39.061766400160934,LinearRegression,"GSA,LCD"
str_m1_o3_o19_f0_pcu.sym.28.out,38.5420863377134,LinearRegression,"GSA,LCD"
str_m3_o29_o29_f0_pcu.sym.140.out,38.85097932272785,LinearRegression,"GSA,LCD"
str_m3_o17_o17_f0_nbo.sym.4.out,38.001294716068884,LinearRegression,"GSA,LCD"
str_m2_o2_o2_f0_nbo.sym.26.out,38.1861712590358,LinearRegression,"GSA,LCD"
str_m2_o19_o25_f0_nbo.sym.208.out,38.07269557189999,SGDRegressor,"GSA,LCD"
str_m3_o19_o25_f0_nbo.sym.111.out,38.11256388941263,SGDRegressor,"GSA,LCD"
str_m2_o2_o19_f0_nbo.sym.22.out,38.039166587599965,SGDRegressor,"GSA,LCD"
str_m2_o19_o28_f0_nbo.sym.26.out,38.15677680943659,SGDRegressor,"GSA,LCD"
str_m3_o6_o11_f0_nbo.sym.184.out,38.12212578911709,SGDRegressor,"GSA,LCD"
str_m3_o6_o11_f0_nbo.sym.123.out,38.077975204427545,SGDRegressor,"GSA,LCD"
str_m1_o7_o25_f0_pcu.sym.39.out,38.22676453875415,SGDRegressor,"GSA,LCD"
str_m1_o8_o26_f0_pcu.sym.3.out,38.05003752932714,SGDRegressor,"GSA,LCD"
str_m2_o6_o27_f0_pcu.sym.115.out,38.092318053984236,SGDRegressor,"GSA,LCD"
str_m1_o26_o26_f0_pcu.sym.262.out,38.24632468550398,SGDRegressor,"GSA,LCD"
str_m1_o25_o28_f0_pcu.sym.95.out,38.025758768059504,SGDRegressor,"GSA,LCD"
str_m3_o7_o28_f0_pcu.sym.1.out,38.18552484388438,SGDRegressor,"GSA,LCD"
mof_5115,38.235516079111214,SGDRegressor,"GSA,LCD"
str_m3_o23_o24_f0_nbo.sym.127.out,38.15609112075802,SGDRegressor,"GSA,LCD"
str_m1_o8_o26_f0_pcu.sym.121.out,38.038854910927896,SGDRegressor,"GSA,LCD"
mof_5256,38.13299673084427,SGDRegressor,"GSA,LCD"
str_m3_o7_o28_f0_pcu.sym.32.out,38.00308185458891,SGDRegressor,"GSA,LCD"
mof_5496,38.1382140280374,SGDRegressor,"GSA,LCD"
str_m1_o26_o26_f0_pcu.sym.252.out,38.00085665344771,SGDRegressor,"GSA,LCD"
str_m2_o6_o11_f0_nbo.sym.36.out,38.12193878311385,SGDRegressor,"GSA,LCD"
str_m3_o3_o11_f0_nbo.sym.25.out,38.05903841102187,SGDRegressor,"GSA,LCD"
str_m1_o26_o26_f0_pcu.sym.156.out,38.02557176205626,SGDRegressor,"GSA,LCD"
str_m2_o3_o27_f0_pcu.sym.243.out,38.236451109127444,SGDRegressor,"GSA,LCD"
str_m2_o27_o28_f0_pcu.sym.29.out,38.11790585727459,SGDRegressor,"GSA,LCD"
str_m2_o3_o7_f0_pcu.sym.127.out,38.039540599606454,SGDRegressor,"GSA,LCD"
str_m2_o3_o27_f0_pcu.sym.68.out,38.21689096237762,SGDRegressor,"GSA,LCD"
str_m2_o27_o29_f0_pcu.sym.238.out,38.21639227970229,SGDRegressor,"GSA,LCD"
str_m2_o27_o29_f0_pcu.sym.156.out,38.11771885127135,SGDRegressor,"GSA,LCD"
str_m2_o6_o19_f0_nbo.sym.78.out,38.047980463291445,SGDRegressor,"GSA,LCD"
str_m3_o3_o3_f0_pcu.sym.15.out,38.089469499498875,SGDRegressor,"GSA,LCD"
mof_566,38.000046294100315,SGDRegressor,"GSA,LCD"
str_m2_o27_o29_f0_pcu.sym.21.out,38.019731111518965,SGDRegressor,"GSA,LCD"
str_m1_o23_o27_f0_pcu.sym.46.out,38.00079431811329,SGDRegressor,"GSA,LCD"
str_m3_o27_o29_f0_pcu.sym.155.out,38.093627096006955,SGDRegressor,"GSA,LCD"
str_m3_o3_o8_f0_pcu.sym.165.out,38.048915493307675,SGDRegressor,"GSA,LCD"
str_m2_o7_o11_f0_nbo.sym.14.out,38.176586297524075,SGDRegressor,"GSA,LCD"
str_m3_o20_o27_f0_nbo.sym.32.out,38.08344184295834,SGDRegressor,"GSA,LCD"
str_m2_o2_o20_f0_nbo.sym.33.out,38.06512840289682,SGDRegressor,"GSA,LCD"
str_m2_o3_o23_f0_pcu.sym.73.out,38.082506812942114,SGDRegressor,"GSA,LCD"
str_m3_o3_o29_f0_pcu.sym.142.out,38.00085665344771,SGDRegressor,"GSA,LCD"
str_m1_o3_o25_f0_pcu.sym.75.out,38.14374300190262,SGDRegressor,"GSA,LCD"
mof_9830,38.06525307356565,SGDRegressor,"GSA,LCD"
str_m3_o11_o29_f0_nbo.sym.78.out,38.22433346071196,SGDRegressor,"GSA,LCD"
str_m2_o3_o9_f0_nbo.sym.7.out,38.04960118198624,SGDRegressor,"GSA,LCD"
str_m3_o3_o27_f0_pcu.sym.207.out,38.22048754087596,SGDRegressor,"GSA,LCD"
str_m3_o3_o7_f0_pcu.sym.183.out,38.161370753285574,SGDRegressor,"GSA,LCD"
str_m3_o3_o3_f0_pcu.sym.65.out,38.06294666619229,SGDRegressor,"GSA,LCD"
str_m2_o3_o3_f0_pcu.sym.145.out,38.20024170544757,SGDRegressor,"GSA,LCD"
str_m1_o23_o27_f0_pcu.sym.200.out,38.2117360005189,SGDRegressor,"GSA,LCD"
str_m3_o3_o29_f0_pcu.sym.6.out,38.2101152818241,SGDRegressor,"GSA,LCD"
str_m3_o3_o23_f0_pcu.sym.132.out,38.08678908011902,SGDRegressor,"GSA,LCD"
str_m2_o3_o25_f0_pcu.sym.98.out,38.00861082845413,SGDRegressor,"GSA,LCD"
EDUVII_UM,38.25123030602504,SGDRegressor,"GSA,LCD"
str_m1_o3_o27_f0_pcu.sym.111.out,38.14864862242368,SGDRegressor,"GSA,LCD"
OJICAM_CSD17,38.07219688922467,SGDRegressor,"GSA,LCD"
hypotheticalMOF_5019151_i_0_j_25_k_21_m_14,38.22944326555595,LinearRegression,"GSA,PLD"
hypotheticalMOF_5046722_i_1_j_25_k_5_m_9,38.29691510082099,LinearRegression,"GSA,PLD"
hypotheticalMOF_5012370_i_0_j_23_k_12_m_10,38.152709545859665,LinearRegression,"GSA,PLD"
hypotheticalMOF_19429_i_1_j_7_k_5_m_5,38.02459387047588,LinearRegression,"GSA,PLD"
hypotheticalMOF_5072954_i_2_j_25_k_20_m_1,38.09717871674142,SGDRegressor,"GSA,PLD"
hypotheticalMOF_5039939_i_1_j_21_k_12_m_9,38.249626148383996,SGDRegressor,"GSA,PLD"
hypotheticalMOF_5066139_i_2_j_21_k_21_m_9,38.09078786601659,SGDRegressor,"GSA,PLD"
hypotheticalMOF_5069010_i_2_j_23_k_20_m_7,38.03357375419786,SGDRegressor,"GSA,PLD"
hypotheticalMOF_5041056_i_1_j_21_k_21_m_7,38.17315242239503,SGDRegressor,"GSA,PLD"
hypotheticalMOF_5041078_i_1_j_21_k_21_m_9,38.274450696599835,SGDRegressor,"GSA,PLD"
hypotheticalMOF_5039906_i_1_j_21_k_12_m_7,38.08704888932094,SGDRegressor,"GSA,PLD"
hypotheticalMOF_5073076_i_2_j_25_k_20_m_9,38.02435690545236,SGDRegressor,"GSA,PLD"
hypotheticalMOF_5059354_i_2_j_19_k_5_m_0,38.25186506407356,SGDRegressor,"GSA,PLD"
str_m3_o6_o8_f0_pcu.sym.187.out,38.14226291979823,SGDRegressor,"GSA,PLD"
hypotheticalMOF_5059350_i_2_j_19_k_5_m_0,38.3039272001863,SGDRegressor,"GSA,PLD"
hypotheticalMOF_5039947_i_1_j_21_k_12_m_9,38.35548931596368,SGDRegressor,"GSA,PLD"
hypotheticalMOF_5041074_i_1_j_21_k_21_m_9,38.059898363419784,SGDRegressor,"GSA,PLD"
hypotheticalMOF_5039859_i_1_j_21_k_12_m_4,38.17315242239503,SGDRegressor,"GSA,PLD"
hypotheticalMOF_5073092_i_2_j_25_k_20_m_9,38.0639632364593,SGDRegressor,"GSA,PLD"
str_m3_o3_o11_f0_nbo.sym.16.out,38.064224422446536,SGDRegressor,"GSA,PLD"
mof_32,38.50395893656248,SGDRegressor,"GSA,PLD"
hypotheticalMOF_5064974_i_2_j_21_k_12_m_7,38.23899630062815,SGDRegressor,"GSA,PLD"
hypotheticalMOF_5039955_i_1_j_21_k_12_m_10,38.05250747202423,SGDRegressor,"GSA,PLD"
hypotheticalMOF_5039018_i_1_j_21_k_5_m_2,38.05350751269495,SGDRegressor,"GSA,PLD"
hypotheticalMOF_5038729_i_1_j_21_k_2_m_10,38.048355536988964,SGDRegressor,"GSA,PLD"
hypotheticalMOF_5034251_i_1_j_19_k_5_m_4,38.03548677354356,SGDRegressor,"GSA,PLD"
hypotheticalMOF_5066090_i_2_j_21_k_21_m_4,38.02029203241284,SGDRegressor,"GSA,PLD"
str_m3_o7_o24_f0_nbo.sym.96.out,38.06820223349031,SGDRegressor,"GSA,PLD"
str_m3_o3_o26_f0_pcu.sym.161.out,38.401986518030824,SGDRegressor,"GSA,PLD"
hypotheticalMOF_5064931_i_2_j_21_k_12_m_4,38.191086099550674,SGDRegressor,"GSA,PLD"
hypotheticalMOF_5019114_i_0_j_25_k_21_m_11,38.38048798817101,SGDRegressor,"GSA,PLD"
hypotheticalMOF_5041060_i_1_j_21_k_21_m_7,38.154718724904015,SGDRegressor,"GSA,PLD"
hypotheticalMOF_5064174_i_2_j_21_k_5_m_7,38.17082644470972,SGDRegressor,"GSA,PLD"
hypotheticalMOF_5048669_i_1_j_25_k_25_m_1,38.38961777492078,SGDRegressor,"GSA,PLD"
hypotheticalMOF_5064970_i_2_j_21_k_12_m_7,38.021205011087815,SGDRegressor,"GSA,PLD"
hypotheticalMOF_5047329_i_1_j_25_k_12_m_1,38.046529579639014,SGDRegressor,"GSA,PLD"
str_m2_o3_o11_f0_nbo.sym.136.out,38.26682097085616,SGDRegressor,"GSA,PLD"
str_m2_o7_o11_f0_nbo.sym.249.out,38.227127577853466,SGDRegressor,"GSA,PLD"
hypotheticalMOF_5042867_i_1_j_23_k_5_m_1,38.00559731161748,SGDRegressor,"GSA,PLD"
hypotheticalMOF_5046863_i_1_j_25_k_6_m_9,38.51897955370171,SGDRegressor,"GSA,PLD"
mof_7217,38.06811517149457,SGDRegressor,"GSA,PLD"
str_m2_o26_o27_f0_pcu.sym.64.out,38.30766617688195,SGDRegressor,"GSA,PLD"
hypotheticalMOF_5046749_i_1_j_25_k_5_m_12,38.40613845306609,SGDRegressor,"GSA,PLD"
hypotheticalMOF_5019641_i_0_j_25_k_25_m_11,38.47813434767592,SGDRegressor,"GSA,PLD"
str_m2_o3_o22_f0_nbo.sym.29.out,38.476221328330226,SGDRegressor,"GSA,PLD"
hypotheticalMOF_5016433_i_0_j_25_k_1_m_14,38.04396476760557,SGDRegressor,"GSA,PLD"
hypotheticalMOF_5048749_i_1_j_25_k_25_m_9,38.10224363045166,SGDRegressor,"GSA,PLD"
hypotheticalMOF_5064214_i_2_j_21_k_5_m_11,38.02759586181264,SGDRegressor,"GSA,PLD"
hypotheticalMOF_5019365_i_0_j_25_k_23_m_10,38.04711666197012,SGDRegressor,"GSA,PLD"
mof_4749,38.37392301345469,SGDRegressor,"GSA,PLD"
hypotheticalMOF_5047467_i_1_j_25_k_13_m_1,38.17315242239503,SGDRegressor,"GSA,PLD"
hypotheticalMOF_5073515_i_2_j_25_k_25_m_1,38.127568199002866,SGDRegressor,"GSA,PLD"
hypotheticalMOF_5036425_i_1_j_20_k_5_m_5,38.023030968437766,SGDRegressor,"GSA,PLD"
str_m2_o3_o28_f0_pcu.sym.27.out,38.03457379486858,SGDRegressor,"GSA,PLD"
hypotheticalMOF_5072347_i_2_j_25_k_12_m_11,38.55310801265881,SGDRegressor,"GSA,PLD"
hypotheticalMOF_5072331_i_2_j_25_k_12_m_9,38.11926432893233,SGDRegressor,"GSA,PLD"
hypotheticalMOF_5039056_i_1_j_21_k_5_m_5,38.124329242642574,SGDRegressor,"GSA,PLD"
hypotheticalMOF_5067937_i_2_j_23_k_5_m_4,38.23667032294284,SGDRegressor,"GSA,PLD"
hypotheticalMOF_5073264_i_2_j_25_k_21_m_9,38.05068151467428,SGDRegressor,"GSA,PLD"
hypotheticalMOF_5048739_i_1_j_25_k_25_m_7,38.16302259497455,SGDRegressor,"GSA,PLD"
hypotheticalMOF_5073598_i_2_j_25_k_25_m_9,38.099004674091375,SGDRegressor,"GSA,PLD"
hypotheticalMOF_5073565_i_2_j_25_k_25_m_4,38.019379053737865,SGDRegressor,"GSA,PLD"
hypotheticalMOF_5019646_i_0_j_25_k_25_m_12,38.38455286121054,SGDRegressor,"GSA,PLD"
hypotheticalMOF_5071341_i_2_j_25_k_2_m_4,38.41079040843671,SGDRegressor,"GSA,PLD"
mof_5399,38.71470260620117,XGBoost,"VSA,VF"
ECOLEP_CoRE,38.65127182006836,XGBoost,"VSA,VF"
str_m3_o19_o25_f0_nbo.sym.108.out,38.06822967529297,XGBoost,"VSA,VF"
mof_4870,38.12932205200195,XGBoost,"VSA,VF"
str_m3_o19_o25_f0_nbo.sym.121.out,38.461891174316406,XGBoost,"VSA,VF"
str_m1_o21_o21_f0_pcu.sym.125.out,38.435951232910156,XGBoost,"VSA,VF"
str_m3_o19_o25_f0_nbo.sym.158.out,38.461891174316406,XGBoost,"VSA,VF"
str_m1_o21_o21_f0_pcu.sym.218.out,38.07468795776367,XGBoost,"VSA,VF"
str_m1_o21_o21_f0_pcu.sym.3.out,38.461891174316406,XGBoost,"VSA,VF"
str_m1_o21_o21_f0_pcu.sym.110.out,38.61005783081055,XGBoost,"VSA,VF"
str_m3_o19_o25_f0_nbo.sym.134.out,38.44104766845703,XGBoost,"VSA,VF"
str_m3_o19_o25_f0_nbo.sym.86.out,38.4603157043457,XGBoost,"VSA,VF"
mof_3172,38.72879409790039,XGBoost,"VSA,VF"
str_m1_o21_o21_f0_pcu.sym.211.out,38.461891174316406,XGBoost,"VSA,VF"
mof_7812,38.62434387207031,XGBoost,"VSA,VF"
str_m3_o19_o25_f0_nbo.sym.80.out,38.02555465698242,XGBoost,"VSA,VF"
mof_1611,38.15671920776367,XGBoost,"VSA,VF"
str_m2_o19_o25_f0_nbo.sym.7.out,38.06822967529297,XGBoost,"VSA,VF"
mof_10480,38.435951232910156,XGBoost,"VSA,VF"
str_m1_o21_o21_f0_pcu.sym.215.out,38.49879455566406,XGBoost,"VSA,VF"
str_m3_o19_o25_f0_nbo.sym.15.out,38.07468795776367,XGBoost,"VSA,VF"
str_m1_o21_o21_f0_pcu.sym.120.out,38.461891174316406,XGBoost,"VSA,VF"
str_m3_o19_o25_f0_nbo.sym.154.out,38.05400466918945,XGBoost,"VSA,VF"
str_m1_o21_o21_f0_pcu.sym.91.out,38.15671920776367,XGBoost,"VSA,VF"
str_m2_o19_o25_f0_nbo.sym.174.out,38.15671920776367,XGBoost,"VSA,VF"
str_m1_o21_o21_f0_pcu.sym.55.out,38.05400466918945,XGBoost,"VSA,VF"
str_m1_o21_o21_f0_pcu.sym.25.out,38.61005783081055,XGBoost,"VSA,VF"
str_m1_o21_o21_f0_pcu.sym.87.out,38.15671920776367,XGBoost,"VSA,VF"
str_m3_o19_o23_f0_nbo.sym.14.out,38.06822967529297,XGBoost,"VSA,VF"
str_m1_o21_o21_f0_pcu.sym.21.out,38.15671920776367,XGBoost,"VSA,VF"
str_m3_o11_o29_f0_nbo.sym.30.out,38.07468795776367,XGBoost,"VSA,VF"
str_m2_o19_o25_f0_nbo.sym.58.out,38.15671920776367,XGBoost,"VSA,VF"
str_m3_o19_o25_f0_nbo.sym.103.out,38.19251251220703,XGBoost,"VSA,VF"
str_m2_o19_o25_f0_nbo.sym.181.out,38.19251251220703,XGBoost,"VSA,VF"
str_m1_o21_o21_f0_pcu.sym.4.out,38.404457092285156,XGBoost,"VSA,VF"
str_m1_o21_o21_f0_pcu.sym.234.out,38.49879455566406,XGBoost,"VSA,VF"
mof_2968,38.71470260620117,XGBoost,"VSA,VF"
str_m1_o21_o21_f0_pcu.sym.182.out,38.61005783081055,XGBoost,"VSA,VF"
str_m1_o21_o26_f0_pcu.sym.82.out,38.05400466918945,XGBoost,"VSA,VF"
str_m1_o21_o21_f0_pcu.sym.38.out,38.627567291259766,XGBoost,"VSA,VF"
str_m1_o21_o26_f0_pcu.sym.257.out,38.02555465698242,XGBoost,"VSA,VF"
str_m2_o11_o25_f0_nbo.sym.212.out,38.19251251220703,XGBoost,"VSA,VF"
mof_1643,38.06822967529297,XGBoost,"VSA,VF"
str_m3_o11_o25_f0_nbo.sym.77.out,38.16982650756836,XGBoost,"VSA,VF"
str_m1_o20_o25_f0_pcu.sym.37.out,38.06822967529297,XGBoost,"VSA,VF"
mof_7782,39.0811653137207,XGBoost,"VSA,VF"
str_m1_o21_o21_f0_pcu.sym.67.out,38.627567291259766,XGBoost,"VSA,VF"
str_m1_o6_o23_f0_pcu.sym.138.out,38.44104766845703,XGBoost,"VSA,VF"
str_m2_o11_o25_f0_nbo.sym.36.out,38.05400466918945,XGBoost,"VSA,VF"
str_m1_o20_o25_f0_pcu.sym.25.out,38.06822967529297,XGBoost,"VSA,VF"
str_m1_o21_o26_f0_pcu.sym.175.out,38.07468795776367,XGBoost,"VSA,VF"
hypotheticalMOF_3000289_i_1_j_24_k_24_m_2_cat_1,38.02555465698242,XGBoost,"VSA,VF"
str_m2_o11_o25_f0_nbo.sym.112.out,38.4603157043457,XGBoost,"VSA,VF"
str_m2_o11_o25_f0_nbo.sym.33.out,38.16982650756836,XGBoost,"VSA,VF"
mof_5711,38.00007247924805,XGBoost,"VSA,VF"
str_m2_o19_o23_f0_nbo.sym.2.out,38.06822967529297,XGBoost,"VSA,VF"
str_m1_o21_o26_f0_pcu.sym.128.out,38.15671920776367,XGBoost,"VSA,VF"
str_m1_o20_o25_f0_pcu.sym.100.out,38.06822967529297,XGBoost,"VSA,VF"
str_m1_o20_o25_f0_pcu.sym.90.out,38.06822967529297,XGBoost,"VSA,VF"
mof_5257,38.12932205200195,XGBoost,"VSA,VF"
mof_4531,38.05400466918945,XGBoost,"VSA,VF"
mof_6876,38.61005783081055,XGBoost,"VSA,VF"
str_m1_o23_o25_f0_pcu.sym.61.out,38.16982650756836,XGBoost,"VSA,VF"
str_m1_o25_o25_f0_pcu.sym.57.out,38.65127182006836,XGBoost,"VSA,VF"
mof_5701,38.05400466918945,XGBoost,"VSA,VF"
hypotheticalMOF_3001349_i_2_j_24_k_24_m_1_cat_1,38.02555465698242,XGBoost,"VSA,VF"
BAZFUF_CoRE,40.061981201171875,XGBoost,"VSA,VF"
mof_7734,39.51622009277344,XGBoost,"VSA,VF"
mof_5497,38.00007247924805,XGBoost,"VSA,VF"
hypotheticalMOF_3000158_i_1_j_24_k_23_m_1_cat_1,38.06822967529297,XGBoost,"VSA,VF"
hypotheticalMOF_3001351_i_2_j_24_k_24_m_1_cat_1,38.07468795776367,XGBoost,"VSA,VF"
hypotheticalMOF_3000272_i_1_j_24_k_24_m_1_cat_1,38.06822967529297,XGBoost,"VSA,VF"
str_m1_o8_o13_f0_pcu.sym.227.out,38.07468795776367,XGBoost,"VSA,VF"
mof_2118,38.16982650756836,XGBoost,"VSA,VF"
str_m1_o8_o21_f0_pcu.sym.18.out,38.02555465698242,XGBoost,"VSA,VF"
XAFFIV_CoRE,38.71470260620117,XGBoost,"VSA,VF"
VAGMAT_CoRE,38.73804473876953,XGBoost,"VSA,VF"
XAFFAN_CoRE,38.73804473876953,XGBoost,"VSA,VF"
XAFFOB_CoRE,38.73804473876953,XGBoost,"VSA,VF"
XAFFER_CoRE,38.72879409790039,XGBoost,"VSA,VF"
VAGMEX_CoRE,39.50562286376953,XGBoost,"VSA,VF"
mof_7168,38.914207458496094,XGBoost,"VSA,VF"
mof_6363,39.0811653137207,XGBoost,"VSA,VF"
mof_7211,39.05847930908203,XGBoost,"VSA,VF"
str_m1_o3_o25_f0_pcu.sym.1.out,38.02555465698242,XGBoost,"VSA,VF"
mof_6035,38.627567291259766,XGBoost,"VSA,VF"
WEHMEC_CSD17,40.51416015625,XGBoost,"VSA,VF"
mof_7227,38.19251251220703,XGBoost,"VSA,VF"
LEJCIO_CoRE,39.38719177246094,XGBoost,"VSA,VF"
mof_29,38.461891174316406,XGBoost,"VSA,VF"
EDUVOO_CoRE,39.950157165527344,XGBoost,"VSA,VF"
mof_7169,39.16110610961914,XGBoost,"VSA,VF"
mof_12304,38.73804473876953,XGBoost,"VSA,VF"
mof_4954,38.15671920776367,XGBoost,"VSA,VF"
mof_2606,38.05400466918945,XGBoost,"VSA,VF"
mof_5002,38.16982650756836,XGBoost,"VSA,VF"
HEXQOS_CSD17,40.678531646728516,XGBoost,"VSA,VF"
SICZOV_CoRE,39.045372009277344,XGBoost,"VSA,VF"
LUKLIN_CoRE,38.73804473876953,XGBoost,"VSA,VF"
RAYMIP_CoRE,39.41230010986328,XGBoost,"VSA,VF"
BASQES_CSD17,39.69853591918945,XGBoost,"VSA,VF"
TUZBAS_CSD17,39.155540466308594,XGBoost,"VSA,VF"
YOWCUJ_CSD17,39.19853210449219,XGBoost,"VSA,VF"
VAWCOL_CSD17,39.541751861572266,XGBoost,"VSA,VF"
YUXWIY_CSD17,39.603355407714844,XGBoost,"VSA,VF"
mof_3370,38.7218760157823,LinearRegression,"VSA,LCD"
VUSJUP_CoRE,38.65412902832031,XGBoost,"VSA,LCD"
mof_6788,38.332237243652344,XGBoost,"VSA,LCD"
GAQYIH_CoRE,40.78340530395508,XGBoost,"VSA,LCD"
mof_6830,41.85407638549805,XGBoost,"VSA,LCD"
mof_3135,39.90736770629883,XGBoost,"VSA,LCD"
mof_6831,40.45030975341797,XGBoost,"VSA,LCD"
VEBHUG_CoRE,38.39551544189453,XGBoost,"VSA,LCD"
str_m1_o6_o11_f0_pcu.sym.17.out,38.24728012084961,XGBoost,"VSA,LCD"
str_m2_o6_o6_f0_pcu.sym.89.out,38.12623596191406,XGBoost,"VSA,LCD"
str_m1_o6_o22_f0_pcu.sym.4.out,38.24728012084961,XGBoost,"VSA,LCD"
mof_6954,41.92609405517578,XGBoost,"VSA,LCD"
str_m1_o19_o25_f0_pcu.sym.177.out,38.42076873779297,XGBoost,"VSA,LCD"
mof_3364,39.52955627441406,XGBoost,"VSA,LCD"
str_m1_o19_o29_f0_pcu.sym.49.out,42.0942497253418,XGBoost,"VSA,LCD"
str_m1_o19_o29_f0_pcu.sym.52.out,40.68414306640625,XGBoost,"VSA,LCD"
str_m1_o6_o19_f0_pcu.sym.20.out,38.21762466430664,XGBoost,"VSA,LCD"
str_m1_o19_o27_f0_pcu.sym.25.out,41.808406829833984,XGBoost,"VSA,LCD"
str_m1_o6_o19_f0_pcu.sym.10.out,38.93860626220703,XGBoost,"VSA,LCD"
mof_3373,39.9196662902832,XGBoost,"VSA,LCD"
str_m1_o25_o25_f0_pcu.sym.82.out,38.08697509765625,XGBoost,"VSA,LCD"
str_m1_o6_o24_f0_pcu.sym.95.out,38.63151931762695,XGBoost,"VSA,LCD"
str_m1_o6_o19_f0_pcu.sym.11.out,39.331539154052734,XGBoost,"VSA,LCD"
str_m1_o6_o11_f0_pcu.sym.41.out,38.162689208984375,XGBoost,"VSA,LCD"
str_m1_o23_o25_f0_pcu.sym.29.out,39.722129821777344,XGBoost,"VSA,LCD"
str_m2_o19_o28_f0_nbo.sym.77.out,38.175052642822266,XGBoost,"VSA,LCD"
str_m1_o2_o25_f0_pcu.sym.34.out,38.176116943359375,XGBoost,"VSA,LCD"
str_m1_o6_o24_f0_pcu.sym.65.out,38.28034591674805,XGBoost,"VSA,LCD"
str_m1_o23_o23_f0_pcu.sym.11.out,38.60203552246094,XGBoost,"VSA,LCD"
str_m1_o6_o24_f0_pcu.sym.47.out,39.15447235107422,XGBoost,"VSA,LCD"
str_m3_o19_o28_f0_nbo.sym.15.out,38.079830169677734,XGBoost,"VSA,LCD"
str_m1_o20_o29_f0_pcu.sym.7.out,38.069725036621094,XGBoost,"VSA,LCD"
sod_B_Syn000038,38.048824310302734,XGBoost,"VSA,LCD"
str_m2_o19_o25_f0_nbo.sym.63.out,38.31085205078125,XGBoost,"VSA,LCD"
str_m1_o1_o29_f0_pcu.sym.33.out,39.45829772949219,XGBoost,"VSA,LCD"
str_m3_o19_o25_f0_nbo.sym.107.out,43.485225677490234,XGBoost,"VSA,LCD"
str_m2_o6_o23_f0_pcu.sym.133.out,38.75749206542969,XGBoost,"VSA,LCD"
str_m1_o2_o24_f0_pcu.sym.105.out,38.00328826904297,XGBoost,"VSA,LCD"
str_m3_o6_o23_f0_pcu.sym.143.out,38.51796340942383,XGBoost,"VSA,LCD"
str_m1_o11_o29_f0_pcu.sym.4.out,38.045257568359375,XGBoost,"VSA,LCD"
str_m3_o19_o25_f0_nbo.sym.191.out,45.52411651611328,XGBoost,"VSA,LCD"
str_m1_o6_o15_f0_pcu.sym.88.out,38.65545654296875,XGBoost,"VSA,LCD"
str_m1_o6_o24_f0_pcu.sym.41.out,39.63264083862305,XGBoost,"VSA,LCD"
str_m2_o11_o25_f0_nbo.sym.136.out,38.220802307128906,XGBoost,"VSA,LCD"
str_m1_o6_o24_f0_pcu.sym.31.out,38.08955383300781,XGBoost,"VSA,LCD"
str_m1_o6_o23_f0_pcu.sym.142.out,38.39551544189453,XGBoost,"VSA,LCD"
str_m2_o19_o25_f0_nbo.sym.56.out,40.35478210449219,XGBoost,"VSA,LCD"
str_m1_o23_o23_f0_pcu.sym.140.out,38.08955383300781,XGBoost,"VSA,LCD"
str_m1_o2_o24_f0_pcu.sym.75.out,38.271690368652344,XGBoost,"VSA,LCD"
str_m1_o6_o24_f0_pcu.sym.49.out,39.630653381347656,XGBoost,"VSA,LCD"
mof_5203,38.477901458740234,XGBoost,"VSA,LCD"
str_m1_o2_o17_f0_pcu.sym.71.out,38.05955505371094,XGBoost,"VSA,LCD"
str_m1_o6_o22_f0_pcu.sym.45.out,39.97053146362305,XGBoost,"VSA,LCD"
str_m1_o23_o23_f0_pcu.sym.120.out,38.4883918762207,XGBoost,"VSA,LCD"
str_m1_o6_o11_f0_pcu.sym.168.out,44.20357894897461,XGBoost,"VSA,LCD"
str_m1_o2_o17_f0_pcu.sym.98.out,38.20555114746094,XGBoost,"VSA,LCD"
str_m1_o25_o25_f0_pcu.sym.6.out,41.231056213378906,XGBoost,"VSA,LCD"
str_m1_o25_o25_f0_pcu.sym.96.out,40.500526428222656,XGBoost,"VSA,LCD"
str_m1_o23_o24_f0_pcu.sym.85.out,39.49797439575195,XGBoost,"VSA,LCD"
str_m3_o25_o25_f0_pcu.sym.71.out,38.45042419433594,XGBoost,"VSA,LCD"
str_m1_o19_o27_f0_pcu.sym.82.out,41.80028533935547,XGBoost,"VSA,LCD"
str_m1_o23_o25_f0_pcu.sym.94.out,38.90931701660156,XGBoost,"VSA,LCD"
str_m1_o6_o23_f0_pcu.sym.253.out,38.3148307800293,XGBoost,"VSA,LCD"
str_m1_o6_o6_f0_pcu.sym.17.out,38.21997833251953,XGBoost,"VSA,LCD"
str_m1_o25_o25_f0_pcu.sym.98.out,42.56809997558594,XGBoost,"VSA,LCD"
str_m1_o1_o29_f0_pcu.sym.10.out,38.50901412963867,XGBoost,"VSA,LCD"
str_m1_o6_o11_f0_pcu.sym.97.out,39.79297637939453,XGBoost,"VSA,LCD"
str_m1_o11_o28_f0_pcu.sym.127.out,38.143821716308594,XGBoost,"VSA,LCD"
str_m3_o19_o25_f0_nbo.sym.62.out,40.05966567993164,XGBoost,"VSA,LCD"
str_m1_o6_o24_f0_pcu.sym.169.out,39.584720611572266,XGBoost,"VSA,LCD"
str_m3_o19_o25_f0_nbo.sym.161.out,40.2648811340332,XGBoost,"VSA,LCD"
str_m3_o19_o28_f0_nbo.sym.115.out,38.02903366088867,XGBoost,"VSA,LCD"
str_m1_o19_o29_f0_pcu.sym.36.out,39.332763671875,XGBoost,"VSA,LCD"
str_m1_o6_o17_f0_pcu.sym.62.out,38.520240783691406,XGBoost,"VSA,LCD"
str_m3_o11_o25_f0_nbo.sym.237.out,39.201656341552734,XGBoost,"VSA,LCD"
str_m1_o20_o28_f0_pcu.sym.18.out,38.21762466430664,XGBoost,"VSA,LCD"
str_m1_o3_o25_f0_pcu.sym.8.out,38.008689880371094,XGBoost,"VSA,LCD"
str_m1_o23_o24_f0_pcu.sym.3.out,40.06629943847656,XGBoost,"VSA,LCD"
str_m1_o6_o24_f0_pcu.sym.120.out,38.83964538574219,XGBoost,"VSA,LCD"
str_m1_o11_o29_f0_pcu.sym.77.out,38.63008499145508,XGBoost,"VSA,LCD"
str_m1_o19_o29_f0_pcu.sym.123.out,40.31230926513672,XGBoost,"VSA,LCD"
str_m1_o6_o23_f0_pcu.sym.209.out,39.00210189819336,XGBoost,"VSA,LCD"
mof_3174,38.19961166381836,XGBoost,"VSA,LCD"
str_m1_o11_o28_f0_pcu.sym.51.out,38.27560043334961,XGBoost,"VSA,LCD"
str_m1_o25_o25_f0_pcu.sym.39.out,43.91290283203125,XGBoost,"VSA,LCD"
str_m1_o6_o23_f0_pcu.sym.176.out,38.270328521728516,XGBoost,"VSA,LCD"
str_m1_o6_o24_f0_pcu.sym.43.out,39.16325759887695,XGBoost,"VSA,LCD"
str_m1_o11_o27_f0_pcu.sym.18.out,38.44023513793945,XGBoost,"VSA,LCD"
str_m1_o6_o7_f0_pcu.sym.102.out,38.1210823059082,XGBoost,"VSA,LCD"
str_m1_o25_o25_f0_pcu.sym.59.out,38.63008499145508,XGBoost,"VSA,LCD"
str_m2_o19_o23_f0_nbo.sym.52.out,39.201656341552734,XGBoost,"VSA,LCD"
str_m3_o19_o25_f0_nbo.sym.100.out,39.34093475341797,XGBoost,"VSA,LCD"
str_m1_o25_o27_f0_pcu.sym.99.out,38.09920883178711,XGBoost,"VSA,LCD"
str_m1_o19_o29_f0_pcu.sym.72.out,39.42799758911133,XGBoost,"VSA,LCD"
str_m1_o23_o24_f0_pcu.sym.33.out,38.0406379699707,XGBoost,"VSA,LCD"
str_m1_o25_o28_f0_pcu.sym.98.out,38.1210823059082,XGBoost,"VSA,LCD"
str_m1_o6_o24_f0_pcu.sym.99.out,43.926090240478516,XGBoost,"VSA,LCD"
str_m1_o23_o24_f0_pcu.sym.97.out,38.288021087646484,XGBoost,"VSA,LCD"
str_m1_o23_o24_f0_pcu.sym.94.out,39.012821197509766,XGBoost,"VSA,LCD"
str_m1_o1_o28_f0_pcu.sym.61.out,38.06325149536133,XGBoost,"VSA,LCD"
str_m1_o23_o24_f0_pcu.sym.23.out,39.405670166015625,XGBoost,"VSA,LCD"
str_m2_o25_o27_f0_pcu.sym.49.out,38.251888275146484,XGBoost,"VSA,LCD"
str_m1_o25_o25_f0_pcu.sym.9.out,40.488670349121094,XGBoost,"VSA,LCD"
str_m1_o25_o25_f0_pcu.sym.150.out,41.57343673706055,XGBoost,"VSA,LCD"
str_m3_o11_o29_f0_nbo.sym.81.out,41.5583610534668,XGBoost,"VSA,LCD"
str_m1_o25_o25_f0_pcu.sym.149.out,43.9021110534668,XGBoost,"VSA,LCD"
str_m2_o25_o26_f0_pcu.sym.204.out,38.084983825683594,XGBoost,"VSA,LCD"
mof_5902,39.014404296875,XGBoost,"VSA,LCD"
str_m1_o19_o28_f0_pcu.sym.6.out,38.460121154785156,XGBoost,"VSA,LCD"
str_m1_o6_o6_f0_pcu.sym.5.out,39.31861877441406,XGBoost,"VSA,LCD"
str_m1_o6_o7_f0_pcu.sym.4.out,38.104007720947266,XGBoost,"VSA,LCD"
str_m1_o25_o25_f0_pcu.sym.5.out,40.92597961425781,XGBoost,"VSA,LCD"
str_m3_o6_o23_f0_pcu.sym.30.out,38.167171478271484,XGBoost,"VSA,LCD"
str_m1_o23_o23_f0_pcu.sym.5.out,38.48581314086914,XGBoost,"VSA,LCD"
str_m1_o2_o5_f0_pcu.sym.9.out,38.272823333740234,XGBoost,"VSA,LCD"
str_m3_o25_o25_f0_pcu.sym.233.out,38.844356536865234,XGBoost,"VSA,LCD"
str_m1_o6_o23_f0_pcu.sym.171.out,38.08697509765625,XGBoost,"VSA,LCD"
str_m3_o25_o26_f0_pcu.sym.215.out,38.1663932800293,XGBoost,"VSA,LCD"
str_m1_o11_o27_f0_pcu.sym.62.out,38.090782165527344,XGBoost,"VSA,LCD"
str_m1_o25_o25_f0_pcu.sym.152.out,41.655670166015625,XGBoost,"VSA,LCD"
str_m1_o6_o15_f0_pcu.sym.30.out,38.32220458984375,XGBoost,"VSA,LCD"
str_m3_o19_o25_f0_nbo.sym.69.out,42.63076400756836,XGBoost,"VSA,LCD"
str_m1_o19_o29_f0_pcu.sym.120.out,38.40790939331055,XGBoost,"VSA,LCD"
str_m1_o19_o29_f0_pcu.sym.42.out,40.45233917236328,XGBoost,"VSA,LCD"
str_m1_o11_o17_f0_pcu.sym.174.out,38.41229248046875,XGBoost,"VSA,LCD"
str_m3_o25_o25_f0_pcu.sym.186.out,38.98954391479492,XGBoost,"VSA,LCD"
str_m1_o11_o27_f0_pcu.sym.85.out,38.35698318481445,XGBoost,"VSA,LCD"
str_m1_o1_o29_f0_pcu.sym.74.out,38.26875686645508,XGBoost,"VSA,LCD"
str_m1_o11_o29_f0_pcu.sym.63.out,38.48573303222656,XGBoost,"VSA,LCD"
str_m1_o23_o24_f0_pcu.sym.86.out,40.13579559326172,XGBoost,"VSA,LCD"
str_m3_o25_o25_f0_pcu.sym.108.out,38.59391403198242,XGBoost,"VSA,LCD"
BIBXOB_CSD17,39.72785949707031,XGBoost,"VSA,LCD"
str_m1_o2_o27_f0_pcu.sym.35.out,38.50738525390625,XGBoost,"VSA,LCD"
str_m1_o19_o27_f0_pcu.sym.62.out,41.48058319091797,XGBoost,"VSA,LCD"
str_m1_o23_o25_f0_pcu.sym.19.out,40.356834411621094,XGBoost,"VSA,LCD"
str_m3_o25_o26_f0_pcu.sym.63.out,38.279090881347656,XGBoost,"VSA,LCD"
str_m1_o11_o27_f0_pcu.sym.40.out,39.48976516723633,XGBoost,"VSA,LCD"
sod_B_Syn000006,39.40677261352539,XGBoost,"VSA,LCD"
str_m1_o23_o25_f0_pcu.sym.127.out,40.80059814453125,XGBoost,"VSA,LCD"
str_m1_o25_o25_f0_pcu.sym.3.out,42.617332458496094,XGBoost,"VSA,LCD"
str_m3_o19_o25_f0_nbo.sym.119.out,43.39402770996094,XGBoost,"VSA,LCD"
str_m3_o25_o25_f0_pcu.sym.231.out,38.1176643371582,XGBoost,"VSA,LCD"
mof_6918,38.31085205078125,XGBoost,"VSA,LCD"
str_m1_o19_o29_f0_pcu.sym.16.out,41.00467300415039,XGBoost,"VSA,LCD"
str_m1_o23_o25_f0_pcu.sym.34.out,40.31230926513672,XGBoost,"VSA,LCD"
str_m1_o19_o29_f0_pcu.sym.84.out,38.08113479614258,XGBoost,"VSA,LCD"
str_m1_o6_o23_f0_pcu.sym.238.out,38.175052642822266,XGBoost,"VSA,LCD"
str_m1_o17_o27_f0_pcu.sym.162.out,38.332237243652344,XGBoost,"VSA,LCD"
str_m1_o19_o29_f0_pcu.sym.125.out,38.37982177734375,XGBoost,"VSA,LCD"
str_m1_o3_o19_f0_pcu.sym.109.out,38.09920883178711,XGBoost,"VSA,LCD"
str_m1_o6_o17_f0_pcu.sym.119.out,38.518028259277344,XGBoost,"VSA,LCD"
str_m1_o25_o25_f0_pcu.sym.77.out,41.808319091796875,XGBoost,"VSA,LCD"
str_m1_o25_o27_f0_pcu.sym.69.out,38.50738525390625,XGBoost,"VSA,LCD"
str_m3_o1_o28_f0_nbo.sym.124.out,41.42027282714844,XGBoost,"VSA,LCD"
str_m1_o19_o29_f0_pcu.sym.75.out,41.312747955322266,XGBoost,"VSA,LCD"
str_m1_o20_o27_f0_pcu.sym.19.out,38.1011962890625,XGBoost,"VSA,LCD"
str_m1_o19_o29_f0_pcu.sym.2.out,39.1150016784668,XGBoost,"VSA,LCD"
str_m1_o23_o24_f0_pcu.sym.60.out,39.152137756347656,XGBoost,"VSA,LCD"
str_m1_o11_o17_f0_pcu.sym.79.out,39.49797439575195,XGBoost,"VSA,LCD"
str_m1_o19_o29_f0_pcu.sym.53.out,38.61386489868164,XGBoost,"VSA,LCD"
str_m1_o23_o24_f0_pcu.sym.185.out,38.0028190612793,XGBoost,"VSA,LCD"
str_m1_o25_o25_f0_pcu.sym.94.out,41.20826721191406,XGBoost,"VSA,LCD"
str_m2_o25_o25_f0_pcu.sym.138.out,38.79707336425781,XGBoost,"VSA,LCD"
sod_B_Syn000558,39.99379348754883,XGBoost,"VSA,LCD"
str_m1_o1_o27_f0_pcu.sym.90.out,38.17171859741211,XGBoost,"VSA,LCD"
str_m1_o6_o11_f0_pcu.sym.121.out,40.53883361816406,XGBoost,"VSA,LCD"
mof_5891,40.1988639831543,XGBoost,"VSA,LCD"
str_m1_o6_o24_f0_pcu.sym.82.out,38.64847946166992,XGBoost,"VSA,LCD"
str_m1_o1_o27_f0_pcu.sym.136.out,38.24922180175781,XGBoost,"VSA,LCD"
str_m1_o23_o24_f0_pcu.sym.180.out,38.236671447753906,XGBoost,"VSA,LCD"
str_m2_o19_o25_f0_nbo.sym.94.out,41.9056396484375,XGBoost,"VSA,LCD"
str_m1_o1_o7_f0_pcu.sym.72.out,39.48976516723633,XGBoost,"VSA,LCD"
EDUVII_CSD17,38.52433776855469,XGBoost,"VSA,LCD"
str_m3_o25_o26_f0_pcu.sym.79.out,38.46192932128906,XGBoost,"VSA,LCD"
str_m1_o11_o17_f0_pcu.sym.155.out,39.48976516723633,XGBoost,"VSA,LCD"
GISGEW_CSD17,38.604591369628906,XGBoost,"VSA,LCD"
str_m1_o1_o29_f0_pcu.sym.14.out,38.844356536865234,XGBoost,"VSA,LCD"
str_m1_o23_o24_f0_pcu.sym.162.out,38.09016418457031,XGBoost,"VSA,LCD"
str_m1_o23_o23_f0_pcu.sym.75.out,39.23007583618164,XGBoost,"VSA,LCD"
str_m1_o1_o7_f0_pcu.sym.61.out,38.180484771728516,XGBoost,"VSA,LCD"
str_m3_o6_o23_f0_pcu.sym.135.out,38.114662170410156,XGBoost,"VSA,LCD"
str_m1_o23_o24_f0_pcu.sym.160.out,38.90806198120117,XGBoost,"VSA,LCD"
str_m1_o6_o14_f0_pcu.sym.10.out,39.27741622924805,XGBoost,"VSA,LCD"
str_m1_o1_o7_f0_pcu.sym.41.out,38.090782165527344,XGBoost,"VSA,LCD"
str_m1_o1_o6_f0_pcu.sym.53.out,39.348663330078125,XGBoost,"VSA,LCD"
str_m3_o11_o25_f0_nbo.sym.240.out,38.87131118774414,XGBoost,"VSA,LCD"
str_m3_o25_o25_f0_pcu.sym.140.out,38.37596893310547,XGBoost,"VSA,LCD"
pcu_A_Syn009558,39.62480163574219,XGBoost,"VSA,LCD"
str_m3_o6_o27_f0_pcu.sym.134.out,38.41229248046875,XGBoost,"VSA,LCD"
str_m2_o17_o19_f0_nbo.sym.40.out,38.51604080200195,XGBoost,"VSA,LCD"
str_m1_o19_o29_f0_pcu.sym.116.out,41.126220703125,XGBoost,"VSA,LCD"
str_m2_o19_o27_f0_nbo.sym.49.out,38.452579498291016,XGBoost,"VSA,LCD"
BIBXOB_CoRE,39.90736770629883,XGBoost,"VSA,LCD"
str_m2_o23_o25_f0_pcu.sym.223.out,38.866493225097656,XGBoost,"VSA,LCD"
str_m1_o1_o29_f0_pcu.sym.64.out,39.32532501220703,XGBoost,"VSA,LCD"
mof_3126,38.68827438354492,XGBoost,"VSA,LCD"
str_m1_o25_o25_f0_pcu.sym.86.out,44.0968132019043,XGBoost,"VSA,LCD"
str_m2_o2_o19_f0_nbo.sym.75.out,39.92710494995117,XGBoost,"VSA,LCD"
str_m1_o2_o24_f0_pcu.sym.57.out,38.00328826904297,XGBoost,"VSA,LCD"
str_m1_o3_o5_f0_pcu.sym.24.out,43.33555221557617,XGBoost,"VSA,LCD"
str_m2_o25_o25_f0_pcu.sym.100.out,39.21396255493164,XGBoost,"VSA,LCD"
str_m1_o2_o6_f0_pcu.sym.90.out,39.28067398071289,XGBoost,"VSA,LCD"
str_m1_o23_o23_f0_pcu.sym.67.out,38.87131118774414,XGBoost,"VSA,LCD"
str_m1_o6_o9_f0_pcu.sym.56.out,38.83224105834961,XGBoost,"VSA,LCD"
str_m2_o25_o25_f0_pcu.sym.45.out,39.64398193359375,XGBoost,"VSA,LCD"
str_m1_o19_o27_f0_pcu.sym.74.out,38.93599319458008,XGBoost,"VSA,LCD"
str_m1_o2_o25_f0_pcu.sym.3.out,40.073822021484375,XGBoost,"VSA,LCD"
str_m2_o25_o25_f0_pcu.sym.205.out,39.24873352050781,XGBoost,"VSA,LCD"
str_m1_o1_o29_f0_pcu.sym.106.out,38.76156234741211,XGBoost,"VSA,LCD"
str_m1_o2_o17_f0_pcu.sym.6.out,40.93418502807617,XGBoost,"VSA,LCD"
str_m1_o23_o24_f0_pcu.sym.190.out,40.537559509277344,XGBoost,"VSA,LCD"
str_m1_o1_o11_f0_pcu.sym.4.out,39.48976516723633,XGBoost,"VSA,LCD"
str_m1_o19_o28_f0_pcu.sym.140.out,38.418766021728516,XGBoost,"VSA,LCD"
str_m1_o6_o15_f0_pcu.sym.160.out,39.163841247558594,XGBoost,"VSA,LCD"
str_m2_o1_o27_f0_nbo.sym.30.out,41.57343673706055,XGBoost,"VSA,LCD"
str_m2_o25_o25_f0_pcu.sym.108.out,38.8924674987793,XGBoost,"VSA,LCD"
str_m1_o11_o29_f0_pcu.sym.90.out,38.876644134521484,XGBoost,"VSA,LCD"
str_m2_o23_o23_f0_pcu.sym.164.out,39.13836669921875,XGBoost,"VSA,LCD"
str_m2_o23_o25_f0_pcu.sym.45.out,38.02684020996094,XGBoost,"VSA,LCD"
TEQPEM_CoRE,38.27290725708008,XGBoost,"VSA,LCD"
GEBPEK_CSD17,38.69025802612305,XGBoost,"VSA,LCD"
mof_3130,44.66548538208008,XGBoost,"VSA,LCD"
str_m1_o17_o25_f0_pcu.sym.5.out,40.39668655395508,XGBoost,"VSA,LCD"
str_m1_o23_o24_f0_pcu.sym.189.out,38.26875686645508,XGBoost,"VSA,LCD"
str_m1_o11_o17_f0_pcu.sym.68.out,39.150482177734375,XGBoost,"VSA,LCD"
str_m2_o25_o25_f0_pcu.sym.114.out,38.89286804199219,XGBoost,"VSA,LCD"
str_m1_o11_o17_f0_pcu.sym.185.out,39.2431640625,XGBoost,"VSA,LCD"
str_m1_o23_o24_f0_pcu.sym.100.out,38.560699462890625,XGBoost,"VSA,LCD"
str_m1_o6_o17_f0_pcu.sym.38.out,38.12425231933594,XGBoost,"VSA,LCD"
str_m1_o23_o24_f0_pcu.sym.40.out,38.44023513793945,XGBoost,"VSA,LCD"
str_m2_o6_o27_f0_pcu.sym.142.out,38.529136657714844,XGBoost,"VSA,LCD"
str_m1_o19_o28_f0_pcu.sym.29.out,42.48101806640625,XGBoost,"VSA,LCD"
str_m3_o30_o31_f0_tbo.sym.70.out,39.629981994628906,XGBoost,"VSA,LCD"
str_m1_o11_o17_f0_pcu.sym.81.out,40.13579559326172,XGBoost,"VSA,LCD"
str_m3_o19_o25_f0_nbo.sym.196.out,42.956207275390625,XGBoost,"VSA,LCD"
str_m1_o11_o17_f0_pcu.sym.87.out,39.356346130371094,XGBoost,"VSA,LCD"
str_m1_o11_o28_f0_pcu.sym.22.out,38.852970123291016,XGBoost,"VSA,LCD"
str_m1_o23_o24_f0_pcu.sym.10.out,38.04728317260742,XGBoost,"VSA,LCD"
str_m1_o1_o6_f0_pcu.sym.90.out,39.987083435058594,XGBoost,"VSA,LCD"
str_m1_o7_o19_f0_pcu.sym.27.out,43.626163482666016,XGBoost,"VSA,LCD"
str_m1_o25_o27_f0_pcu.sym.29.out,38.13761901855469,XGBoost,"VSA,LCD"
str_m1_o2_o19_f0_pcu.sym.44.out,39.32500457763672,XGBoost,"VSA,LCD"
str_m3_o23_o23_f0_pcu.sym.134.out,38.28822326660156,XGBoost,"VSA,LCD"
str_m1_o23_o25_f0_pcu.sym.128.out,39.009132385253906,XGBoost,"VSA,LCD"
str_m1_o1_o6_f0_pcu.sym.28.out,39.185279846191406,XGBoost,"VSA,LCD"
str_m2_o6_o19_f0_nbo.sym.66.out,38.76442337036133,XGBoost,"VSA,LCD"
str_m1_o19_o28_f0_pcu.sym.54.out,38.03484344482422,XGBoost,"VSA,LCD"
str_m1_o1_o6_f0_pcu.sym.22.out,38.13014602661133,XGBoost,"VSA,LCD"
str_m1_o19_o29_f0_pcu.sym.38.out,38.50901412963867,XGBoost,"VSA,LCD"
str_m1_o1_o27_f0_pcu.sym.57.out,38.79344940185547,XGBoost,"VSA,LCD"
str_m3_o23_o23_f0_pcu.sym.48.out,39.111881256103516,XGBoost,"VSA,LCD"
str_m1_o19_o29_f0_pcu.sym.23.out,40.979644775390625,XGBoost,"VSA,LCD"
str_m2_o25_o25_f0_pcu.sym.62.out,38.30580139160156,XGBoost,"VSA,LCD"
str_m1_o1_o11_f0_pcu.sym.172.out,38.02114486694336,XGBoost,"VSA,LCD"
str_m1_o17_o20_f0_pcu.sym.90.out,38.28370666503906,XGBoost,"VSA,LCD"
str_m1_o24_o28_f0_pcu.sym.83.out,38.00010681152344,XGBoost,"VSA,LCD"
str_m1_o23_o23_f0_pcu.sym.42.out,40.059749603271484,XGBoost,"VSA,LCD"
str_m1_o23_o24_f0_pcu.sym.24.out,38.045257568359375,XGBoost,"VSA,LCD"
Syn014460,41.42027282714844,XGBoost,"VSA,LCD"
str_m1_o23_o24_f0_pcu.sym.53.out,38.111385345458984,XGBoost,"VSA,LCD"
str_m1_o11_o17_f0_pcu.sym.188.out,39.75497055053711,XGBoost,"VSA,LCD"
str_m1_o11_o17_f0_pcu.sym.57.out,39.785003662109375,XGBoost,"VSA,LCD"
str_m3_o5_o28_f0_nbo.sym.131.out,38.165992736816406,XGBoost,"VSA,LCD"
NODTOR_CSD17,38.17845916748047,XGBoost,"VSA,LCD"
str_m1_o1_o29_f0_pcu.sym.19.out,39.11442947387695,XGBoost,"VSA,LCD"
str_m1_o1_o6_f0_pcu.sym.14.out,39.80188751220703,XGBoost,"VSA,LCD"
str_m1_o11_o17_f0_pcu.sym.50.out,39.10031509399414,XGBoost,"VSA,LCD"
str_m1_o6_o17_f0_pcu.sym.102.out,39.405670166015625,XGBoost,"VSA,LCD"
str_m1_o25_o25_f0_pcu.sym.123.out,40.93050765991211,XGBoost,"VSA,LCD"
str_m1_o7_o20_f0_pcu.sym.31.out,39.80753707885742,XGBoost,"VSA,LCD"
str_m2_o25_o28_f0_pcu.sym.183.out,38.40714645385742,XGBoost,"VSA,LCD"
str_m2_o1_o25_f0_nbo.sym.97.out,39.247928619384766,XGBoost,"VSA,LCD"
str_m3_o23_o23_f0_pcu.sym.105.out,39.0960807800293,XGBoost,"VSA,LCD"
pcu_A_Syn024397,44.56993865966797,XGBoost,"VSA,LCD"
str_m2_o23_o25_f0_pcu.sym.250.out,38.04173278808594,XGBoost,"VSA,LCD"
str_m3_o23_o23_f0_pcu.sym.117.out,38.587154388427734,XGBoost,"VSA,LCD"
str_m3_o23_o23_f0_pcu.sym.25.out,39.01824188232422,XGBoost,"VSA,LCD"
str_m1_o1_o27_f0_pcu.sym.31.out,39.063392639160156,XGBoost,"VSA,LCD"
str_m3_o1_o3_f0_nbo.sym.56.out,40.335445404052734,XGBoost,"VSA,LCD"
str_m1_o6_o14_f0_pcu.sym.234.out,39.15398406982422,XGBoost,"VSA,LCD"
NIBHUC_CoRE,38.36569595336914,XGBoost,"VSA,LCD"
str_m1_o17_o19_f0_pcu.sym.61.out,39.43680953979492,XGBoost,"VSA,LCD"
str_m1_o11_o17_f0_pcu.sym.144.out,38.992557525634766,XGBoost,"VSA,LCD"
WAGYUA_CoRE,38.23934555053711,XGBoost,"VSA,LCD"
str_m1_o19_o29_f0_pcu.sym.93.out,38.711326599121094,XGBoost,"VSA,LCD"
str_m3_o1_o17_f0_nbo.sym.177.out,38.82831573486328,XGBoost,"VSA,LCD"
str_m1_o1_o27_f0_pcu.sym.66.out,38.54732131958008,XGBoost,"VSA,LCD"
str_m3_o23_o23_f0_pcu.sym.175.out,38.72373962402344,XGBoost,"VSA,LCD"
str_m3_o23_o23_f0_pcu.sym.138.out,38.622657775878906,XGBoost,"VSA,LCD"
str_m1_o1_o6_f0_pcu.sym.20.out,39.32500457763672,XGBoost,"VSA,LCD"
str_m2_o25_o25_f0_pcu.sym.175.out,38.81477355957031,XGBoost,"VSA,LCD"
str_m3_o1_o28_f0_nbo.sym.15.out,41.01763153076172,XGBoost,"VSA,LCD"
str_m1_o1_o6_f0_pcu.sym.64.out,39.61214828491211,XGBoost,"VSA,LCD"
str_m1_o23_o25_f0_pcu.sym.9.out,40.356834411621094,XGBoost,"VSA,LCD"
str_m3_o1_o17_f0_nbo.sym.146.out,39.22906494140625,XGBoost,"VSA,LCD"
SAHYOQ04_CoRE,38.02114486694336,XGBoost,"VSA,LCD"
str_m1_o1_o7_f0_pcu.sym.82.out,38.5097770690918,XGBoost,"VSA,LCD"
WAGYUA_CSD17,38.48581314086914,XGBoost,"VSA,LCD"
str_m2_o11_o11_f0_nbo.sym.203.out,38.3165283203125,XGBoost,"VSA,LCD"
HOLQUW_CSD17,38.41229248046875,XGBoost,"VSA,LCD"
str_m1_o1_o29_f0_pcu.sym.6.out,39.10160827636719,XGBoost,"VSA,LCD"
str_m1_o22_o29_f0_pcu.sym.42.out,38.78800582885742,XGBoost,"VSA,LCD"
str_m3_o23_o23_f0_pcu.sym.156.out,38.877864837646484,XGBoost,"VSA,LCD"
WAGYUA_UM,38.23934555053711,XGBoost,"VSA,LCD"
str_m2_o14_o28_f0_nbo.sym.45.out,42.23101043701172,XGBoost,"VSA,LCD"
str_m1_o4_o6_f0_pcu.sym.75.out,39.49797439575195,XGBoost,"VSA,LCD"
str_m3_o23_o23_f0_pcu.sym.85.out,38.877864837646484,XGBoost,"VSA,LCD"
mof_6963,38.29059600830078,XGBoost,"VSA,LCD"
str_m1_o6_o17_f0_pcu.sym.130.out,38.30018615722656,XGBoost,"VSA,LCD"
str_m2_o23_o23_f0_pcu.sym.113.out,38.21643829345703,XGBoost,"VSA,LCD"
str_m2_o23_o23_f0_pcu.sym.123.out,39.35690689086914,XGBoost,"VSA,LCD"
str_m3_o23_o23_f0_pcu.sym.99.out,38.844356536865234,XGBoost,"VSA,LCD"
MIBQAR09_CSD17,38.06325149536133,XGBoost,"VSA,LCD"
str_m1_o2_o5_f0_pcu.sym.12.out,38.090145111083984,XGBoost,"VSA,LCD"
str_m3_o23_o25_f0_pcu.sym.135.out,38.63388442993164,XGBoost,"VSA,LCD"
str_m3_o1_o3_f0_nbo.sym.123.out,42.187744140625,XGBoost,"VSA,LCD"
str_m3_o23_o23_f0_pcu.sym.74.out,38.17845916748047,XGBoost,"VSA,LCD"
HIFTOG01_UM,38.029354095458984,XGBoost,"VSA,LCD"
MIBQAR15_CSD17,38.8605842590332,XGBoost,"VSA,LCD"
mof_3160,41.39529037475586,XGBoost,"VSA,LCD"
str_m1_o2_o5_f0_pcu.sym.22.out,38.08375549316406,XGBoost,"VSA,LCD"
str_m1_o23_o29_f0_pcu.sym.10.out,38.17030715942383,XGBoost,"VSA,LCD"
HIFTOG03_CSD17,38.122249603271484,XGBoost,"VSA,LCD"
str_m2_o1_o2_f0_nbo.sym.14.out,41.27650451660156,XGBoost,"VSA,LCD"
str_m3_o23_o23_f0_pcu.sym.184.out,38.877864837646484,XGBoost,"VSA,LCD"
str_m1_o9_o20_f0_pcu.sym.114.out,38.48421859741211,XGBoost,"VSA,LCD"
str_m2_o19_o25_f0_nbo.sym.124.out,41.28348922729492,XGBoost,"VSA,LCD"
str_m1_o11_o17_f0_pcu.sym.7.out,39.54803466796875,XGBoost,"VSA,LCD"
MIBQAR13_CSD17,38.8605842590332,XGBoost,"VSA,LCD"
str_m1_o11_o17_f0_pcu.sym.169.out,39.99379348754883,XGBoost,"VSA,LCD"
str_m3_o19_o28_f0_nbo.sym.35.out,44.57541275024414,XGBoost,"VSA,LCD"
str_m1_o19_o29_f0_pcu.sym.61.out,38.61747741699219,XGBoost,"VSA,LCD"
str_m3_o1_o25_f0_nbo.sym.236.out,40.44028091430664,XGBoost,"VSA,LCD"
str_m3_o23_o23_f0_pcu.sym.244.out,38.960304260253906,XGBoost,"VSA,LCD"
str_m3_o25_o26_f0_pcu.sym.101.out,39.03797149658203,XGBoost,"VSA,LCD"
GISNED_CSD17,38.48581314086914,XGBoost,"VSA,LCD"
str_m1_o20_o28_f0_pcu.sym.58.out,40.490135192871094,XGBoost,"VSA,LCD"
str_m3_o23_o23_f0_pcu.sym.50.out,38.57459259033203,XGBoost,"VSA,LCD"
str_m3_o1_o28_f0_nbo.sym.20.out,41.14445877075195,XGBoost,"VSA,LCD"
str_m3_o1_o29_f0_nbo.sym.199.out,43.43950271606445,XGBoost,"VSA,LCD"
str_m1_o24_o28_f0_pcu.sym.50.out,38.04728317260742,XGBoost,"VSA,LCD"
str_m1_o3_o20_f0_pcu.sym.20.out,41.26533889770508,XGBoost,"VSA,LCD"
str_m1_o1_o6_f0_pcu.sym.36.out,39.22928237915039,XGBoost,"VSA,LCD"
str_m1_o25_o27_f0_pcu.sym.42.out,40.51840591430664,XGBoost,"VSA,LCD"
str_m3_o23_o23_f0_pcu.sym.128.out,38.33269500732422,XGBoost,"VSA,LCD"
lvt_Syn022435,39.13836669921875,XGBoost,"VSA,LCD"
str_m1_o23_o25_f0_pcu.sym.101.out,39.338462829589844,XGBoost,"VSA,LCD"
str_m1_o6_o24_f0_pcu.sym.55.out,39.15398406982422,XGBoost,"VSA,LCD"
str_m2_o23_o23_f0_pcu.sym.146.out,38.30540084838867,XGBoost,"VSA,LCD"
str_m2_o25_o25_f0_pcu.sym.163.out,38.11594772338867,XGBoost,"VSA,LCD"
MIBQAR19_CSD17,38.06325149536133,XGBoost,"VSA,LCD"
LATFUI_UM,38.06325149536133,XGBoost,"VSA,LCD"
str_m1_o9_o25_f0_pcu.sym.155.out,39.96898651123047,XGBoost,"VSA,LCD"
str_m2_o19_o24_f0_nbo.sym.118.out,38.66233825683594,XGBoost,"VSA,LCD"
str_m2_o23_o23_f0_pcu.sym.122.out,38.1301383972168,XGBoost,"VSA,LCD"
str_m1_o25_o27_f0_pcu.sym.20.out,39.58676528930664,XGBoost,"VSA,LCD"
str_m1_o11_o17_f0_pcu.sym.104.out,38.15618133544922,XGBoost,"VSA,LCD"
str_m1_o23_o24_f0_pcu.sym.78.out,38.1301383972168,XGBoost,"VSA,LCD"
str_m3_o31_o31_f0_tbo.sym.6.out,39.787654876708984,XGBoost,"VSA,LCD"
str_m1_o4_o6_f0_pcu.sym.78.out,39.152137756347656,XGBoost,"VSA,LCD"
str_m3_o19_o25_f0_nbo.sym.53.out,38.4304084777832,XGBoost,"VSA,LCD"
hypotheticalMOF_8367_i_0_j_12_k_6_m_0,39.22906494140625,XGBoost,"VSA,LCD"
sod_B_Syn001477,42.326194763183594,XGBoost,"VSA,LCD"
str_m3_o25_o28_f0_pcu.sym.265.out,38.02724075317383,XGBoost,"VSA,LCD"
pcu_A_Syn016444,41.124290466308594,XGBoost,"VSA,LCD"
mof_11110,39.87653350830078,XGBoost,"VSA,LCD"
str_m3_o23_o23_f0_pcu.sym.209.out,38.370182037353516,XGBoost,"VSA,LCD"
str_m3_o23_o23_f0_pcu.sym.75.out,38.0550537109375,XGBoost,"VSA,LCD"
str_m3_o23_o23_f0_pcu.sym.94.out,38.54976272583008,XGBoost,"VSA,LCD"
str_m3_o1_o20_f0_nbo.sym.42.out,41.61281204223633,XGBoost,"VSA,LCD"
str_m2_o1_o20_f0_nbo.sym.50.out,42.848793029785156,XGBoost,"VSA,LCD"
str_m1_o23_o24_f0_pcu.sym.248.out,38.28384780883789,XGBoost,"VSA,LCD"
UNIGEE_CSD17,38.13330841064453,XGBoost,"VSA,LCD"
str_m3_o1_o2_f0_nbo.sym.161.out,40.81208038330078,XGBoost,"VSA,LCD"
MIBQAR20_CSD17,38.8605842590332,XGBoost,"VSA,LCD"
str_m1_o19_o28_f0_pcu.sym.130.out,38.045257568359375,XGBoost,"VSA,LCD"
mof_5895,38.5513916015625,XGBoost,"VSA,LCD"
str_m1_o17_o22_f0_pcu.sym.4.out,40.492122650146484,XGBoost,"VSA,LCD"
sod_B_Syn000061,44.66642761230469,XGBoost,"VSA,LCD"
UNIGEE_UM,38.17845916748047,XGBoost,"VSA,LCD"
str_m3_o23_o25_f0_pcu.sym.77.out,38.156959533691406,XGBoost,"VSA,LCD"
MIBQAR18_CSD17,38.8605842590332,XGBoost,"VSA,LCD"
lvt_Syn016684,40.793540954589844,XGBoost,"VSA,LCD"
VUSKAW_CSD17,38.257286071777344,XGBoost,"VSA,LCD"
MIBQAR11_CSD17,38.06325149536133,XGBoost,"VSA,LCD"
str_m2_o1_o19_f0_nbo.sym.79.out,39.332763671875,XGBoost,"VSA,LCD"
str_m1_o23_o28_f0_pcu.sym.35.out,39.191932678222656,XGBoost,"VSA,LCD"
str_m2_o19_o24_f0_nbo.sym.66.out,38.17845916748047,XGBoost,"VSA,LCD"
MIBQAR12_CSD17,38.06325149536133,XGBoost,"VSA,LCD"
str_m1_o1_o29_f0_pcu.sym.50.out,38.288021087646484,XGBoost,"VSA,LCD"
str_m1_o14_o29_f0_pcu.sym.32.out,38.58442306518555,XGBoost,"VSA,LCD"
BOQQAB_CSD17,38.238983154296875,XGBoost,"VSA,LCD"
str_m1_o2_o25_f0_pcu.sym.15.out,38.544334411621094,XGBoost,"VSA,LCD"
str_m1_o23_o25_f0_pcu.sym.65.out,43.477012634277344,XGBoost,"VSA,LCD"
SAHYIK_CSD17,38.03925704956055,XGBoost,"VSA,LCD"
dia_A_Syn025963,38.55992126464844,XGBoost,"VSA,LCD"
str_m1_o11_o17_f0_pcu.sym.103.out,40.26227569580078,XGBoost,"VSA,LCD"
str_m1_o17_o19_f0_pcu.sym.17.out,39.745384216308594,XGBoost,"VSA,LCD"
str_m1_o23_o25_f0_pcu.sym.60.out,41.95077133178711,XGBoost,"VSA,LCD"
str_m1_o4_o6_f0_pcu.sym.61.out,39.244441986083984,XGBoost,"VSA,LCD"
MIBQAR17_CSD17,38.8605842590332,XGBoost,"VSA,LCD"
str_m3_o23_o23_f0_pcu.sym.42.out,39.348445892333984,XGBoost,"VSA,LCD"
MIBQAR14_CSD17,38.8605842590332,XGBoost,"VSA,LCD"
str_m1_o1_o29_f0_pcu.sym.149.out,39.06247329711914,XGBoost,"VSA,LCD"
str_m1_o17_o20_f0_pcu.sym.10.out,38.164676666259766,XGBoost,"VSA,LCD"
str_m1_o6_o15_f0_pcu.sym.13.out,41.399539947509766,XGBoost,"VSA,LCD"
MIBQAR16_CSD17,38.06325149536133,XGBoost,"VSA,LCD"
str_m1_o25_o27_f0_pcu.sym.26.out,40.0622444152832,XGBoost,"VSA,LCD"
str_m2_o1_o29_f0_nbo.sym.19.out,39.806724548339844,XGBoost,"VSA,LCD"
str_m1_o1_o7_f0_pcu.sym.155.out,38.40047073364258,XGBoost,"VSA,LCD"
NAYZOE_CoRE,41.43965148925781,XGBoost,"VSA,LCD"
EDUSIF_UM,38.029354095458984,XGBoost,"VSA,LCD"
str_m1_o23_o24_f0_pcu.sym.170.out,38.167118072509766,XGBoost,"VSA,LCD"
str_m1_o24_o29_f0_pcu.sym.8.out,40.453433990478516,XGBoost,"VSA,LCD"
str_m1_o4_o6_f0_pcu.sym.42.out,39.45829772949219,XGBoost,"VSA,LCD"
str_m1_o11_o17_f0_pcu.sym.218.out,39.582706451416016,XGBoost,"VSA,LCD"
str_m1_o2_o17_f0_pcu.sym.123.out,41.12879180908203,XGBoost,"VSA,LCD"
str_m1_o25_o25_f0_pcu.sym.129.out,39.393558502197266,XGBoost,"VSA,LCD"
str_m2_o5_o27_f0_nbo.sym.80.out,38.55516815185547,XGBoost,"VSA,LCD"
MIBQAR_CoRE,38.03925704956055,XGBoost,"VSA,LCD"
PEVQAK_CoRE,38.46551513671875,XGBoost,"VSA,LCD"
pcu_A_Syn028127,44.55815124511719,XGBoost,"VSA,LCD"
str_m1_o9_o23_f0_pcu.sym.80.out,38.78379440307617,XGBoost,"VSA,LCD"
SAHYIK_CoRE,38.13045883178711,XGBoost,"VSA,LCD"
str_m1_o23_o23_f0_pcu.sym.69.out,43.485225677490234,XGBoost,"VSA,LCD"
str_m1_o11_o17_f0_pcu.sym.115.out,39.185279846191406,XGBoost,"VSA,LCD"
str_m2_o17_o19_f0_nbo.sym.108.out,38.613014221191406,XGBoost,"VSA,LCD"
mof_11207,40.36521530151367,XGBoost,"VSA,LCD"
CAVPUM_CoRE,38.606327056884766,XGBoost,"VSA,LCD"
str_m2_o1_o19_f0_nbo.sym.11.out,40.66688537597656,XGBoost,"VSA,LCD"
str_m1_o17_o24_f0_pcu.sym.16.out,44.17465591430664,XGBoost,"VSA,LCD"
pcu_A_Syn030625,39.806724548339844,XGBoost,"VSA,LCD"
str_m1_o25_o25_f0_pcu.sym.124.out,39.05231475830078,XGBoost,"VSA,LCD"
IYOWID_CoRE,38.62373352050781,XGBoost,"VSA,LCD"
CAVPEW_CoRE,38.415748596191406,XGBoost,"VSA,LCD"
VUSKIE_CSD17,39.39246368408203,XGBoost,"VSA,LCD"
str_m3_o1_o19_f0_nbo.sym.32.out,40.488670349121094,XGBoost,"VSA,LCD"
str_m3_o1_o19_f0_nbo.sym.35.out,40.149742126464844,XGBoost,"VSA,LCD"
str_m3_o19_o24_f0_nbo.sym.65.out,38.02666473388672,XGBoost,"VSA,LCD"
str_m3_o25_o27_f0_pcu.sym.2.out,39.40677261352539,XGBoost,"VSA,LCD"
str_m1_o7_o24_f0_pcu.sym.35.out,38.02704620361328,XGBoost,"VSA,LCD"
str_m3_o3_o5_f0_pcu.sym.13.out,38.19765853881836,XGBoost,"VSA,LCD"
UNIGEE_CoRE,39.39246368408203,XGBoost,"VSA,LCD"
LATFOC_UM,38.06325149536133,XGBoost,"VSA,LCD"
str_m1_o6_o9_f0_pcu.sym.171.out,39.67434310913086,XGBoost,"VSA,LCD"
Syn039553,38.09016418457031,XGBoost,"VSA,LCD"
mof_6828,39.74797058105469,XGBoost,"VSA,LCD"
ICAQIO_CoRE,38.415748596191406,XGBoost,"VSA,LCD"
str_m3_o24_o28_f0_nbo.sym.93.out,38.08697509765625,XGBoost,"VSA,LCD"
str_m1_o3_o24_f0_pcu.sym.37.out,38.22117233276367,XGBoost,"VSA,LCD"
str_m1_o1_o7_f0_pcu.sym.13.out,39.69258117675781,XGBoost,"VSA,LCD"
lvt_Syn023608,38.4937629699707,XGBoost,"VSA,LCD"
str_m1_o24_o29_f0_pcu.sym.10.out,40.22831344604492,XGBoost,"VSA,LCD"
str_m1_o24_o27_f0_pcu.sym.83.out,38.65412902832031,XGBoost,"VSA,LCD"
str_m2_o1_o2_f0_nbo.sym.98.out,41.91805648803711,XGBoost,"VSA,LCD"
ICAROV_CoRE,38.62373352050781,XGBoost,"VSA,LCD"
str_m1_o1_o6_f0_pcu.sym.79.out,40.04029846191406,XGBoost,"VSA,LCD"
str_m1_o22_o29_f0_pcu.sym.47.out,38.293296813964844,XGBoost,"VSA,LCD"
CAVPIA_CoRE,38.728416442871094,XGBoost,"VSA,LCD"
PEVQEO_CSD17,38.13330841064453,XGBoost,"VSA,LCD"
str_m1_o9_o23_f0_pcu.sym.109.out,38.35253143310547,XGBoost,"VSA,LCD"
str_m1_o2_o17_f0_pcu.sym.118.out,41.35993576049805,XGBoost,"VSA,LCD"
str_m1_o7_o17_f0_pcu.sym.102.out,38.5513916015625,XGBoost,"VSA,LCD"
pcu_A_Syn014311,44.0968132019043,XGBoost,"VSA,LCD"
lvt_Syn021781,38.52499771118164,XGBoost,"VSA,LCD"
str_m1_o1_o17_f0_pcu.sym.51.out,38.26875686645508,XGBoost,"VSA,LCD"
str_m1_o23_o23_f0_pcu.sym.45.out,41.932159423828125,XGBoost,"VSA,LCD"
str_m3_o19_o28_f0_nbo.sym.55.out,38.51216506958008,XGBoost,"VSA,LCD"
PEVQIS_CoRE,38.040462493896484,XGBoost,"VSA,LCD"
str_m1_o25_o25_f0_pcu.sym.21.out,39.6645393371582,XGBoost,"VSA,LCD"
str_m1_o17_o24_f0_pcu.sym.70.out,44.52009963989258,XGBoost,"VSA,LCD"
str_m1_o1_o17_f0_pcu.sym.42.out,38.02567672729492,XGBoost,"VSA,LCD"
str_m1_o6_o29_f0_pcu.sym.151.out,38.89959716796875,XGBoost,"VSA,LCD"
lvt_Syn039230,38.762020111083984,XGBoost,"VSA,LCD"
str_m2_o1_o3_f0_nbo.sym.46.out,42.0324821472168,XGBoost,"VSA,LCD"
str_m1_o1_o29_f0_pcu.sym.57.out,38.67047119140625,XGBoost,"VSA,LCD"
str_m1_o1_o29_f0_pcu.sym.34.out,38.30540084838867,XGBoost,"VSA,LCD"
ICAQOU_CoRE,38.25491714477539,XGBoost,"VSA,LCD"
PEVQEO_CoRE,38.13330841064453,XGBoost,"VSA,LCD"
pcu_A_Syn032133,43.42195129394531,XGBoost,"VSA,LCD"
mof_6943,39.40066909790039,XGBoost,"VSA,LCD"
nbo_Syn035346,42.980838775634766,XGBoost,"VSA,LCD"
str_m1_o22_o29_f0_pcu.sym.65.out,39.02457046508789,XGBoost,"VSA,LCD"
str_m2_o1_o28_f0_nbo.sym.20.out,42.767425537109375,XGBoost,"VSA,LCD"
str_m2_o1_o17_f0_nbo.sym.43.out,38.871395111083984,XGBoost,"VSA,LCD"
str_m1_o2_o19_f0_pcu.sym.34.out,38.22334671020508,XGBoost,"VSA,LCD"
str_m3_o3_o19_f0_pcu.sym.59.out,38.114662170410156,XGBoost,"VSA,LCD"
hypotheticalMOF_5033587_i_0_j_29_k_29_m_13_cat_1,38.29241180419922,XGBoost,"VSA,LCD"
pcu_A_Syn025555,41.32655715942383,XGBoost,"VSA,LCD"
str_m1_o1_o6_f0_pcu.sym.60.out,39.31943130493164,XGBoost,"VSA,LCD"
str_m1_o2_o9_f0_pcu.sym.43.out,38.270328521728516,XGBoost,"VSA,LCD"
str_m1_o4_o6_f0_pcu.sym.179.out,38.21998596191406,XGBoost,"VSA,LCD"
PEVQOY_CoRE,38.038177490234375,XGBoost,"VSA,LCD"
str_m2_o1_o3_f0_nbo.sym.33.out,42.098323822021484,XGBoost,"VSA,LCD"
str_m1_o23_o25_f0_pcu.sym.120.out,41.66346740722656,XGBoost,"VSA,LCD"
str_m1_o3_o5_f0_pcu.sym.31.out,41.61281204223633,XGBoost,"VSA,LCD"
str_m1_o24_o29_f0_pcu.sym.7.out,38.51796340942383,XGBoost,"VSA,LCD"
str_m1_o25_o25_f0_pcu.sym.83.out,39.22928237915039,XGBoost,"VSA,LCD"
pcu_A_Syn027661,43.59762954711914,XGBoost,"VSA,LCD"
str_m3_o30_o31_f0_tbo.sym.76.out,38.08697509765625,XGBoost,"VSA,LCD"
str_m1_o2_o7_f0_pcu.sym.23.out,38.940589904785156,XGBoost,"VSA,LCD"
str_m2_o1_o28_f0_nbo.sym.37.out,43.22159957885742,XGBoost,"VSA,LCD"
str_m2_o3_o5_f0_pcu.sym.51.out,38.156959533691406,XGBoost,"VSA,LCD"
str_m1_o24_o29_f0_pcu.sym.6.out,39.752784729003906,XGBoost,"VSA,LCD"
str_m2_o1_o25_f0_nbo.sym.20.out,39.97257995605469,XGBoost,"VSA,LCD"
str_m2_o11_o19_f0_nbo.sym.130.out,38.61386489868164,XGBoost,"VSA,LCD"
mof_5930,40.02836990356445,XGBoost,"VSA,LCD"
str_m3_o3_o5_f0_pcu.sym.23.out,39.36743927001953,XGBoost,"VSA,LCD"
str_m3_o3_o5_f0_pcu.sym.124.out,38.37864303588867,XGBoost,"VSA,LCD"
str_m1_o11_o17_f0_pcu.sym.51.out,39.972618103027344,XGBoost,"VSA,LCD"
mof_5158,40.28132247924805,XGBoost,"VSA,LCD"
str_m2_o1_o2_f0_nbo.sym.2.out,40.95887756347656,XGBoost,"VSA,LCD"
str_m1_o2_o17_f0_pcu.sym.82.out,40.09049987792969,XGBoost,"VSA,LCD"
str_m1_o3_o15_f0_pcu.sym.40.out,39.95823287963867,XGBoost,"VSA,LCD"
LUKLIN_CSD17,38.25989532470703,XGBoost,"VSA,LCD"
str_m3_o30_o31_f0_tbo.sym.72.out,39.60116958618164,XGBoost,"VSA,LCD"
str_m3_o1_o2_f0_nbo.sym.80.out,40.05552291870117,XGBoost,"VSA,LCD"
str_m1_o1_o29_f0_pcu.sym.43.out,38.61386489868164,XGBoost,"VSA,LCD"
str_m3_o1_o29_f0_nbo.sym.6.out,41.231056213378906,XGBoost,"VSA,LCD"
mof_3259,44.34966278076172,XGBoost,"VSA,LCD"
UVUFEX_UM,40.54988098144531,XGBoost,"VSA,LCD"
str_m1_o7_o20_f0_pcu.sym.63.out,38.22334671020508,XGBoost,"VSA,LCD"
str_m1_o9_o25_f0_pcu.sym.251.out,38.57113265991211,XGBoost,"VSA,LCD"
PODKOK_CSD17,44.57342529296875,XGBoost,"VSA,LCD"
str_m3_o3_o5_f0_pcu.sym.97.out,38.77141189575195,XGBoost,"VSA,LCD"
str_m3_o1_o17_f0_nbo.sym.209.out,40.50752639770508,XGBoost,"VSA,LCD"
str_m3_o1_o17_f0_nbo.sym.2.out,39.31446838378906,XGBoost,"VSA,LCD"
str_m3_o1_o3_f0_nbo.sym.70.out,40.62883758544922,XGBoost,"VSA,LCD"
mof_2383,38.98954391479492,XGBoost,"VSA,LCD"
str_m3_o1_o25_f0_nbo.sym.31.out,40.72517013549805,XGBoost,"VSA,LCD"
str_m3_o17_o19_f0_nbo.sym.120.out,43.90468978881836,XGBoost,"VSA,LCD"
mof_3115,42.20946502685547,XGBoost,"VSA,LCD"
str_m1_o11_o17_f0_pcu.sym.177.out,38.32373046875,XGBoost,"VSA,LCD"
pcu_A_Syn029020,40.77168273925781,XGBoost,"VSA,LCD"
str_m1_o2_o15_f0_pcu.sym.52.out,38.271690368652344,XGBoost,"VSA,LCD"
str_m1_o24_o28_f0_pcu.sym.72.out,38.04728317260742,XGBoost,"VSA,LCD"
mof_3208,40.395755767822266,XGBoost,"VSA,LCD"
pcu_A_Syn020555,40.66688537597656,XGBoost,"VSA,LCD"
pcu_A_Syn025823,41.10236358642578,XGBoost,"VSA,LCD"
str_m1_o1_o17_f0_pcu.sym.44.out,38.612098693847656,XGBoost,"VSA,LCD"
str_m3_o2_o2_f0_nbo.sym.9.out,44.64885330200195,XGBoost,"VSA,LCD"
str_m2_o14_o19_f0_nbo.sym.45.out,38.51756286621094,XGBoost,"VSA,LCD"
pcu_A_Syn018067,42.1714973449707,XGBoost,"VSA,LCD"
pcu_A_Syn011363,44.96782302856445,XGBoost,"VSA,LCD"
nbo_Syn029989,43.179874420166016,XGBoost,"VSA,LCD"
str_m3_o30_o31_f0_tbo.sym.80.out,39.526573181152344,XGBoost,"VSA,LCD"
str_m1_o3_o15_f0_pcu.sym.51.out,38.68827438354492,XGBoost,"VSA,LCD"
str_m1_o22_o28_f0_pcu.sym.42.out,38.8046989440918,XGBoost,"VSA,LCD"
pcu_A_Syn011241,42.240116119384766,XGBoost,"VSA,LCD"
str_m1_o14_o29_f0_pcu.sym.34.out,38.20586395263672,XGBoost,"VSA,LCD"
str_m2_o1_o3_f0_nbo.sym.62.out,41.541107177734375,XGBoost,"VSA,LCD"
str_m3_o1_o2_f0_nbo.sym.113.out,40.012996673583984,XGBoost,"VSA,LCD"
str_m1_o1_o28_f0_pcu.sym.53.out,38.3698616027832,XGBoost,"VSA,LCD"
str_m1_o17_o24_f0_pcu.sym.258.out,45.052852630615234,XGBoost,"VSA,LCD"
str_m2_o30_o31_f0_tbo.sym.14.out,40.06232833862305,XGBoost,"VSA,LCD"
str_m1_o25_o27_f0_pcu.sym.110.out,38.871395111083984,XGBoost,"VSA,LCD"
mof_3303,39.36599349975586,XGBoost,"VSA,LCD"
str_m1_o1_o7_f0_pcu.sym.19.out,38.272823333740234,XGBoost,"VSA,LCD"
mof_5483,38.3543815612793,XGBoost,"VSA,LCD"
str_m3_o1_o2_f0_nbo.sym.20.out,39.803733825683594,XGBoost,"VSA,LCD"
PUZLOM_CoRE,43.90618896484375,XGBoost,"VSA,LCD"
Syn008964,39.455963134765625,XGBoost,"VSA,LCD"
str_m1_o1_o15_f0_pcu.sym.171.out,38.02926254272461,XGBoost,"VSA,LCD"
PUZLOM_UM,43.74782180786133,XGBoost,"VSA,LCD"
pcu_A_Syn020808,38.26609420776367,XGBoost,"VSA,LCD"
str_m1_o11_o17_f0_pcu.sym.215.out,39.53249740600586,XGBoost,"VSA,LCD"
str_m1_o3_o5_f0_pcu.sym.22.out,39.39246368408203,XGBoost,"VSA,LCD"
str_m2_o30_o31_f0_tbo.sym.7.out,41.35501480102539,XGBoost,"VSA,LCD"
str_m1_o11_o17_f0_pcu.sym.21.out,39.244441986083984,XGBoost,"VSA,LCD"
str_m1_o11_o17_f0_pcu.sym.178.out,38.92382049560547,XGBoost,"VSA,LCD"
pcu_A_Syn022828,44.0111198425293,XGBoost,"VSA,LCD"
str_m3_o1_o2_f0_nbo.sym.152.out,40.45030975341797,XGBoost,"VSA,LCD"
str_m1_o24_o29_f0_pcu.sym.72.out,39.3857421875,XGBoost,"VSA,LCD"
mof_3302,38.91471481323242,XGBoost,"VSA,LCD"
str_m1_o3_o5_f0_pcu.sym.1.out,38.587154388427734,XGBoost,"VSA,LCD"
str_m3_o30_o58_f0_tbo.sym.9.out,38.69025802612305,XGBoost,"VSA,LCD"
str_m1_o22_o29_f0_pcu.sym.53.out,38.17768478393555,XGBoost,"VSA,LCD"
pcu_A_Syn011943,44.93186569213867,XGBoost,"VSA,LCD"
VEJHID_CSD17,40.148399353027344,XGBoost,"VSA,LCD"
str_m2_o4_o29_f0_nbo.sym.194.out,38.95633316040039,XGBoost,"VSA,LCD"
str_m1_o17_o25_f0_pcu.sym.13.out,38.21781539916992,XGBoost,"VSA,LCD"
nbo_B_Syn029532,43.316654205322266,XGBoost,"VSA,LCD"
str_m3_o1_o17_f0_nbo.sym.35.out,40.75965118408203,XGBoost,"VSA,LCD"
VUJBIM_CoRE,40.71638870239258,XGBoost,"VSA,LCD"
MUDTEL_CoRE,40.54277420043945,XGBoost,"VSA,LCD"
str_m1_o1_o17_f0_pcu.sym.6.out,38.40790939331055,XGBoost,"VSA,LCD"
str_m3_o30_o31_f0_tbo.sym.21.out,38.83481979370117,XGBoost,"VSA,LCD"
pcu_A_Syn030128,38.27064514160156,XGBoost,"VSA,LCD"
LUKLIN_UM,38.96973419189453,XGBoost,"VSA,LCD"
KOJZEP_CoRE,41.487571716308594,XGBoost,"VSA,LCD"
mof_5780,38.62570571899414,XGBoost,"VSA,LCD"
ROLZAV_CSD17,41.233924865722656,XGBoost,"VSA,LCD"
str_m3_o30_o31_f0_tbo.sym.2.out,40.76244354248047,XGBoost,"VSA,LCD"
str_m1_o1_o6_f0_pcu.sym.74.out,39.14503479003906,XGBoost,"VSA,LCD"
str_m1_o4_o17_f0_pcu.sym.3.out,38.81578826904297,XGBoost,"VSA,LCD"
PUZLUS_CoRE,38.21998596191406,XGBoost,"VSA,LCD"
VUJBEI_CSD17,40.49528503417969,XGBoost,"VSA,LCD"
mof_5898,38.27133560180664,XGBoost,"VSA,LCD"
str_m2_o1_o7_f0_nbo.sym.9.out,42.0274543762207,XGBoost,"VSA,LCD"
VUJBEI_CoRE,40.49528503417969,XGBoost,"VSA,LCD"
MUDTAH_CoRE,40.54277420043945,XGBoost,"VSA,LCD"
MUDTAH_CSD17,40.71638870239258,XGBoost,"VSA,LCD"
mof_3256,44.643028259277344,XGBoost,"VSA,LCD"
ZIJSAO_CSD17,41.36151123046875,XGBoost,"VSA,LCD"
str_m2_o30_o32_f0_tbo.sym.80.out,38.050682067871094,XGBoost,"VSA,LCD"
str_m1_o15_o29_f0_pcu.sym.162.out,38.529136657714844,XGBoost,"VSA,LCD"
mof_5984,38.332237243652344,XGBoost,"VSA,LCD"
mof_5897,38.50738525390625,XGBoost,"VSA,LCD"
str_m2_o32_o58_f0_rht.sym.3.out,39.9196662902832,XGBoost,"VSA,LCD"
mof_3301,40.61149978637695,XGBoost,"VSA,LCD"
str_m2_o32_o58_f0_rht.sym.115.out,39.10931396484375,XGBoost,"VSA,LCD"
pcu_A_Syn025729,43.5583610534668,XGBoost,"VSA,LCD"
str_m1_o15_o29_f0_pcu.sym.20.out,39.10031509399414,XGBoost,"VSA,LCD"
str_m1_o9_o17_f0_pcu.sym.29.out,39.32334518432617,XGBoost,"VSA,LCD"
str_m1_o14_o29_f0_pcu.sym.10.out,38.595130920410156,XGBoost,"VSA,LCD"
pcu_A_Syn024162,40.154544830322266,XGBoost,"VSA,LCD"
WAVROC_CoRE,38.77928161621094,XGBoost,"VSA,LCD"
IGAGUU_CSD17,42.787288665771484,XGBoost,"VSA,LCD"
mof_5889,38.014286041259766,XGBoost,"VSA,LCD"
str_m2_o17_o17_f0_nbo.sym.5.out,44.66096496582031,XGBoost,"VSA,LCD"
pcu_A_Syn029513,39.73738098144531,XGBoost,"VSA,LCD"
str_m1_o3_o5_f0_pcu.sym.18.out,38.04728317260742,XGBoost,"VSA,LCD"
mof_2382,41.6190185546875,XGBoost,"VSA,LCD"
REWNEO_CoRE,44.14128112792969,XGBoost,"VSA,LCD"
REWNEO_CSD17,41.362545013427734,XGBoost,"VSA,LCD"
WUKXEH_CSD17,41.07001495361328,XGBoost,"VSA,LCD"
str_m1_o2_o25_f0_pcu.sym.128.out,40.930049896240234,XGBoost,"VSA,LCD"
ACUFEK_CoRE,39.912139892578125,XGBoost,"VSA,LCD"
mof_5829,38.4883918762207,XGBoost,"VSA,LCD"
str_m1_o3_o15_f0_pcu.sym.42.out,38.65545654296875,XGBoost,"VSA,LCD"
str_m3_o17_o19_f0_nbo.sym.12.out,41.66346740722656,XGBoost,"VSA,LCD"
RAHNOF_CoRE,40.69596481323242,XGBoost,"VSA,LCD"
PEWLUA_CoRE,44.793983459472656,XGBoost,"VSA,LCD"
mof_8684,38.13761901855469,XGBoost,"VSA,LCD"
str_m1_o1_o15_f0_pcu.sym.235.out,38.02926254272461,XGBoost,"VSA,LCD"
KOJZIT_CoRE,42.15944290161133,XGBoost,"VSA,LCD"
REWNEO01_CoRE,42.999305725097656,XGBoost,"VSA,LCD"
REWNEO01_CSD17,44.56993865966797,XGBoost,"VSA,LCD"
ADASIJ_CoRE,40.97488021850586,XGBoost,"VSA,LCD"
str_m3_o30_o31_f0_tbo.sym.24.out,41.93721389770508,XGBoost,"VSA,LCD"
IGAGUU_CoRE,42.062782287597656,XGBoost,"VSA,LCD"
YEYCUC_CoRE,39.79297637939453,XGBoost,"VSA,LCD"
YEYCUC_CSD17,39.780677795410156,XGBoost,"VSA,LCD"
ADASOP_CoRE,41.2673225402832,XGBoost,"VSA,LCD"
ADASUV_CoRE,41.14320755004883,XGBoost,"VSA,LCD"
ADASOP_CSD17,40.34935760498047,XGBoost,"VSA,LCD"
ADUWON_CSD17,42.572654724121094,XGBoost,"VSA,LCD"
hypotheticalMOF_5057152_i_1_j_29_k_9_m_11,39.3758659362793,XGBoost,"VSA,LCD"
mof_5882,41.04084777832031,XGBoost,"VSA,LCD"
SIZPUN_CSD17,39.72785949707031,XGBoost,"VSA,LCD"
SIZPUN_CoRE,40.566097259521484,XGBoost,"VSA,LCD"
HIYGIH_CSD17,38.31085205078125,XGBoost,"VSA,LCD"
HIKSIF_CSD17,39.209651947021484,XGBoost,"VSA,LCD"
NU-Por_4PT_4Ac-ftw,38.35318243758535,LinearRegression,"VSA,PLD"
hypotheticalMOF_5078834_i_2_j_28_k_4_m_4,38.48528127279806,LinearRegression,"VSA,PLD"
MOF-5_cooh_2_2738_1_basic_opt,43.053287506103516,XGBoost,"VSA,PLD"
hypotheticalMOF_5066026_i_2_j_21_k_21_m_1,38.26164245605469,XGBoost,"VSA,PLD"
hypotheticalMOF_5039807_i_1_j_21_k_12_m_1,38.537269592285156,XGBoost,"VSA,PLD"
hypotheticalMOF_5041090_i_1_j_21_k_21_m_9,38.55986404418945,XGBoost,"VSA,PLD"
hypotheticalMOF_5039943_i_1_j_21_k_12_m_9,38.537269592285156,XGBoost,"VSA,PLD"
AHAZAM_CSD17,39.843963623046875,XGBoost,"VSA,PLD"
hypotheticalMOF_5066070_i_2_j_21_k_21_m_3,38.74672317504883,XGBoost,"VSA,PLD"
hypotheticalMOF_5040953_i_1_j_21_k_21_m_1,38.44041061401367,XGBoost,"VSA,PLD"
str_m1_o3_o5_f0_pcu.sym.5.out,38.119686126708984,XGBoost,"VSA,PLD"
hypotheticalMOF_5064119_i_2_j_21_k_5_m_2,38.29393768310547,XGBoost,"VSA,PLD"
hypotheticalMOF_5018537_i_0_j_25_k_19_m_2,38.55986404418945,XGBoost,"VSA,PLD"
hypotheticalMOF_5064999_i_2_j_21_k_12_m_9,38.08912658691406,XGBoost,"VSA,PLD"
hypotheticalMOF_5066165_i_2_j_21_k_21_m_10,38.17448425292969,XGBoost,"VSA,PLD"
hypotheticalMOF_5043962_i_1_j_23_k_20_m_1,38.09590530395508,XGBoost,"VSA,PLD"
NU-2_P_4PTT_Por_PTT-ftw,39.66919708251953,XGBoost,"VSA,PLD"
hypotheticalMOF_5017757_i_0_j_25_k_11_m_11,38.21583557128906,XGBoost,"VSA,PLD"
hypotheticalMOF_5016771_i_0_j_25_k_4_m_9,38.18368148803711,XGBoost,"VSA,PLD"
hypotheticalMOF_5041082_i_1_j_21_k_21_m_9,38.077880859375,XGBoost,"VSA,PLD"
hypotheticalMOF_5064131_i_2_j_21_k_5_m_3,38.480796813964844,XGBoost,"VSA,PLD"
str_m1_o8_o12_f0_pcu.sym.193.out,38.62150192260742,XGBoost,"VSA,PLD"
hypotheticalMOF_6089_i_0_j_10_k_5_m_5,38.12820053100586,XGBoost,"VSA,PLD"
VAGMEX_CSD17,38.322532653808594,XGBoost,"VSA,PLD"
hypotheticalMOF_5018596_i_0_j_25_k_19_m_5,38.29393768310547,XGBoost,"VSA,PLD"
hypotheticalMOF_5013038_i_0_j_23_k_19_m_14,38.52756881713867,XGBoost,"VSA,PLD"
hypotheticalMOF_5016692_i_0_j_25_k_4_m_1,38.13765335083008,XGBoost,"VSA,PLD"
VAGMEX_UM,38.80845260620117,XGBoost,"VSA,PLD"
hypotheticalMOF_5007223_i_0_j_21_k_9_m_4,38.17448425292969,XGBoost,"VSA,PLD"
hypotheticalMOF_5012230_i_0_j_23_k_11_m_1,38.55986404418945,XGBoost,"VSA,PLD"
NU-TPE-4TT-scu-l,39.7205696105957,XGBoost,"VSA,PLD"
str_m1_o3_o4_f0_pcu.sym.16.out,38.63445281982422,XGBoost,"VSA,PLD"
hypotheticalMOF_5018695_i_0_j_25_k_19_m_14,38.956687927246094,XGBoost,"VSA,PLD"
hypotheticalMOF_5046634_i_1_j_25_k_5_m_1,38.01789855957031,XGBoost,"VSA,PLD"
hypotheticalMOF_5040003_i_1_j_21_k_12_m_14,38.10560607910156,XGBoost,"VSA,PLD"
hypotheticalMOF_5013373_i_0_j_23_k_21_m_10,40.47195816040039,XGBoost,"VSA,PLD"
str_m1_o3_o22_f0_pcu.sym.1.out,39.16932678222656,XGBoost,"VSA,PLD"
NU-TPE-4TT-scu-s,38.8819580078125,XGBoost,"VSA,PLD"
hypotheticalMOF_5064133_i_2_j_21_k_5_m_3,38.17448425292969,XGBoost,"VSA,PLD"
hypotheticalMOF_5012152_i_0_j_23_k_10_m_1,40.464725494384766,XGBoost,"VSA,PLD"
hypotheticalMOF_5144_i_0_j_9_k_5_m_4,38.236534118652344,XGBoost,"VSA,PLD"
hypotheticalMOF_5145_i_0_j_9_k_5_m_4,39.300716400146484,XGBoost,"VSA,PLD"
hypotheticalMOF_1859_i_0_j_5_k_4_m_4,38.27134323120117,XGBoost,"VSA,PLD"
hypotheticalMOF_21730_i_1_j_11_k_5_m_1,38.035884857177734,XGBoost,"VSA,PLD"
hypotheticalMOF_28719_i_2_j_5_k_5_m_3,38.059688568115234,XGBoost,"VSA,PLD"
hypotheticalMOF_5120_i_0_j_9_k_5_m_2,38.52756881713867,XGBoost,"VSA,PLD"
hypotheticalMOF_5053124_i_1_j_27_k_21_m_9,38.26164245605469,XGBoost,"VSA,PLD"
hypotheticalMOF_5124_i_0_j_9_k_5_m_3,39.98997497558594,XGBoost,"VSA,PLD"
hypotheticalMOF_5012232_i_0_j_23_k_11_m_1,38.209922790527344,XGBoost,"VSA,PLD"
hypotheticalMOF_5116_i_0_j_9_k_5_m_2,38.224971771240234,XGBoost,"VSA,PLD"
hypotheticalMOF_5018591_i_0_j_25_k_19_m_5,38.15133285522461,XGBoost,"VSA,PLD"
hypotheticalMOF_5012150_i_0_j_23_k_10_m_1,40.508056640625,XGBoost,"VSA,PLD"
hypotheticalMOF_21797_i_1_j_11_k_5_m_9,38.06968688964844,XGBoost,"VSA,PLD"
hypotheticalMOF_5011488_i_0_j_23_k_4_m_1,40.32935333251953,XGBoost,"VSA,PLD"
str_m1_o8_o21_f0_pcu.sym.102.out,38.119686126708984,XGBoost,"VSA,PLD"
str_m1_o3_o24_f0_pcu.sym.1.out,38.167423248291016,XGBoost,"VSA,PLD"
hypotheticalMOF_5016253_i_0_j_25_k_0_m_7,38.236534118652344,XGBoost,"VSA,PLD"
hypotheticalMOF_5019382_i_0_j_25_k_23_m_14,41.41741943359375,XGBoost,"VSA,PLD"
hypotheticalMOF_21734_i_1_j_11_k_5_m_1,38.30181121826172,XGBoost,"VSA,PLD"
str_m1_o8_o10_f0_pcu.sym.11.out,39.07265090942383,XGBoost,"VSA,PLD"
hypotheticalMOF_5048677_i_1_j_25_k_25_m_1,38.22563171386719,XGBoost,"VSA,PLD"
hypotheticalMOF_5050731_i_1_j_26_k_25_m_1,38.977386474609375,XGBoost,"VSA,PLD"
hypotheticalMOF_5070630_i_2_j_24_k_20_m_0,38.315059661865234,XGBoost,"VSA,PLD"
hypotheticalMOF_5067900_i_2_j_23_k_5_m_1,38.25486373901367,XGBoost,"VSA,PLD"
hypotheticalMOF_5073521_i_2_j_25_k_25_m_1,38.43049621582031,XGBoost,"VSA,PLD"
hypotheticalMOF_5011489_i_0_j_23_k_4_m_1,38.61011505126953,XGBoost,"VSA,PLD"
hypotheticalMOF_5011485_i_0_j_23_k_4_m_1,38.61011505126953,XGBoost,"VSA,PLD"
hypotheticalMOF_5072235_i_2_j_25_k_12_m_1,38.21135711669922,XGBoost,"VSA,PLD"
str_m1_o3_o24_f0_pcu.sym.3.out,39.12522506713867,XGBoost,"VSA,PLD"
hypotheticalMOF_5013036_i_0_j_23_k_19_m_14,38.15133285522461,XGBoost,"VSA,PLD"
hypotheticalMOF_5018271_i_0_j_25_k_16_m_9,39.21265411376953,XGBoost,"VSA,PLD"
hypotheticalMOF_5136_i_0_j_9_k_5_m_3,38.209922790527344,XGBoost,"VSA,PLD"
mof_4859,38.41518783569336,XGBoost,"VSA,PLD"
NU-Py-4TT-scu-l,39.7205696105957,XGBoost,"VSA,PLD"
NU-Py-4TT-scu-s,40.522884368896484,XGBoost,"VSA,PLD"
hypotheticalMOF_5016653_i_0_j_25_k_3_m_9,38.950775146484375,XGBoost,"VSA,PLD"
hypotheticalMOF_5015842_i_0_j_24_k_21_m_3,38.10560607910156,XGBoost,"VSA,PLD"
NU-TPE-4PT-scu-s,39.23054885864258,XGBoost,"VSA,PLD"
hypotheticalMOF_5042907_i_1_j_23_k_5_m_3,38.956687927246094,XGBoost,"VSA,PLD"
hypotheticalMOF_5047321_i_1_j_25_k_12_m_1,38.16456985473633,XGBoost,"VSA,PLD"
hypotheticalMOF_5112_i_0_j_9_k_5_m_2,38.55986404418945,XGBoost,"VSA,PLD"
hypotheticalMOF_5067962_i_2_j_23_k_5_m_9,38.977386474609375,XGBoost,"VSA,PLD"
hypotheticalMOF_5072247_i_2_j_25_k_12_m_1,38.28594970703125,XGBoost,"VSA,PLD"
hypotheticalMOF_5013310_i_0_j_23_k_21_m_5,38.236534118652344,XGBoost,"VSA,PLD"
hypotheticalMOF_5019410_i_0_j_25_k_24_m_2,41.43246841430664,XGBoost,"VSA,PLD"
hypotheticalMOF_5071595_i_2_j_25_k_5_m_2,38.26164245605469,XGBoost,"VSA,PLD"
hypotheticalMOF_5018020_i_0_j_25_k_14_m_1,40.14862823486328,XGBoost,"VSA,PLD"
hypotheticalMOF_5047325_i_1_j_25_k_12_m_1,38.45525360107422,XGBoost,"VSA,PLD"
hypotheticalMOF_23149_i_1_j_13_k_5_m_1,38.52756881713867,XGBoost,"VSA,PLD"
hypotheticalMOF_5014138_i_0_j_24_k_5_m_3,38.55986404418945,XGBoost,"VSA,PLD"
str_m3_o26_o26_f0_pcu.sym.23.out,38.47998809814453,XGBoost,"VSA,PLD"
hypotheticalMOF_5011104_i_0_j_23_k_0_m_1,41.698848724365234,XGBoost,"VSA,PLD"
hypotheticalMOF_5019416_i_0_j_25_k_24_m_3,38.956687927246094,XGBoost,"VSA,PLD"
str_m1_o7_o9_f0_pcu.sym.246.out,38.184547424316406,XGBoost,"VSA,PLD"
hypotheticalMOF_5018014_i_0_j_25_k_14_m_1,39.98997497558594,XGBoost,"VSA,PLD"
hypotheticalMOF_5046653_i_1_j_25_k_5_m_2,38.029075622558594,XGBoost,"VSA,PLD"
hypotheticalMOF_5011429_i_0_j_23_k_3_m_1,41.76736068725586,XGBoost,"VSA,PLD"
hypotheticalMOF_5017930_i_0_j_25_k_13_m_4,41.74476623535156,XGBoost,"VSA,PLD"
hypotheticalMOF_5016251_i_0_j_25_k_0_m_7,38.077880859375,XGBoost,"VSA,PLD"
hypotheticalMOF_5143_i_0_j_9_k_5_m_4,38.17448425292969,XGBoost,"VSA,PLD"
hypotheticalMOF_5048711_i_1_j_25_k_25_m_3,38.30342102050781,XGBoost,"VSA,PLD"
hypotheticalMOF_5075523_i_2_j_26_k_25_m_1,41.44403076171875,XGBoost,"VSA,PLD"
NU-Por-4TT-scu,40.030513763427734,XGBoost,"VSA,PLD"
hypotheticalMOF_5013594_i_0_j_23_k_23_m_14,41.400699615478516,XGBoost,"VSA,PLD"
hypotheticalMOF_5011096_i_0_j_23_k_0_m_1,41.14664840698242,XGBoost,"VSA,PLD"
hypotheticalMOF_3000980_i_1_j_26_k_26_m_1,40.14862823486328,XGBoost,"VSA,PLD"
hypotheticalMOF_5042886_i_1_j_23_k_5_m_2,38.06968688964844,XGBoost,"VSA,PLD"
hypotheticalMOF_5012198_i_0_j_23_k_10_m_9,40.14862823486328,XGBoost,"VSA,PLD"
hypotheticalMOF_5011545_i_0_j_23_k_4_m_9,38.22563171386719,XGBoost,"VSA,PLD"
hypotheticalMOF_5011155_i_0_j_23_k_0_m_9,40.1279296875,XGBoost,"VSA,PLD"
hypotheticalMOF_3000978_i_1_j_26_k_26_m_1,40.449363708496094,XGBoost,"VSA,PLD"
hypotheticalMOF_5050764_i_1_j_26_k_25_m_3,38.449981689453125,XGBoost,"VSA,PLD"
str_m1_o3_o5_f0_pcu.sym.66.out,39.421600341796875,XGBoost,"VSA,PLD"
hypotheticalMOF_5047366_i_1_j_25_k_12_m_3,38.4772834777832,XGBoost,"VSA,PLD"
hypotheticalMOF_5028113_i_0_j_28_k_12_m_11_cat_1,38.956687927246094,XGBoost,"VSA,PLD"
hypotheticalMOF_3001002_i_1_j_26_k_26_m_3,38.49155807495117,XGBoost,"VSA,PLD"
hypotheticalMOF_5019417_i_0_j_25_k_24_m_4,39.92808151245117,XGBoost,"VSA,PLD"
hypotheticalMOF_5013588_i_0_j_23_k_23_m_14,40.464725494384766,XGBoost,"VSA,PLD"
hypotheticalMOF_3001006_i_1_j_26_k_26_m_3,38.077880859375,XGBoost,"VSA,PLD"
hypotheticalMOF_3001045_i_1_j_26_k_26_m_9,40.464725494384766,XGBoost,"VSA,PLD"
hypotheticalMOF_5067955_i_2_j_23_k_5_m_7,38.225425720214844,XGBoost,"VSA,PLD"
hypotheticalMOF_3000986_i_1_j_26_k_26_m_1,38.92453384399414,XGBoost,"VSA,PLD"
hypotheticalMOF_5013387_i_0_j_23_k_21_m_14,41.43246841430664,XGBoost,"VSA,PLD"
hypotheticalMOF_5071861_i_2_j_25_k_7_m_1,38.015987396240234,XGBoost,"VSA,PLD"
hypotheticalMOF_5013589_i_0_j_23_k_23_m_14,42.2457160949707,XGBoost,"VSA,PLD"
hypotheticalMOF_5050803_i_1_j_26_k_25_m_9,40.43966293334961,XGBoost,"VSA,PLD"
str_m1_o3_o14_f0_pcu.sym.15.out,38.13705062866211,XGBoost,"VSA,PLD"
hypotheticalMOF_5011100_i_0_j_23_k_0_m_1,41.43246841430664,XGBoost,"VSA,PLD"
hypotheticalMOF_5048693_i_1_j_25_k_25_m_2,38.30342102050781,XGBoost,"VSA,PLD"
hypotheticalMOF_3001010_i_1_j_26_k_26_m_4,38.81873321533203,XGBoost,"VSA,PLD"
hypotheticalMOF_5012270_i_0_j_23_k_11_m_4,38.27134323120117,XGBoost,"VSA,PLD"
hypotheticalMOF_5013586_i_0_j_23_k_23_m_10,42.86642837524414,XGBoost,"VSA,PLD"
hypotheticalMOF_5019367_i_0_j_25_k_23_m_10,42.52239990234375,XGBoost,"VSA,PLD"
hypotheticalMOF_3001053_i_1_j_26_k_26_m_9,39.93232345581055,XGBoost,"VSA,PLD"
hypotheticalMOF_3000984_i_1_j_26_k_26_m_1,38.956687927246094,XGBoost,"VSA,PLD"
hypotheticalMOF_3000996_i_1_j_26_k_26_m_2,38.18405532836914,XGBoost,"VSA,PLD"
hypotheticalMOF_5013407_i_0_j_23_k_22_m_1,39.93232345581055,XGBoost,"VSA,PLD"
hypotheticalMOF_3001000_i_1_j_26_k_26_m_3,38.18405532836914,XGBoost,"VSA,PLD"
hypotheticalMOF_25122_i_1_j_16_k_5_m_0,38.52756881713867,XGBoost,"VSA,PLD"
hypotheticalMOF_5016032_i_0_j_24_k_23_m_1,41.22348403930664,XGBoost,"VSA,PLD"
hypotheticalMOF_5073418_i_2_j_25_k_23_m_9,38.60423278808594,XGBoost,"VSA,PLD"
str_m1_o3_o9_f0_pcu.sym.17.out,38.763771057128906,XGBoost,"VSA,PLD"
hypotheticalMOF_3001030_i_1_j_26_k_26_m_7,39.13434600830078,XGBoost,"VSA,PLD"
hypotheticalMOF_3000992_i_1_j_26_k_26_m_2,38.189327239990234,XGBoost,"VSA,PLD"
hypotheticalMOF_5013596_i_0_j_23_k_23_m_14,42.74697494506836,XGBoost,"VSA,PLD"
hypotheticalMOF_5016036_i_0_j_24_k_23_m_1,41.34784698486328,XGBoost,"VSA,PLD"
hypotheticalMOF_8304_i_0_j_12_k_5_m_0,38.86910629272461,XGBoost,"VSA,PLD"
hypotheticalMOF_5013011_i_0_j_23_k_19_m_10,42.54309844970703,XGBoost,"VSA,PLD"
str_m1_o3_o9_f0_pcu.sym.136.out,38.184547424316406,XGBoost,"VSA,PLD"
hypotheticalMOF_3000982_i_1_j_26_k_26_m_1,41.600990295410156,XGBoost,"VSA,PLD"
hypotheticalMOF_3000994_i_1_j_26_k_26_m_2,38.01831817626953,XGBoost,"VSA,PLD"
hypotheticalMOF_3001014_i_1_j_26_k_26_m_4,39.190834045410156,XGBoost,"VSA,PLD"
hypotheticalMOF_5047362_i_1_j_25_k_12_m_3,38.30342102050781,XGBoost,"VSA,PLD"
hypotheticalMOF_3001047_i_1_j_26_k_26_m_9,38.449981689453125,XGBoost,"VSA,PLD"
MOF-5_cooh_2_993_2_basic_opt,40.464725494384766,XGBoost,"VSA,PLD"
hypotheticalMOF_3001051_i_1_j_26_k_26_m_9,38.84992980957031,XGBoost,"VSA,PLD"
hypotheticalMOF_5073415_i_2_j_25_k_23_m_9,38.22563171386719,XGBoost,"VSA,PLD"
mof_9033,38.62150192260742,XGBoost,"VSA,PLD"
hypotheticalMOF_5073358_i_2_j_25_k_23_m_1,38.0766487121582,XGBoost,"VSA,PLD"
hypotheticalMOF_5017902_i_0_j_25_k_13_m_2,38.17448425292969,XGBoost,"VSA,PLD"
hypotheticalMOF_5030178_i_0_j_28_k_28_m_10_cat_1,41.74476623535156,XGBoost,"VSA,PLD"
hypotheticalMOF_5030231_i_0_j_28_k_28_m_14_cat_1,41.43246841430664,XGBoost,"VSA,PLD"
hypotheticalMOF_5029293_i_0_j_28_k_22_m_10_cat_1,41.74476623535156,XGBoost,"VSA,PLD"
hypotheticalMOF_5048513_i_1_j_25_k_23_m_1,38.43049621582031,XGBoost,"VSA,PLD"
hypotheticalMOF_3001016_i_1_j_26_k_26_m_4,40.02117156982422,XGBoost,"VSA,PLD"
hypotheticalMOF_5013584_i_0_j_23_k_23_m_10,42.38444519042969,XGBoost,"VSA,PLD"
hypotheticalMOF_5030187_i_0_j_28_k_28_m_10_cat_1,41.236572265625,XGBoost,"VSA,PLD"
hypotheticalMOF_5071941_i_2_j_25_k_7_m_9,38.08912658691406,XGBoost,"VSA,PLD"
hypotheticalMOF_5067903_i_2_j_23_k_5_m_1,38.16456985473633,XGBoost,"VSA,PLD"
hypotheticalMOF_5019446_i_0_j_25_k_24_m_9,40.09577560424805,XGBoost,"VSA,PLD"
hypotheticalMOF_5033425_i_0_j_29_k_29_m_0_cat_2,39.07646560668945,XGBoost,"VSA,PLD"
hypotheticalMOF_5012487_i_0_j_23_k_14_m_1,38.965824127197266,XGBoost,"VSA,PLD"
hypotheticalMOF_5048505_i_1_j_25_k_23_m_1,40.52347183227539,XGBoost,"VSA,PLD"
hypotheticalMOF_5048566_i_1_j_25_k_23_m_9,38.33830642700195,XGBoost,"VSA,PLD"
hypotheticalMOF_5042913_i_1_j_23_k_5_m_4,38.537269592285156,XGBoost,"VSA,PLD"
hypotheticalMOF_5048691_i_1_j_25_k_25_m_2,38.538082122802734,XGBoost,"VSA,PLD"
hypotheticalMOF_5042920_i_1_j_23_k_5_m_4,38.096683502197266,XGBoost,"VSA,PLD"
hypotheticalMOF_5013578_i_0_j_23_k_23_m_10,42.843833923339844,XGBoost,"VSA,PLD"
MOF-5_cooh_2_251_3_basic_opt,41.910888671875,XGBoost,"VSA,PLD"
hypotheticalMOF_3001034_i_1_j_26_k_26_m_7,38.43049621582031,XGBoost,"VSA,PLD"
hypotheticalMOF_5048515_i_1_j_25_k_23_m_1,38.45525360107422,XGBoost,"VSA,PLD"
hypotheticalMOF_5073356_i_2_j_25_k_23_m_1,38.189327239990234,XGBoost,"VSA,PLD"
hypotheticalMOF_5046360_i_1_j_25_k_2_m_2,38.25486373901367,XGBoost,"VSA,PLD"
hypotheticalMOF_5073362_i_2_j_25_k_23_m_1,38.956687927246094,XGBoost,"VSA,PLD"
hypotheticalMOF_5080729_i_2_j_28_k_25_m_14,38.29393768310547,XGBoost,"VSA,PLD"
hypotheticalMOF_3001038_i_1_j_26_k_26_m_7,38.18405532836914,XGBoost,"VSA,PLD"
hypotheticalMOF_5073366_i_2_j_25_k_23_m_1,38.0766487121582,XGBoost,"VSA,PLD"
hypotheticalMOF_5016034_i_0_j_24_k_23_m_1,40.34259033203125,XGBoost,"VSA,PLD"
hypotheticalMOF_3001036_i_1_j_26_k_26_m_7,38.15133285522461,XGBoost,"VSA,PLD"
hypotheticalMOF_5017633_i_0_j_25_k_10_m_12,38.924434661865234,XGBoost,"VSA,PLD"
hypotheticalMOF_5071605_i_2_j_25_k_5_m_3,38.18405532836914,XGBoost,"VSA,PLD"
hypotheticalMOF_5030225_i_0_j_28_k_28_m_14_cat_1,40.07148742675781,XGBoost,"VSA,PLD"
hypotheticalMOF_5016913_i_0_j_25_k_5_m_6,38.55986404418945,XGBoost,"VSA,PLD"
hypotheticalMOF_5028018_i_0_j_28_k_12_m_2_cat_1,41.698848724365234,XGBoost,"VSA,PLD"
hypotheticalMOF_5019363_i_0_j_25_k_23_m_10,42.38444519042969,XGBoost,"VSA,PLD"
hypotheticalMOF_5072255_i_2_j_25_k_12_m_2,40.367347717285156,XGBoost,"VSA,PLD"
hypotheticalMOF_5042873_i_1_j_23_k_5_m_1,38.43049621582031,XGBoost,"VSA,PLD"
hypotheticalMOF_8305_i_0_j_12_k_5_m_1,38.1135368347168,XGBoost,"VSA,PLD"
hypotheticalMOF_5043422_i_1_j_23_k_12_m_1,40.554386138916016,XGBoost,"VSA,PLD"
hypotheticalMOF_5053583_i_1_j_27_k_25_m_14,40.403446197509766,XGBoost,"VSA,PLD"
hypotheticalMOF_5075604_i_2_j_26_k_25_m_10,38.977386474609375,XGBoost,"VSA,PLD"
hypotheticalMOF_25131_i_1_j_16_k_5_m_1,40.12201690673828,XGBoost,"VSA,PLD"
hypotheticalMOF_5033365_i_0_j_29_k_28_m_10_cat_1,41.604576110839844,XGBoost,"VSA,PLD"
hypotheticalMOF_5013580_i_0_j_23_k_23_m_10,42.52239990234375,XGBoost,"VSA,PLD"
hypotheticalMOF_5016082_i_0_j_24_k_23_m_9,40.36207580566406,XGBoost,"VSA,PLD"
hypotheticalMOF_3001067_i_1_j_26_k_26_m_11,38.18212127685547,XGBoost,"VSA,PLD"
hypotheticalMOF_5018084_i_0_j_25_k_14_m_9,38.12825393676758,XGBoost,"VSA,PLD"
hypotheticalMOF_5019475_i_0_j_25_k_24_m_14,38.61011505126953,XGBoost,"VSA,PLD"
hypotheticalMOF_5016084_i_0_j_24_k_23_m_9,38.15133285522461,XGBoost,"VSA,PLD"
hypotheticalMOF_5075594_i_2_j_26_k_25_m_9,40.43966293334961,XGBoost,"VSA,PLD"
hypotheticalMOF_5043427_i_1_j_23_k_12_m_1,38.33561325073242,XGBoost,"VSA,PLD"
hypotheticalMOF_5043416_i_1_j_23_k_12_m_1,40.367347717285156,XGBoost,"VSA,PLD"
str_m1_o3_o9_f0_pcu.sym.129.out,39.2620849609375,XGBoost,"VSA,PLD"
str_m1_o7_o19_f0_pcu.sym.73.out,38.63445281982422,XGBoost,"VSA,PLD"
hypotheticalMOF_5071347_i_2_j_25_k_2_m_7,39.92808151245117,XGBoost,"VSA,PLD"
hypotheticalMOF_5018032_i_0_j_25_k_14_m_2,38.417259216308594,XGBoost,"VSA,PLD"
hypotheticalMOF_5048574_i_1_j_25_k_23_m_9,39.23220443725586,XGBoost,"VSA,PLD"
hypotheticalMOF_5053557_i_1_j_27_k_25_m_10,38.015987396240234,XGBoost,"VSA,PLD"
hypotheticalMOF_5042883_i_1_j_23_k_5_m_2,38.06968688964844,XGBoost,"VSA,PLD"
hypotheticalMOF_5071922_i_2_j_25_k_7_m_7,40.47195816040039,XGBoost,"VSA,PLD"
hypotheticalMOF_5019377_i_0_j_25_k_23_m_14,42.74697494506836,XGBoost,"VSA,PLD"
hypotheticalMOF_5033429_i_0_j_29_k_29_m_0_cat_2,39.35096740722656,XGBoost,"VSA,PLD"
hypotheticalMOF_5011108_i_0_j_23_k_0_m_2,38.1835823059082,XGBoost,"VSA,PLD"
hypotheticalMOF_5016800_i_0_j_25_k_4_m_12,38.76108169555664,XGBoost,"VSA,PLD"
hypotheticalMOF_5043418_i_1_j_23_k_12_m_1,40.412593841552734,XGBoost,"VSA,PLD"
hypotheticalMOF_5016079_i_0_j_24_k_23_m_9,39.190834045410156,XGBoost,"VSA,PLD"
hypotheticalMOF_5073368_i_2_j_25_k_23_m_1,38.61011505126953,XGBoost,"VSA,PLD"
hypotheticalMOF_5012470_i_0_j_23_k_13_m_10,38.956687927246094,XGBoost,"VSA,PLD"
hypotheticalMOF_5019566_i_0_j_25_k_25_m_5,41.6141471862793,XGBoost,"VSA,PLD"
hypotheticalMOF_5017004_i_0_j_25_k_5_m_13,38.81873321533203,XGBoost,"VSA,PLD"
hypotheticalMOF_5068412_i_2_j_23_k_12_m_1,38.76108169555664,XGBoost,"VSA,PLD"
MOF-5_cooh_2_217_2_basic_opt,38.956687927246094,XGBoost,"VSA,PLD"
hypotheticalMOF_5028139_i_0_j_28_k_12_m_14_cat_1,40.449363708496094,XGBoost,"VSA,PLD"
hypotheticalMOF_5018294_i_0_j_25_k_16_m_12,38.965824127197266,XGBoost,"VSA,PLD"
hypotheticalMOF_5042932_i_1_j_23_k_5_m_7,39.98997497558594,XGBoost,"VSA,PLD"
hypotheticalMOF_5055805_i_1_j_28_k_23_m_1,38.449981689453125,XGBoost,"VSA,PLD"
hypotheticalMOF_5044271_i_1_j_23_k_23_m_1,39.158111572265625,XGBoost,"VSA,PLD"
hypotheticalMOF_5030184_i_0_j_28_k_28_m_10_cat_1,39.27812194824219,XGBoost,"VSA,PLD"
hypotheticalMOF_5050792_i_1_j_26_k_25_m_7,39.92808151245117,XGBoost,"VSA,PLD"
MOF-5_cooh_2_2365_1_basic_opt,40.432884216308594,XGBoost,"VSA,PLD"
hypotheticalMOF_5068404_i_2_j_23_k_12_m_1,38.40357971191406,XGBoost,"VSA,PLD"
hypotheticalMOF_5068410_i_2_j_23_k_12_m_1,38.49155807495117,XGBoost,"VSA,PLD"
hypotheticalMOF_5053561_i_1_j_27_k_25_m_10,38.25486373901367,XGBoost,"VSA,PLD"
str_m1_o3_o9_f0_pcu.sym.105.out,38.02615737915039,XGBoost,"VSA,PLD"
hypotheticalMOF_5069652_i_2_j_24_k_5_m_0,38.15463638305664,XGBoost,"VSA,PLD"
hypotheticalMOF_5048507_i_1_j_25_k_23_m_1,40.213905334472656,XGBoost,"VSA,PLD"
hypotheticalMOF_5017629_i_0_j_25_k_10_m_11,38.44804763793945,XGBoost,"VSA,PLD"
hypotheticalMOF_5050790_i_1_j_26_k_25_m_7,38.68000411987305,XGBoost,"VSA,PLD"
hypotheticalMOF_5068460_i_2_j_23_k_12_m_9,38.10907745361328,XGBoost,"VSA,PLD"
hypotheticalMOF_5012159_i_0_j_23_k_10_m_2,38.376365661621094,XGBoost,"VSA,PLD"
hypotheticalMOF_5067970_i_2_j_23_k_5_m_9,38.1135368347168,XGBoost,"VSA,PLD"
hypotheticalMOF_8306_i_0_j_12_k_5_m_1,38.15463638305664,XGBoost,"VSA,PLD"
hypotheticalMOF_5030234_i_0_j_28_k_28_m_14_cat_1,41.600990295410156,XGBoost,"VSA,PLD"
hypotheticalMOF_5067992_i_2_j_23_k_5_m_14,38.02022933959961,XGBoost,"VSA,PLD"
hypotheticalMOF_25962_i_1_j_17_k_5_m_7,38.08912658691406,XGBoost,"VSA,PLD"
hypotheticalMOF_5069237_i_2_j_23_k_23_m_1,38.1835823059082,XGBoost,"VSA,PLD"
hypotheticalMOF_5044262_i_1_j_23_k_23_m_1,39.19610595703125,XGBoost,"VSA,PLD"
hypotheticalMOF_5069231_i_2_j_23_k_23_m_1,38.15133285522461,XGBoost,"VSA,PLD"
hypotheticalMOF_5016083_i_0_j_24_k_23_m_9,40.32935333251953,XGBoost,"VSA,PLD"
hypotheticalMOF_5069239_i_2_j_23_k_23_m_1,38.417259216308594,XGBoost,"VSA,PLD"
hypotheticalMOF_5044267_i_1_j_23_k_23_m_1,39.158111572265625,XGBoost,"VSA,PLD"
str_m1_o6_o15_f0_pcu.sym.139.out,38.02615737915039,XGBoost,"VSA,PLD"
hypotheticalMOF_5012876_i_0_j_23_k_18_m_10,38.059688568115234,XGBoost,"VSA,PLD"
hypotheticalMOF_5047393_i_1_j_25_k_12_m_7,38.15133285522461,XGBoost,"VSA,PLD"
hypotheticalMOF_5228_i_0_j_9_k_6_m_2,39.300716400146484,XGBoost,"VSA,PLD"
hypotheticalMOF_5013540_i_0_j_23_k_23_m_5,42.843833923339844,XGBoost,"VSA,PLD"
hypotheticalMOF_5048572_i_1_j_25_k_23_m_9,38.15133285522461,XGBoost,"VSA,PLD"
hypotheticalMOF_5012184_i_0_j_23_k_10_m_7,39.158111572265625,XGBoost,"VSA,PLD"
hypotheticalMOF_5044264_i_1_j_23_k_23_m_1,38.15133285522461,XGBoost,"VSA,PLD"
hypotheticalMOF_2733_i_0_j_6_k_4_m_11,38.18368148803711,XGBoost,"VSA,PLD"
hypotheticalMOF_5068408_i_2_j_23_k_12_m_1,38.43049621582031,XGBoost,"VSA,PLD"
hypotheticalMOF_8310_i_0_j_12_k_5_m_2,38.15133285522461,XGBoost,"VSA,PLD"
hypotheticalMOF_5050742_i_1_j_26_k_25_m_2,38.224971771240234,XGBoost,"VSA,PLD"
hypotheticalMOF_5075592_i_2_j_26_k_25_m_9,38.077880859375,XGBoost,"VSA,PLD"
NU-P-4TT-scu-s,38.537269592285156,XGBoost,"VSA,PLD"
hypotheticalMOF_5068406_i_2_j_23_k_12_m_1,38.029075622558594,XGBoost,"VSA,PLD"
MOF-5_cooh_2_1134_1_basic_opt,40.20859146118164,XGBoost,"VSA,PLD"
hypotheticalMOF_5044326_i_1_j_23_k_23_m_9,38.43049621582031,XGBoost,"VSA,PLD"
hypotheticalMOF_5048576_i_1_j_25_k_23_m_9,38.30342102050781,XGBoost,"VSA,PLD"
hypotheticalMOF_5016068_i_0_j_24_k_23_m_7,38.2838249206543,XGBoost,"VSA,PLD"
hypotheticalMOF_5016072_i_0_j_24_k_23_m_7,38.32037353515625,XGBoost,"VSA,PLD"
hypotheticalMOF_5050811_i_1_j_26_k_25_m_10,38.10560607910156,XGBoost,"VSA,PLD"
NU-PTP-fcu,40.81608581542969,XGBoost,"VSA,PLD"
hypotheticalMOF_5044273_i_1_j_23_k_23_m_1,38.449981689453125,XGBoost,"VSA,PLD"
hypotheticalMOF_5050788_i_1_j_26_k_25_m_7,40.449363708496094,XGBoost,"VSA,PLD"
hypotheticalMOF_5042834_i_1_j_23_k_4_m_9,39.02048873901367,XGBoost,"VSA,PLD"
str_m1_o3_o15_f0_pcu.sym.35.out,38.07025909423828,XGBoost,"VSA,PLD"
hypotheticalMOF_5069233_i_2_j_23_k_23_m_1,38.02022933959961,XGBoost,"VSA,PLD"
hypotheticalMOF_5075599_i_2_j_26_k_25_m_10,38.10560607910156,XGBoost,"VSA,PLD"
MOF-5_cooh_2_96_1_basic_opt,38.95652389526367,XGBoost,"VSA,PLD"
hypotheticalMOF_5043477_i_1_j_23_k_12_m_9,38.27134323120117,XGBoost,"VSA,PLD"
hypotheticalMOF_5011106_i_0_j_23_k_0_m_2,38.22563171386719,XGBoost,"VSA,PLD"
hypotheticalMOF_5069235_i_2_j_23_k_23_m_1,38.61011505126953,XGBoost,"VSA,PLD"
hypotheticalMOF_5294_i_0_j_9_k_6_m_11,40.040348052978516,XGBoost,"VSA,PLD"
hypotheticalMOF_5046366_i_1_j_25_k_2_m_2,38.1135368347168,XGBoost,"VSA,PLD"
MOF-5_cooh_2_2739_1_basic_opt,39.93034744262695,XGBoost,"VSA,PLD"
hypotheticalMOF_8438_i_0_j_12_k_7_m_0,41.14664840698242,XGBoost,"VSA,PLD"
hypotheticalMOF_5044324_i_1_j_23_k_23_m_9,38.23457336425781,XGBoost,"VSA,PLD"
hypotheticalMOF_5012472_i_0_j_23_k_13_m_10,38.077880859375,XGBoost,"VSA,PLD"
hypotheticalMOF_5075535_i_2_j_26_k_25_m_2,40.432884216308594,XGBoost,"VSA,PLD"
str_m1_o3_o9_f0_pcu.sym.97.out,39.11170959472656,XGBoost,"VSA,PLD"
hypotheticalMOF_5033449_i_0_j_29_k_29_m_1_cat_2,38.30342102050781,XGBoost,"VSA,PLD"
hypotheticalMOF_5053589_i_1_j_27_k_25_m_14,39.98997497558594,XGBoost,"VSA,PLD"
NU-TPE-4P-scu-l,38.93828582763672,XGBoost,"VSA,PLD"
hypotheticalMOF_37283_i_2_j_18_k_5_m_2,38.480796813964844,XGBoost,"VSA,PLD"
hypotheticalMOF_5033433_i_0_j_29_k_29_m_1_cat_2,38.16456985473633,XGBoost,"VSA,PLD"
hypotheticalMOF_3681_i_0_j_7_k_4_m_11,38.059688568115234,XGBoost,"VSA,PLD"
hypotheticalMOF_5019574_i_0_j_25_k_25_m_6,38.40357971191406,XGBoost,"VSA,PLD"
hypotheticalMOF_5031514_i_0_j_29_k_12_m_1_cat_2,38.16456985473633,XGBoost,"VSA,PLD"
hypotheticalMOF_5044322_i_1_j_23_k_23_m_9,38.06968688964844,XGBoost,"VSA,PLD"
hypotheticalMOF_5011172_i_0_j_23_k_0_m_14,38.449981689453125,XGBoost,"VSA,PLD"
hypotheticalMOF_5073406_i_2_j_25_k_23_m_7,38.11298751831055,XGBoost,"VSA,PLD"
NU-P-4TP-scu-s,39.6258659362793,XGBoost,"VSA,PLD"
hypotheticalMOF_5016073_i_0_j_24_k_23_m_7,38.417259216308594,XGBoost,"VSA,PLD"
hypotheticalMOF_5018134_i_0_j_25_k_15_m_2,38.15133285522461,XGBoost,"VSA,PLD"
hypotheticalMOF_5018120_i_0_j_25_k_15_m_1,38.663230895996094,XGBoost,"VSA,PLD"
hypotheticalMOF_5046294_i_1_j_25_k_1_m_7,38.34545135498047,XGBoost,"VSA,PLD"
hypotheticalMOF_5018174_i_0_j_25_k_15_m_9,38.43049621582031,XGBoost,"VSA,PLD"
hypotheticalMOF_5033534_i_0_j_29_k_29_m_9_cat_2,38.27134323120117,XGBoost,"VSA,PLD"
hypotheticalMOF_5044328_i_1_j_23_k_23_m_9,38.40357971191406,XGBoost,"VSA,PLD"
hypotheticalMOF_5043471_i_1_j_23_k_12_m_7,39.144432067871094,XGBoost,"VSA,PLD"
hypotheticalMOF_36447_i_2_j_17_k_5_m_7,38.27134323120117,XGBoost,"VSA,PLD"
hypotheticalMOF_5028115_i_0_j_28_k_12_m_11_cat_1,38.224971771240234,XGBoost,"VSA,PLD"
hypotheticalMOF_5069286_i_2_j_23_k_23_m_9,38.059688568115234,XGBoost,"VSA,PLD"
hypotheticalMOF_7002450_i_4_j_28_k_5_m_0,39.35096740722656,XGBoost,"VSA,PLD"
hypotheticalMOF_5044307_i_1_j_23_k_23_m_7,38.33561325073242,XGBoost,"VSA,PLD"
hypotheticalMOF_5050774_i_1_j_26_k_25_m_4,40.12201690673828,XGBoost,"VSA,PLD"
mof_9060,38.63445281982422,XGBoost,"VSA,PLD"
hypotheticalMOF_5016060_i_0_j_24_k_23_m_4,38.61011505126953,XGBoost,"VSA,PLD"
NU-TTT-fcu,41.31657409667969,XGBoost,"VSA,PLD"
hypotheticalMOF_5043809_i_1_j_23_k_18_m_9,38.0688362121582,XGBoost,"VSA,PLD"
hypotheticalMOF_5030107_i_0_j_28_k_28_m_5_cat_1,40.49839401245117,XGBoost,"VSA,PLD"
hypotheticalMOF_5044315_i_1_j_23_k_23_m_7,38.23457336425781,XGBoost,"VSA,PLD"
hypotheticalMOF_5016047_i_0_j_24_k_23_m_2,38.22563171386719,XGBoost,"VSA,PLD"
hypotheticalMOF_5029613_i_0_j_28_k_25_m_6,38.34418869018555,XGBoost,"VSA,PLD"
hypotheticalMOF_5019421_i_0_j_25_k_24_m_4,38.30342102050781,XGBoost,"VSA,PLD"
DOZCEC_CSD17,38.63445281982422,XGBoost,"VSA,PLD"
NU-Pyr-4TP-ftw,40.672576904296875,XGBoost,"VSA,PLD"
hypotheticalMOF_5016070_i_0_j_24_k_23_m_7,38.449981689453125,XGBoost,"VSA,PLD"
NU-P-4PT-scu-s,39.149227142333984,XGBoost,"VSA,PLD"
hypotheticalMOF_5059038_i_2_j_19_k_2_m_9,38.26164245605469,XGBoost,"VSA,PLD"
hypotheticalMOF_5350_i_0_j_9_k_7_m_5,38.25486373901367,XGBoost,"VSA,PLD"
hypotheticalMOF_5011722_i_0_j_23_k_5_m_13,38.49135208129883,XGBoost,"VSA,PLD"
hypotheticalMOF_5023202_i_0_j_27_k_4_m_6,39.300716400146484,XGBoost,"VSA,PLD"
hypotheticalMOF_5075566_i_2_j_26_k_25_m_4,38.52756881713867,XGBoost,"VSA,PLD"
hypotheticalMOF_5078278_i_2_j_27_k_25_m_13,38.225425720214844,XGBoost,"VSA,PLD"
hypotheticalMOF_5016099_i_0_j_24_k_23_m_14,38.33830642700195,XGBoost,"VSA,PLD"
hypotheticalMOF_5043466_i_1_j_23_k_12_m_7,38.21583557128906,XGBoost,"VSA,PLD"
hypotheticalMOF_5011468_i_0_j_23_k_3_m_10,38.06968688964844,XGBoost,"VSA,PLD"
hypotheticalMOF_5011434_i_0_j_23_k_3_m_2,38.1135368347168,XGBoost,"VSA,PLD"
hypotheticalMOF_5013437_i_0_j_23_k_22_m_7,38.39349365234375,XGBoost,"VSA,PLD"
hypotheticalMOF_7002692_i_4_j_28_k_21_m_1,40.43966293334961,XGBoost,"VSA,PLD"
hypotheticalMOF_5031584_i_0_j_29_k_12_m_9_cat_2,38.16456985473633,XGBoost,"VSA,PLD"
hypotheticalMOF_5043481_i_1_j_23_k_12_m_9,38.06968688964844,XGBoost,"VSA,PLD"
hypotheticalMOF_5046684_i_1_j_25_k_5_m_5,38.15463638305664,XGBoost,"VSA,PLD"
hypotheticalMOF_5016582_i_0_j_25_k_2_m_13,38.26164245605469,XGBoost,"VSA,PLD"
hypotheticalMOF_5050745_i_1_j_26_k_25_m_2,38.09590530395508,XGBoost,"VSA,PLD"
hypotheticalMOF_31276_i_2_j_10_k_2_m_1,38.81873321533203,XGBoost,"VSA,PLD"
hypotheticalMOF_2684_i_0_j_6_k_4_m_5,40.449363708496094,XGBoost,"VSA,PLD"
hypotheticalMOF_5044311_i_1_j_23_k_23_m_7,38.013710021972656,XGBoost,"VSA,PLD"
hypotheticalMOF_5013434_i_0_j_23_k_22_m_7,38.520790100097656,XGBoost,"VSA,PLD"
hypotheticalMOF_5029262_i_0_j_28_k_22_m_5_cat_1,38.23457336425781,XGBoost,"VSA,PLD"
hypotheticalMOF_5030513_i_0_j_29_k_2_m_6_cat_1,38.09590530395508,XGBoost,"VSA,PLD"
hypotheticalMOF_5048557_i_1_j_25_k_23_m_7,38.17845153808594,XGBoost,"VSA,PLD"
hypotheticalMOF_5016063_i_0_j_24_k_23_m_4,39.158111572265625,XGBoost,"VSA,PLD"
hypotheticalMOF_5016064_i_0_j_24_k_23_m_4,38.34418869018555,XGBoost,"VSA,PLD"
str_m1_o3_o9_f0_pcu.sym.53.out,38.06403350830078,XGBoost,"VSA,PLD"
BORYOY_CSD17,38.41518783569336,XGBoost,"VSA,PLD"
hypotheticalMOF_5029374_i_0_j_28_k_23_m_5_cat_1,40.32935333251953,XGBoost,"VSA,PLD"
hypotheticalMOF_5050784_i_1_j_26_k_25_m_5,38.209922790527344,XGBoost,"VSA,PLD"
hypotheticalMOF_8485_i_0_j_12_k_7_m_11,38.17448425292969,XGBoost,"VSA,PLD"
hypotheticalMOF_5027003_i_0_j_28_k_3_m_12_cat_1,38.5004997253418,XGBoost,"VSA,PLD"
hypotheticalMOF_5012609_i_0_j_23_k_15_m_7,38.26164245605469,XGBoost,"VSA,PLD"
hypotheticalMOF_2741_i_0_j_6_k_4_m_12,38.25486373901367,XGBoost,"VSA,PLD"
hypotheticalMOF_5044144_i_1_j_23_k_21_m_4,38.27134323120117,XGBoost,"VSA,PLD"
hypotheticalMOF_2682_i_0_j_6_k_4_m_5,38.26164245605469,XGBoost,"VSA,PLD"
hypotheticalMOF_5012604_i_0_j_23_k_15_m_4,38.26164245605469,XGBoost,"VSA,PLD"
str_m2_o9_o28_f0_pcu.sym.130.out,39.69186782836914,XGBoost,"VSA,PLD"
MOF-5_cooh_2_1996_1_basic_opt,38.591896057128906,XGBoost,"VSA,PLD"
hypotheticalMOF_5058987_i_2_j_19_k_2_m_2,38.21583557128906,XGBoost,"VSA,PLD"
hypotheticalMOF_5027668_i_0_j_28_k_8_m_5_cat_1,40.30558776855469,XGBoost,"VSA,PLD"
NU-2_Pyr_4TT_Por_4TT-ftw,42.2457160949707,XGBoost,"VSA,PLD"
hypotheticalMOF_5033401_i_0_j_29_k_28_m_13_cat_1,41.55765914916992,XGBoost,"VSA,PLD"
str_m2_o9_o28_f0_pcu.sym.43.out,38.184547424316406,XGBoost,"VSA,PLD"
NU-Por_4PP_8Ac-ftw,38.21583557128906,XGBoost,"VSA,PLD"
hypotheticalMOF_5000372_i_0_j_19_k_2_m_6,38.26164245605469,XGBoost,"VSA,PLD"
hypotheticalMOF_5043461_i_1_j_23_k_12_m_4,38.127567291259766,XGBoost,"VSA,PLD"
MOF-5_cooh_2_533_2_basic_opt,38.74678039550781,XGBoost,"VSA,PLD"
hypotheticalMOF_5028054_i_0_j_28_k_12_m_5_cat_1,40.52220916748047,XGBoost,"VSA,PLD"
hypotheticalMOF_7002203_i_4_j_27_k_20_m_0,40.32935333251953,XGBoost,"VSA,PLD"
hypotheticalMOF_5051326_i_1_j_27_k_4_m_4,41.81887435913086,XGBoost,"VSA,PLD"
hypotheticalMOF_5076058_i_2_j_27_k_4_m_0,41.58695983886719,XGBoost,"VSA,PLD"
hypotheticalMOF_5048544_i_1_j_25_k_23_m_4,38.18212127685547,XGBoost,"VSA,PLD"
hypotheticalMOF_5028870_i_0_j_28_k_19_m_12_cat_1,38.449981689453125,XGBoost,"VSA,PLD"
hypotheticalMOF_5078824_i_2_j_28_k_4_m_2,41.14664840698242,XGBoost,"VSA,PLD"
hypotheticalMOF_5082398_i_2_j_29_k_19_m_13,40.449363708496094,XGBoost,"VSA,PLD"
NU-2_Pyr_4TT_TPE_4T-ftw,41.581424713134766,XGBoost,"VSA,PLD"
MOF-5_cooh_2_785_1_basic_opt,38.07689666748047,XGBoost,"VSA,PLD"
hypotheticalMOF_5051299_i_1_j_27_k_4_m_2,38.231109619140625,XGBoost,"VSA,PLD"
NU-DPD-fcu,39.08342742919922,XGBoost,"VSA,PLD"
hypotheticalMOF_5057273_i_1_j_29_k_11_m_12,38.39349365234375,XGBoost,"VSA,PLD"
hypotheticalMOF_5030211_i_0_j_28_k_28_m_12_cat_1,41.42333221435547,XGBoost,"VSA,PLD"
hypotheticalMOF_5054183_i_1_j_28_k_4_m_10,40.38429260253906,XGBoost,"VSA,PLD"
hypotheticalMOF_5076062_i_2_j_27_k_4_m_1,39.190834045410156,XGBoost,"VSA,PLD"
hypotheticalMOF_5030126_i_0_j_28_k_28_m_6_cat_1,38.37946319580078,XGBoost,"VSA,PLD"
NU-TPE-4P-ftw,41.41741943359375,XGBoost,"VSA,PLD"
hypotheticalMOF_5054170_i_1_j_28_k_4_m_7,41.81303787231445,XGBoost,"VSA,PLD"
XIDSUZ_CSD17,39.57905578613281,XGBoost,"VSA,PLD"
NU-2_Pyr_4TT_Por_4P-ftw,42.83413314819336,XGBoost,"VSA,PLD"
hypotheticalMOF_5033309_i_0_j_29_k_28_m_6_cat_1,41.36688995361328,XGBoost,"VSA,PLD"
NU-Por_4PT_8Ac-ftw,38.33961486816406,XGBoost,"VSA,PLD"
NU-2_P_4TT_Por_4TT-ftw,38.49155807495117,XGBoost,"VSA,PLD"
hypotheticalMOF_5033406_i_0_j_29_k_28_m_13_cat_1,41.32355880737305,XGBoost,"VSA,PLD"
hypotheticalMOF_5054208_i_1_j_28_k_4_m_14,39.35096740722656,XGBoost,"VSA,PLD"
NU-2_Pyr_4TT_Pyr_4P-ftw,42.74697494506836,XGBoost,"VSA,PLD"
hypotheticalMOF_5028510_i_0_j_28_k_16_m_13_cat_1,39.04266357421875,XGBoost,"VSA,PLD"
hypotheticalMOF_5054153_i_1_j_28_k_4_m_4,40.58705139160156,XGBoost,"VSA,PLD"
hypotheticalMOF_5030128_i_0_j_28_k_28_m_6_cat_1,38.225425720214844,XGBoost,"VSA,PLD"
hypotheticalMOF_5078853_i_2_j_28_k_4_m_9,38.46919631958008,XGBoost,"VSA,PLD"
hypotheticalMOF_5028061_i_0_j_28_k_12_m_6_cat_1,39.13434600830078,XGBoost,"VSA,PLD"
NU-2_P-4PP_Pyr_4P-ftw,39.99884796142578,XGBoost,"VSA,PLD"
hypotheticalMOF_5079293_i_2_j_28_k_9_m_9,39.35096740722656,XGBoost,"VSA,PLD"
hypotheticalMOF_5079247_i_2_j_28_k_9_m_1,40.52347183227539,XGBoost,"VSA,PLD"
hypotheticalMOF_5029267_i_0_j_28_k_22_m_6_cat_1,38.39349365234375,XGBoost,"VSA,PLD"
NU-2_TPE_4T_Por_4T-ftw,41.44799041748047,XGBoost,"VSA,PLD"
MOF-5_cooh_2_2717_1_basic_opt,38.74678039550781,XGBoost,"VSA,PLD"
str_m3_o27_o27_f0_pcu.sym.206.out,38.196130089413764,LinearRegression,"LCD,PLD"
str_m1_o3_o19_f0_pcu.sym.18.out,38.52299389405982,LinearRegression,"LCD,PLD"
str_m2_o3_o27_f0_pcu.sym.69.out,38.39414511833046,LinearRegression,"LCD,PLD"
str_m2_o3_o3_f0_pcu.sym.7.out,38.16628882814274,LinearRegression,"LCD,PLD"
str_m1_o3_o14_f0_pcu.sym.13.out,38.196130089413764,LinearRegression,"LCD,PLD"
str_m1_o3_o4_f0_pcu.sym.2.out,38.83765551806549,LinearRegression,"LCD,PLD"
str_m1_o9_o27_f0_pcu.sym.105.out,38.55283515533084,LinearRegression,"LCD,PLD"
str_m2_o28_o28_f0_pcu.sym.63.out,38.579957966606756,LinearRegression,"LCD,PLD"
mof_10773,38.010968340483025,RandomForest,"Density,GSA,VF"
str_m3_o11_o19_f0_nbo.sym.1.out,38.12259595731066,RandomForest,"Density,GSA,VF"
str_m3_o20_o20_f0_pcu.sym.1.out,38.53237499999997,RandomForest,"Density,VSA,VF"
SUVMAY_CSD17,38.47111706349208,RandomForest,"Density,VSA,VF"
JOVKOW_CSD17,38.35499999999999,RandomForest,"Density,VSA,VF"
BEMFOQ_CSD17,38.32100000000003,RandomForest,"Density,VSA,VF"
str_m3_o19_o20_f0_nbo.sym.1.out,38.14550000000003,RandomForest,"Density,VSA,VF"
str_m3_o11_o19_f0_nbo.sym.68.out,38.56500000000001,RandomForest,"Density,VSA,VF"
str_m1_o19_o27_f0_pcu.sym.46.out,38.563000000000045,RandomForest,"Density,VSA,VF"
str_m1_o19_o28_f0_pcu.sym.101.out,38.24546666666671,RandomForest,"Density,VSA,VF"
str_m1_o19_o28_f0_pcu.sym.5.out,38.023600000000016,RandomForest,"Density,VSA,VF"
str_m1_o19_o28_f0_pcu.sym.84.out,38.32840000000005,RandomForest,"Density,VSA,VF"
str_m3_o19_o24_f0_nbo.sym.30.out,38.48500000000004,RandomForest,"Density,VSA,VF"
str_m3_o20_o21_f0_pcu.sym.11.out,38.10151724137926,RandomForest,"Density,VSA,VF"
str_m1_o19_o25_f0_pcu.sym.60.out,38.07999999999996,RandomForest,"Density,VSA,VF"
mof_7572,38.45599999999996,RandomForest,"Density,VSA,VF"
mof_10725,38.332000000000015,RandomForest,"Density,VSA,VF"
mof_7641,38.240333333333325,RandomForest,"Density,VSA,VF"
str_m2_o11_o19_f0_nbo.sym.65.out,38.085000000000065,RandomForest,"Density,VSA,VF"
str_m2_o19_o24_f0_nbo.sym.126.out,38.19000000000005,RandomForest,"Density,VSA,VF"
str_m2_o19_o25_f0_nbo.sym.150.out,38.03366666666671,RandomForest,"Density,VSA,VF"
str_m3_o19_o25_f0_nbo.sym.92.out,38.20600000000006,RandomForest,"Density,VSA,VF"
str_m3_o20_o26_f0_pcu.sym.129.out,38.12253125000003,RandomForest,"Density,VSA,VF"
str_m3_o20_o28_f0_pcu.sym.9.out,38.21125000000003,RandomForest,"Density,VSA,VF"
str_m2_o19_o23_f0_nbo.sym.15.out,38.08820000000002,RandomForest,"Density,VSA,VF"
str_m2_o20_o26_f0_pcu.sym.105.out,38.02500000000002,RandomForest,"Density,VSA,VF"
str_m2_o11_o19_f0_nbo.sym.6.out,38.33400000000006,RandomForest,"Density,VSA,VF"
str_m3_o5_o25_f0_nbo.sym.193.out,38.015350000000005,RandomForest,"Density,VSA,VF"
str_m1_o19_o23_f0_pcu.sym.81.out,38.109633333333285,RandomForest,"Density,VSA,VF"
str_m3_o20_o25_f0_pcu.sym.23.out,38.052999999999955,RandomForest,"Density,VSA,VF"
str_m2_o11_o19_f0_nbo.sym.24.out,38.17666666666665,RandomForest,"Density,VSA,VF"
str_m1_o19_o23_f0_pcu.sym.199.out,38.109633333333285,RandomForest,"Density,VSA,VF"
str_m1_o21_o26_f0_pcu.sym.107.out,38.01199999999997,RandomForest,"Density,VSA,VF"
str_m2_o5_o25_f0_nbo.sym.132.out,38.015350000000005,RandomForest,"Density,VSA,VF"
str_m2_o20_o24_f0_nbo.sym.88.out,38.14550000000003,RandomForest,"Density,VSA,VF"
str_m1_o19_o29_f0_pcu.sym.48.out,38.35324478149414,XGBoost,"Density,VSA,LCD"
str_m2_o20_o21_f0_pcu.sym.2.out,38.45573333333335,RandomForest,"Density,VF,LCD"
str_m1_o19_o25_f0_pcu.sym.103.out,38.02166666666667,RandomForest,"Density,VF,LCD"
str_m3_o19_o24_f0_nbo.sym.188.out,38.03616666666667,RandomForest,"Density,VF,LCD"
AHAYOZ_CSD17,38.263000000000005,RandomForest,"Density,VF,LCD"
str_m1_o19_o25_f0_pcu.sym.52.out,38.44546666666667,RandomForest,"Density,VF,LCD"
str_m2_o19_o24_f0_nbo.sym.54.out,38.18600000000003,RandomForest,"Density,VF,LCD"
str_m2_o19_o28_f0_nbo.sym.46.out,38.07933333333335,RandomForest,"Density,VF,LCD"
AHAYIT_CSD17,38.266000000000034,RandomForest,"Density,VF,LCD"
str_m3_o19_o27_f0_nbo.sym.93.out,38.00803571428572,RandomForest,"Density,VF,LCD"
str_m3_o19_o25_f0_nbo.sym.175.out,38.27453333333331,RandomForest,"Density,VF,LCD"
str_m3_o19_o27_f0_nbo.sym.1.out,38.00803571428572,RandomForest,"Density,VF,LCD"
str_m1_o21_o21_f0_pcu.sym.148.out,38.06799999999999,RandomForest,"Density,VF,LCD"
str_m3_o5_o25_f0_nbo.sym.203.out,38.06143253968253,RandomForest,"Density,VF,LCD"
str_m1_o21_o26_f0_pcu.sym.2.out,38.00399999999997,RandomForest,"Density,VF,LCD"
str_m2_o5_o25_f0_nbo.sym.110.out,38.06143253968253,RandomForest,"Density,VF,LCD"
str_m2_o20_o26_f0_pcu.sym.63.out,38.04513333333335,RandomForest,"Density,VF,LCD"
str_m3_o19_o28_f0_nbo.sym.118.out,38.16488571428571,RandomForest,"Density,VF,LCD"
str_m2_o5_o25_f0_nbo.sym.122.out,38.06143253968253,RandomForest,"Density,VF,LCD"
str_m3_o19_o24_f0_nbo.sym.98.out,38.03616666666667,RandomForest,"Density,VF,LCD"
str_m1_o20_o27_f0_pcu.sym.72.out,38.16488571428571,RandomForest,"Density,VF,LCD"
str_m3_o34_o34_f0_pts.sym.125.out,38.198552380952385,RandomForest,"Density,VF,LCD"
str_m3_o34_o34_f0_pts.sym.24.out,38.198552380952385,RandomForest,"Density,VF,LCD"
str_m3_o11_o20_f0_nbo.sym.39.out,38.148066666666644,RandomForest,"Density,VF,LCD"
str_m1_o21_o26_f0_pcu.sym.71.out,38.255377777777774,RandomForest,"Density,VF,LCD"
str_m3_o19_o24_f0_nbo.sym.72.out,38.00610158730158,RandomForest,"Density,VF,PLD"
str_m2_o19_o28_f0_nbo.sym.4.out,38.040470057720064,RandomForest,"Density,VF,PLD"
str_m1_o19_o23_f0_pcu.sym.145.out,38.06341904761908,RandomForest,"Density,PV,LCD"
str_m1_o19_o23_f0_pcu.sym.116.out,38.06341904761908,RandomForest,"Density,PV,LCD"
str_m3_o1_o29_f0_nbo.sym.117.out,38.022711457986446,RandomForest,"Density,PV,PLD"
str_m2_o11_o29_f0_nbo.sym.2.out,38.09735107421875,XGBoost,"Density,PV,PLD"
mof_1585,38.15199999999991,RandomForest,"GSA,VSA,VF"
str_m2_o6_o19_f0_pcu.sym.52.out,38.00521486300968,SGDRegressor,"GSA,VSA,PV"
str_m2_o6_o19_f0_pcu.sym.5.out,38.01115870280695,SGDRegressor,"GSA,VSA,PV"
str_m2_o6_o19_f0_pcu.sym.1.out,38.00521486300968,SGDRegressor,"GSA,VSA,PV"
str_m3_o20_o28_f0_pcu.sym.116.out,38.00704908161915,SGDRegressor,"GSA,VSA,PV"
str_m3_o21_o25_f0_pcu.sym.69.out,38.01311216186599,SGDRegressor,"GSA,VSA,PV"
str_m2_o20_o28_f0_pcu.sym.145.out,38.02547412940696,SGDRegressor,"GSA,VSA,PV"
str_m2_o6_o25_f0_pcu.sym.32.out,38.00035651705293,SGDRegressor,"GSA,VSA,PV"
str_m2_o21_o25_f0_pcu.sym.152.out,38.00967530465013,SGDRegressor,"GSA,VSA,PV"
hypotheticalMOF_5034295_i_1_j_19_k_5_m_9,38.03814803803634,SGDRegressor,"GSA,VSA,PV"
str_m3_o6_o19_f0_pcu.sym.46.out,38.015574138358375,SGDRegressor,"GSA,VSA,PV"
str_m2_o20_o25_f0_pcu.sym.62.out,38.02364568618416,SGDRegressor,"GSA,VSA,PV"
str_m2_o6_o19_f0_pcu.sym.20.out,38.00594168323628,SGDRegressor,"GSA,VSA,PV"
hypotheticalMOF_3001322_i_2_j_24_k_23_m_12_cat_1,38.02003630643531,SGDRegressor,"GSA,VSA,PV"
str_m2_o23_o25_f0_pcu.sym.266.out,38.00705813178479,SGDRegressor,"GSA,VSA,PV"
hypotheticalMOF_5048019_i_1_j_25_k_19_m_9,38.00360222197242,SGDRegressor,"GSA,VSA,PV"
str_m3_o25_o25_f0_pcu.sym.218.out,38.018188810616,SGDRegressor,"GSA,VSA,PV"
str_m2_o25_o28_f0_pcu.sym.124.out,38.04800302299589,SGDRegressor,"GSA,VSA,PV"
hypotheticalMOF_5046762_i_1_j_25_k_5_m_14,38.03312294493328,SGDRegressor,"GSA,VSA,PV"
str_m3_o25_o26_f0_pcu.sym.94.out,38.00773589697216,SGDRegressor,"GSA,VSA,PV"
str_m2_o25_o29_f0_pcu.sym.162.out,38.057027547002825,SGDRegressor,"GSA,VSA,PV"
str_m3_o6_o21_f0_pcu.sym.44.out,38.04610111958381,SGDRegressor,"GSA,VSA,PV"
str_m2_o21_o25_f0_pcu.sym.155.out,38.02943182900075,SGDRegressor,"GSA,VSA,PV"
str_m3_o19_o25_f0_nbo.sym.114.out,38.01414489746094,XGBoost,"GSA,VSA,LCD"
str_m3_o3_o21_f0_pcu.sym.104.out,38.19340515136719,XGBoost,"GSA,VSA,LCD"
str_m3_o6_o27_f0_pcu.sym.75.out,38.269596099853516,XGBoost,"GSA,VSA,LCD"
str_m3_o6_o26_f0_pcu.sym.108.out,38.429847717285156,XGBoost,"GSA,VSA,LCD"
str_m2_o7_o25_f0_pcu.sym.133.out,38.33892822265625,XGBoost,"GSA,VSA,LCD"
str_m2_o25_o27_f0_pcu.sym.222.out,38.20451354980469,XGBoost,"GSA,VSA,LCD"
str_m1_o25_o25_f0_pcu.sym.100.out,38.27555847167969,XGBoost,"GSA,VSA,LCD"
str_m3_o3_o19_f0_pcu.sym.1.out,38.33989334106445,XGBoost,"GSA,VSA,LCD"
str_m1_o23_o23_f0_pcu.sym.49.out,38.3271484375,XGBoost,"GSA,VSA,LCD"
str_m3_o8_o23_f0_pcu.sym.99.out,38.39366149902344,XGBoost,"GSA,VSA,LCD"
str_m3_o3_o20_f0_pcu.sym.28.out,38.33424377441406,XGBoost,"GSA,VSA,LCD"
str_m3_o7_o25_f0_pcu.sym.167.out,38.39366149902344,XGBoost,"GSA,VSA,LCD"
str_m3_o3_o26_f0_pcu.sym.149.out,38.13897705078125,XGBoost,"GSA,VSA,LCD"
str_m1_o23_o25_f0_pcu.sym.71.out,38.203067779541016,XGBoost,"GSA,VSA,LCD"
str_m3_o25_o27_f0_pcu.sym.216.out,38.210845947265625,XGBoost,"GSA,VSA,LCD"
str_m2_o7_o23_f0_pcu.sym.136.out,38.27984619140625,XGBoost,"GSA,VSA,LCD"
str_m3_o7_o25_f0_pcu.sym.54.out,38.032135009765625,XGBoost,"GSA,VSA,LCD"
LEJCEK_CoRE,38.293983459472656,XGBoost,"GSA,VSA,LCD"
str_m2_o23_o26_f0_pcu.sym.242.out,38.19028091430664,XGBoost,"GSA,VSA,LCD"
str_m2_o23_o27_f0_pcu.sym.252.out,38.20451354980469,XGBoost,"GSA,VSA,LCD"
str_m3_o1_o28_f0_nbo.sym.10.out,38.152774810791016,XGBoost,"GSA,VSA,LCD"
str_m2_o6_o25_f0_pcu.sym.214.out,38.15211486816406,XGBoost,"GSA,VSA,LCD"
str_m1_o25_o28_f0_pcu.sym.150.out,38.36331558227539,XGBoost,"GSA,VSA,LCD"
str_m2_o7_o25_f0_pcu.sym.121.out,38.239742279052734,XGBoost,"GSA,VSA,LCD"
str_m3_o3_o6_f0_pcu.sym.37.out,38.37790298461914,XGBoost,"GSA,VSA,LCD"
str_m3_o25_o26_f0_pcu.sym.172.out,38.27812194824219,XGBoost,"GSA,VSA,LCD"
str_m2_o26_o27_f0_pcu.sym.250.out,38.2540283203125,XGBoost,"GSA,VSA,LCD"
str_m3_o7_o23_f0_pcu.sym.272.out,38.400203704833984,XGBoost,"GSA,VSA,LCD"
str_m2_o25_o27_f0_pcu.sym.117.out,38.000919342041016,XGBoost,"GSA,VSA,LCD"
str_m2_o3_o19_f0_nbo.sym.36.out,38.41947937011719,XGBoost,"GSA,VSA,LCD"
str_m1_o7_o19_f0_pcu.sym.47.out,38.620609637600595,LinearRegression,"GSA,PV,LCD"
str_m1_o3_o19_f0_pcu.sym.53.out,38.179543502451615,LinearRegression,"GSA,PV,LCD"
str_m1_o6_o23_f0_pcu.sym.51.out,39.17676023640053,LinearRegression,"GSA,PV,LCD"
str_m3_o19_o29_f0_nbo.sym.127.out,38.234146384902594,LinearRegression,"GSA,PV,LCD"
str_m1_o7_o19_f0_pcu.sym.12.out,38.43379093696322,LinearRegression,"GSA,PV,LCD"
str_m1_o3_o19_f0_pcu.sym.14.out,38.29105877170103,LinearRegression,"GSA,PV,LCD"
str_m1_o7_o25_f0_pcu.sym.81.out,38.221444874178275,LinearRegression,"GSA,PV,LCD"
str_m1_o7_o24_f0_pcu.sym.125.out,38.11536183049222,LinearRegression,"GSA,PV,LCD"
str_m1_o25_o27_f0_pcu.sym.30.out,38.39208849603173,LinearRegression,"GSA,PV,LCD"
str_m1_o3_o25_f0_pcu.sym.12.out,38.25374090839189,LinearRegression,"GSA,PV,LCD"
str_m2_o3_o3_f0_pcu.sym.12.out,38.75410445008396,LinearRegression,"GSA,PV,LCD"
str_m1_o25_o29_f0_pcu.sym.36.out,38.011794584309605,LinearRegression,"GSA,PV,LCD"
str_m1_o6_o27_f0_pcu.sym.50.out,38.851058973758384,LinearRegression,"GSA,PV,LCD"
str_m1_o3_o24_f0_pcu.sym.43.out,38.57992692039995,LinearRegression,"GSA,PV,LCD"
str_m3_o3_o23_f0_pcu.sym.129.out,38.0614178122005,LinearRegression,"GSA,PV,LCD"
str_m2_o3_o27_f0_pcu.sym.18.out,38.38302433274532,LinearRegression,"GSA,PV,LCD"
str_m3_o25_o25_f0_pcu.sym.80.out,38.15225390800086,LinearRegression,"GSA,PV,LCD"
str_m1_o23_o27_f0_pcu.sym.50.out,38.54041826308428,LinearRegression,"GSA,PV,LCD"
str_m3_o11_o29_f0_nbo.sym.250.out,38.20001685714105,LinearRegression,"GSA,PV,LCD"
str_m1_o7_o17_f0_pcu.sym.96.out,38.764312796399224,LinearRegression,"GSA,PV,LCD"
str_m3_o23_o26_f0_pcu.sym.99.out,38.16564461064516,LinearRegression,"GSA,PV,LCD"
str_m1_o3_o6_f0_pcu.sym.73.out,38.79447308526149,LinearRegression,"GSA,PV,LCD"
str_m1_o25_o29_f0_pcu.sym.8.out,38.152494206629605,LinearRegression,"GSA,PV,LCD"
str_m3_o3_o28_f0_pcu.sym.82.out,38.131496229545334,LinearRegression,"GSA,PV,LCD"
PUZMAZ_CSD17,38.09275652676257,LinearRegression,"GSA,PV,LCD"
mof_2985,39.321394736349795,LinearRegression,"GSA,PV,LCD"
str_m2_o23_o25_f0_pcu.sym.251.out,38.259922902844366,LinearRegression,"GSA,PV,LCD"
str_m3_o23_o23_f0_pcu.sym.61.out,38.13025643672958,LinearRegression,"GSA,PV,LCD"
hypotheticalMOF_5048082_i_1_j_25_k_20_m_1,38.426322038703006,LinearRegression,"GSA,PV,PLD"
hypotheticalMOF_5072946_i_2_j_25_k_20_m_1,38.2637245291705,LinearRegression,"GSA,PV,PLD"
hypotheticalMOF_5053154_i_1_j_27_k_21_m_11,38.06838292111895,LinearRegression,"GSA,PV,PLD"
hypotheticalMOF_5072974_i_2_j_25_k_20_m_2,38.42021721294441,LinearRegression,"GSA,PV,PLD"
hypotheticalMOF_5040965_i_1_j_21_k_21_m_2,38.564658089329924,LinearRegression,"GSA,PV,PLD"
hypotheticalMOF_5066022_i_2_j_21_k_21_m_1,38.23222090883111,LinearRegression,"GSA,PV,PLD"
hypotheticalMOF_5040941_i_1_j_21_k_21_m_1,38.12616706812375,LinearRegression,"GSA,PV,PLD"
hypotheticalMOF_5039803_i_1_j_21_k_12_m_1,38.70021791437451,LinearRegression,"GSA,PV,PLD"
hypotheticalMOF_5066147_i_2_j_21_k_21_m_9,38.55709534565315,LinearRegression,"GSA,PV,PLD"
hypotheticalMOF_5048080_i_1_j_25_k_20_m_1,38.248860028450224,LinearRegression,"GSA,PV,PLD"
hypotheticalMOF_5040961_i_1_j_21_k_21_m_2,38.150319807160095,LinearRegression,"GSA,PV,PLD"
hypotheticalMOF_5066122_i_2_j_21_k_21_m_7,38.49555160025733,LinearRegression,"GSA,PV,PLD"
hypotheticalMOF_5041086_i_1_j_21_k_21_m_9,38.60920954637639,LinearRegression,"GSA,PV,PLD"
hypotheticalMOF_5064097_i_2_j_21_k_5_m_1,38.404066991047245,LinearRegression,"GSA,PV,PLD"
hypotheticalMOF_5064995_i_2_j_21_k_12_m_9,38.74067483817451,LinearRegression,"GSA,PV,PLD"
hypotheticalMOF_5040819_i_1_j_21_k_20_m_8,38.151584096579334,LinearRegression,"GSA,PV,PLD"
hypotheticalMOF_5030438_i_0_j_29_k_2_m_0_cat_1,38.19395694563469,LinearRegression,"GSA,PV,PLD"
hypotheticalMOF_5066216_i_2_j_21_k_21_m_14,38.64624738400563,LinearRegression,"GSA,PV,PLD"
hypotheticalMOF_5044030_i_1_j_23_k_20_m_7,38.255087926690564,LinearRegression,"GSA,PV,PLD"
hypotheticalMOF_5044037_i_1_j_23_k_20_m_7,38.356862380900196,LinearRegression,"GSA,PV,PLD"
hypotheticalMOF_5069036_i_2_j_23_k_20_m_9,38.14685547799209,LinearRegression,"GSA,PV,PLD"
hypotheticalMOF_5065003_i_2_j_21_k_12_m_9,38.29735205587666,LinearRegression,"GSA,PV,PLD"
hypotheticalMOF_5066212_i_2_j_21_k_21_m_14,38.6310479484299,LinearRegression,"GSA,PV,PLD"
hypotheticalMOF_5034214_i_1_j_19_k_5_m_1,38.03229198854884,LinearRegression,"GSA,PV,PLD"
hypotheticalMOF_5066155_i_2_j_21_k_21_m_9,38.27157308344317,LinearRegression,"GSA,PV,PLD"
hypotheticalMOF_5072958_i_2_j_25_k_20_m_1,38.575405941666645,LinearRegression,"GSA,PV,PLD"
hypotheticalMOF_5034302_i_1_j_19_k_5_m_9,38.45472327385231,LinearRegression,"GSA,PV,PLD"
hypotheticalMOF_5039963_i_1_j_21_k_12_m_10,38.77640872075209,LinearRegression,"GSA,PV,PLD"
hypotheticalMOF_5059449_i_2_j_19_k_5_m_9,38.45403517026663,LinearRegression,"GSA,PV,PLD"
hypotheticalMOF_5066130_i_2_j_21_k_21_m_7,38.70904984145588,LinearRegression,"GSA,PV,PLD"
hypotheticalMOF_5048282_i_1_j_25_k_21_m_1,38.22271134951423,LinearRegression,"GSA,PV,PLD"
hypotheticalMOF_5066114_i_2_j_21_k_21_m_7,38.43872701482164,LinearRegression,"GSA,PV,PLD"
hypotheticalMOF_5059382_i_2_j_19_k_5_m_2,38.56758439651642,LinearRegression,"GSA,PV,PLD"
hypotheticalMOF_5026779_i_0_j_28_k_2_m_0_cat_1,38.095353247472545,LinearRegression,"GSA,PV,PLD"
hypotheticalMOF_5039967_i_1_j_21_k_12_m_10,38.70082988457819,LinearRegression,"GSA,PV,PLD"
hypotheticalMOF_5039971_i_1_j_21_k_12_m_11,38.187864776386064,LinearRegression,"GSA,PV,PLD"
hypotheticalMOF_5048294_i_1_j_25_k_21_m_1,38.126471112594444,LinearRegression,"GSA,PV,PLD"
hypotheticalMOF_5059457_i_2_j_19_k_5_m_10,38.68948053338795,LinearRegression,"GSA,PV,PLD"
hypotheticalMOF_5018665_i_0_j_25_k_19_m_10,38.561465218145344,LinearRegression,"GSA,PV,PLD"
hypotheticalMOF_5066143_i_2_j_21_k_21_m_9,38.24270607843208,LinearRegression,"GSA,PV,PLD"
hypotheticalMOF_5073162_i_2_j_25_k_21_m_1,38.09087853637339,LinearRegression,"GSA,PV,PLD"
hypotheticalMOF_5041126_i_1_j_21_k_21_m_11,38.24184965936742,LinearRegression,"GSA,PV,PLD"
hypotheticalMOF_5039931_i_1_j_21_k_12_m_9,38.33604701728781,LinearRegression,"GSA,PV,PLD"
hypotheticalMOF_5048148_i_1_j_25_k_20_m_5,38.096919885259965,LinearRegression,"GSA,PV,PLD"
hypotheticalMOF_5061590_i_2_j_20_k_5_m_11,38.585102050337284,LinearRegression,"GSA,PV,PLD"
hypotheticalMOF_5066126_i_2_j_21_k_21_m_7,38.60108007549317,LinearRegression,"GSA,PV,PLD"
hypotheticalMOF_5041019_i_1_j_21_k_21_m_5,38.02788952956938,LinearRegression,"GSA,PV,PLD"
hypotheticalMOF_5048290_i_1_j_25_k_21_m_1,38.00111064655491,LinearRegression,"GSA,PV,PLD"
hypotheticalMOF_5041102_i_1_j_21_k_21_m_10,38.00408607800097,LinearRegression,"GSA,PV,PLD"
hypotheticalMOF_5036479_i_1_j_20_k_5_m_10,38.48318798587363,LinearRegression,"GSA,PV,PLD"
hypotheticalMOF_5041098_i_1_j_21_k_21_m_10,38.43216030046355,LinearRegression,"GSA,PV,PLD"
hypotheticalMOF_5068993_i_2_j_23_k_20_m_4,38.668085786059144,LinearRegression,"GSA,PV,PLD"
hypotheticalMOF_5064182_i_2_j_21_k_5_m_9,38.58479412460429,LinearRegression,"GSA,PV,PLD"
hypotheticalMOF_5041106_i_1_j_21_k_21_m_10,38.064266272735395,LinearRegression,"GSA,PV,PLD"
hypotheticalMOF_5044075_i_1_j_23_k_20_m_10,38.3093768541426,LinearRegression,"GSA,PV,PLD"
hypotheticalMOF_5073166_i_2_j_25_k_21_m_1,38.039054027508364,LinearRegression,"GSA,PV,PLD"
hypotheticalMOF_5039544_i_1_j_21_k_9_m_14,38.79632731628794,LinearRegression,"GSA,PV,PLD"
hypotheticalMOF_5034313_i_1_j_19_k_5_m_10,38.27425494176872,LinearRegression,"GSA,PV,PLD"
hypotheticalMOF_5073266_i_2_j_25_k_21_m_9,38.663453230831195,LinearRegression,"GSA,PV,PLD"
hypotheticalMOF_5063565_i_2_j_21_k_0_m_7,38.93195061820455,LinearRegression,"GSA,PV,PLD"
hypotheticalMOF_5059455_i_2_j_19_k_5_m_10,38.07168940615815,LinearRegression,"GSA,PV,PLD"
hypotheticalMOF_32223_i_2_j_11_k_5_m_0,38.7036783622802,LinearRegression,"GSA,PV,PLD"
hypotheticalMOF_5041048_i_1_j_21_k_21_m_7,38.92882122389201,LinearRegression,"GSA,PV,PLD"
hypotheticalMOF_5064966_i_2_j_21_k_12_m_7,38.84077393472746,LinearRegression,"GSA,PV,PLD"
hypotheticalMOF_5039890_i_1_j_21_k_12_m_5,38.319607103532434,LinearRegression,"GSA,PV,PLD"
hypotheticalMOF_5064939_i_2_j_21_k_12_m_4,38.21755731007706,LinearRegression,"GSA,PV,PLD"
hypotheticalMOF_5034294_i_1_j_19_k_5_m_9,38.276279586893324,LinearRegression,"GSA,PV,PLD"
hypotheticalMOF_5059425_i_2_j_19_k_5_m_7,38.315372960031944,LinearRegression,"GSA,PV,PLD"
hypotheticalMOF_5039142_i_1_j_21_k_5_m_14,38.484446697928064,LinearRegression,"GSA,PV,PLD"
hypotheticalMOF_5059407_i_2_j_19_k_5_m_4,38.07164416316091,LinearRegression,"GSA,PV,PLD"
hypotheticalMOF_5068999_i_2_j_23_k_20_m_4,38.304621226432914,LinearRegression,"GSA,PV,PLD"
hypotheticalMOF_5036481_i_1_j_20_k_5_m_11,38.47415685292853,LinearRegression,"GSA,PV,PLD"
hypotheticalMOF_5064982_i_2_j_21_k_12_m_7,38.144736465610706,LinearRegression,"GSA,PV,PLD"
hypotheticalMOF_5064978_i_2_j_21_k_12_m_7,38.46264965760948,LinearRegression,"GSA,PV,PLD"
hypotheticalMOF_5046735_i_1_j_25_k_5_m_10,38.333642194310514,LinearRegression,"GSA,PV,PLD"
hypotheticalMOF_5048671_i_1_j_25_k_25_m_1,38.02346495545283,LinearRegression,"GSA,PV,PLD"
hypotheticalMOF_5030901_i_0_j_29_k_6_m_0_cat_1,38.137436404669685,LinearRegression,"GSA,PV,PLD"
hypotheticalMOF_5046251_i_1_j_25_k_1_m_1,38.9342467213126,LinearRegression,"GSA,PV,PLD"
hypotheticalMOF_5066082_i_2_j_21_k_21_m_4,38.43909453616435,LinearRegression,"GSA,PV,PLD"
hypotheticalMOF_5066182_i_2_j_21_k_21_m_11,38.59241258262847,LinearRegression,"GSA,PV,PLD"
hypotheticalMOF_5072243_i_2_j_25_k_12_m_1,38.84515815983214,LinearRegression,"GSA,PV,PLD"
hypotheticalMOF_5042951_i_1_j_23_k_5_m_9,38.50406124899323,LinearRegression,"GSA,PV,PLD"
hypotheticalMOF_5066086_i_2_j_21_k_21_m_4,38.76439827509862,LinearRegression,"GSA,PV,PLD"
hypotheticalMOF_5064206_i_2_j_21_k_5_m_10,38.06810200450841,LinearRegression,"GSA,PV,PLD"
hypotheticalMOF_5048401_i_1_j_25_k_21_m_9,38.302964102651,LinearRegression,"GSA,PV,PLD"
hypotheticalMOF_3001194_i_2_j_23_k_23_m_11_cat_1,38.516529701983885,LinearRegression,"GSA,PV,PLD"
hypotheticalMOF_5042955_i_1_j_23_k_5_m_9,38.54445469592122,LinearRegression,"GSA,PV,PLD"
hypotheticalMOF_5064154_i_2_j_21_k_5_m_5,38.460828099610914,LinearRegression,"GSA,PV,PLD"
hypotheticalMOF_5070859_i_2_j_24_k_21_m_5,38.66294609923446,LinearRegression,"GSA,PV,PLD"
hypotheticalMOF_5059406_i_2_j_19_k_5_m_4,38.175732954353364,LinearRegression,"GSA,PV,PLD"
hypotheticalMOF_5039068_i_1_j_21_k_5_m_6,38.05672564419572,LinearRegression,"GSA,PV,PLD"
hypotheticalMOF_5039108_i_1_j_21_k_5_m_10,38.55134368862478,LinearRegression,"GSA,PV,PLD"
hypotheticalMOF_5046739_i_1_j_25_k_5_m_11,38.45280734859696,LinearRegression,"GSA,PV,PLD"
hypotheticalMOF_5034255_i_1_j_19_k_5_m_4,38.139292734315326,LinearRegression,"GSA,PV,PLD"
hypotheticalMOF_5073154_i_2_j_25_k_21_m_1,39.09525058393522,LinearRegression,"GSA,PV,PLD"
hypotheticalMOF_5047452_i_1_j_25_k_12_m_14,38.6377465105174,LinearRegression,"GSA,PV,PLD"
hypotheticalMOF_5073241_i_2_j_25_k_21_m_7,38.16311053849621,LinearRegression,"GSA,PV,PLD"
str_m2_o3_o5_f0_nbo.sym.203.out,38.022978926270135,LinearRegression,"GSA,PV,PLD"
hypotheticalMOF_5046744_i_1_j_25_k_5_m_11,38.61176833222019,LinearRegression,"GSA,PV,PLD"
hypotheticalMOF_30052_i_2_j_7_k_5_m_11,38.03031258642146,LinearRegression,"GSA,PV,PLD"
hypotheticalMOF_5046423_i_1_j_25_k_2_m_10,38.49599525498204,LinearRegression,"GSA,PV,PLD"
hypotheticalMOF_3000366_i_1_j_24_k_24_m_13_cat_1,38.53933324297132,LinearRegression,"GSA,PV,PLD"
hypotheticalMOF_5048767_i_1_j_25_k_25_m_10,38.68780517573127,LinearRegression,"GSA,PV,PLD"
hypotheticalMOF_5048424_i_1_j_25_k_21_m_11,38.09489135887305,LinearRegression,"GSA,PV,PLD"
hypotheticalMOF_5019357_i_0_j_25_k_23_m_10,38.60350313234525,LinearRegression,"GSA,PV,PLD"
hypotheticalMOF_18251_i_1_j_5_k_5_m_11,38.5947308008736,LinearRegression,"GSA,PV,PLD"
hypotheticalMOF_5064213_i_2_j_21_k_5_m_11,38.12104173391155,LinearRegression,"GSA,PV,PLD"
hypotheticalMOF_5047459_i_1_j_25_k_13_m_0,39.19923453652072,LinearRegression,"GSA,PV,PLD"
hypotheticalMOF_5073108_i_2_j_25_k_20_m_11,38.51495918293415,LinearRegression,"GSA,PV,PLD"
hypotheticalMOF_5019042_i_0_j_25_k_21_m_6,38.311736434122665,LinearRegression,"GSA,PV,PLD"
hypotheticalMOF_3000256_i_1_j_24_k_23_m_12_cat_1,38.13245844323612,LinearRegression,"GSA,PV,PLD"
hypotheticalMOF_5073594_i_2_j_25_k_25_m_9,39.22778973453652,LinearRegression,"GSA,PV,PLD"
hypotheticalMOF_5048195_i_1_j_25_k_20_m_8,38.79224713565395,LinearRegression,"GSA,PV,PLD"
hypotheticalMOF_5073593_i_2_j_25_k_25_m_9,39.03782838090832,LinearRegression,"GSA,PV,PLD"
hypotheticalMOF_3000364_i_1_j_24_k_24_m_13_cat_1,38.281509759712485,LinearRegression,"GSA,PV,PLD"
hypotheticalMOF_3000262_i_1_j_24_k_23_m_13_cat_1,38.446992214696564,LinearRegression,"GSA,PV,PLD"
hypotheticalMOF_5073274_i_2_j_25_k_21_m_10,38.64456814508664,LinearRegression,"GSA,PV,PLD"
hypotheticalMOF_17987_i_1_j_5_k_4_m_0,38.10123675223032,LinearRegression,"GSA,PV,PLD"
hypotheticalMOF_5072333_i_2_j_25_k_12_m_9,38.12850453296673,LinearRegression,"GSA,PV,PLD"
hypotheticalMOF_5071672_i_2_j_25_k_5_m_10,38.45860036736026,LinearRegression,"GSA,PV,PLD"
str_m2_o3_o5_f0_nbo.sym.30.out,38.21734763286315,LinearRegression,"GSA,PV,PLD"
hypotheticalMOF_5019645_i_0_j_25_k_25_m_12,38.388175570623524,LinearRegression,"GSA,PV,PLD"
hypotheticalMOF_5047413_i_1_j_25_k_12_m_9,38.72031360063701,LinearRegression,"GSA,PV,PLD"
hypotheticalMOF_5073602_i_2_j_25_k_25_m_10,38.04838750882166,LinearRegression,"GSA,PV,PLD"
hypotheticalMOF_5047448_i_1_j_25_k_12_m_14,38.42979683922118,LinearRegression,"GSA,PV,PLD"
mof_4737,38.17748545811511,LinearRegression,"GSA,PV,PLD"
str_m3_o8_o8_f0_pcu.sym.38.out,38.47047508402201,LinearRegression,"GSA,PV,PLD"
hypotheticalMOF_5047385_i_1_j_25_k_12_m_5,38.22233994690921,LinearRegression,"GSA,PV,PLD"
hypotheticalMOF_5046761_i_1_j_25_k_5_m_14,38.080412613370264,LinearRegression,"GSA,PV,PLD"
hypotheticalMOF_5059410_i_2_j_19_k_5_m_5,38.60330392648152,LinearRegression,"GSA,PV,PLD"
hypotheticalMOF_5048018_i_1_j_25_k_19_m_9,38.51081552542814,LinearRegression,"GSA,PV,PLD"
hypotheticalMOF_5072363_i_2_j_25_k_12_m_14,38.048908993030864,LinearRegression,"GSA,PV,PLD"
hypotheticalMOF_5048722_i_1_j_25_k_25_m_4,38.99551900872498,LinearRegression,"GSA,PV,PLD"
hypotheticalMOF_3000139_i_1_j_23_k_23_m_13_cat_1,38.140547565107454,LinearRegression,"GSA,PV,PLD"
hypotheticalMOF_5064150_i_2_j_21_k_5_m_5,38.21982640406265,LinearRegression,"GSA,PV,PLD"
hypotheticalMOF_5017872_i_0_j_25_k_12_m_12,39.13198437709377,LinearRegression,"GSA,PV,PLD"
hypotheticalMOF_5048741_i_1_j_25_k_25_m_7,38.393293142311116,LinearRegression,"GSA,PV,PLD"
hypotheticalMOF_5048015_i_1_j_25_k_19_m_9,38.02515078445968,LinearRegression,"GSA,PV,PLD"
hypotheticalMOF_5071686_i_2_j_25_k_5_m_11,38.66596677367775,LinearRegression,"GSA,PV,PLD"
hypotheticalMOF_5073576_i_2_j_25_k_25_m_7,38.7769842232062,LinearRegression,"GSA,PV,PLD"
hypotheticalMOF_5039063_i_1_j_21_k_5_m_5,38.22482648063331,LinearRegression,"GSA,PV,PLD"
hypotheticalMOF_5071706_i_2_j_25_k_5_m_14,38.03179363219978,LinearRegression,"GSA,PV,PLD"
hypotheticalMOF_25993_i_1_j_17_k_5_m_12,38.37000070360175,LinearRegression,"GSA,PV,PLD"
hypotheticalMOF_5044148_i_1_j_23_k_21_m_4,38.04504625213539,LinearRegression,"GSA,PV,PLD"
hypotheticalMOF_5048714_i_1_j_25_k_25_m_4,39.000808777153864,LinearRegression,"GSA,PV,PLD"
hypotheticalMOF_5047400_i_1_j_25_k_12_m_7,38.80906722726202,LinearRegression,"GSA,PV,PLD"
hypotheticalMOF_5072314_i_2_j_25_k_12_m_7,38.10338277373417,LinearRegression,"GSA,PV,PLD"
hypotheticalMOF_5073527_i_2_j_25_k_25_m_2,38.23094885688726,LinearRegression,"GSA,PV,PLD"
hypotheticalMOF_3001324_i_2_j_24_k_23_m_12_cat_1,38.13281650595171,LinearRegression,"GSA,PV,PLD"
hypotheticalMOF_5048449_i_1_j_25_k_21_m_14,38.37215719645576,LinearRegression,"GSA,PV,PLD"
hypotheticalMOF_5022482_i_0_j_26_k_25_m_13,38.03311582112624,LinearRegression,"GSA,PV,PLD"
hypotheticalMOF_5048016_i_1_j_25_k_19_m_9,38.01849358410712,LinearRegression,"GSA,PV,PLD"
hypotheticalMOF_5071254_i_2_j_25_k_1_m_9,38.17739885338294,LinearRegression,"GSA,PV,PLD"
hypotheticalMOF_5019653_i_0_j_25_k_25_m_13,38.16690980251966,LinearRegression,"GSA,PV,PLD"
hypotheticalMOF_5019573_i_0_j_25_k_25_m_6,38.10358586086021,LinearRegression,"GSA,PV,PLD"
hypotheticalMOF_28737_i_2_j_5_k_5_m_5,38.452758224337416,LinearRegression,"GSA,PV,PLD"
mof_4989,38.961347882672534,LinearRegression,"GSA,PV,PLD"
hypotheticalMOF_5072297_i_2_j_25_k_12_m_4,38.1773536103857,LinearRegression,"GSA,PV,PLD"
hypotheticalMOF_5047210_i_1_j_25_k_11_m_0,38.67618926054297,LinearRegression,"GSA,PV,PLD"
hypotheticalMOF_5026172_i_0_j_27_k_25_m_13,38.12255367007462,LinearRegression,"GSA,PV,PLD"
hypotheticalMOF_5048772_i_1_j_25_k_25_m_11,38.26909702106924,LinearRegression,"GSA,PV,PLD"
hypotheticalMOF_18189_i_1_j_5_k_5_m_5,38.10825100257542,LinearRegression,"GSA,PV,PLD"
hypotheticalMOF_5072292_i_2_j_25_k_12_m_4,38.55484937952771,LinearRegression,"GSA,PV,PLD"
hypotheticalMOF_5073401_i_2_j_25_k_23_m_7,38.986556246637264,LinearRegression,"GSA,PV,PLD"
hypotheticalMOF_5068333_i_2_j_23_k_11_m_0,38.919718851550265,LinearRegression,"GSA,PV,PLD"
hypotheticalMOF_5072294_i_2_j_25_k_12_m_4,38.25822221498848,LinearRegression,"GSA,PV,PLD"
hypotheticalMOF_5048555_i_1_j_25_k_23_m_7,38.841657362914574,LinearRegression,"GSA,PV,PLD"
hypotheticalMOF_5047376_i_1_j_25_k_12_m_4,38.1150400506574,LinearRegression,"GSA,PV,PLD"
hypotheticalMOF_5073612_i_2_j_25_k_25_m_11,39.176254917529704,LinearRegression,"GSA,PV,PLD"
hypotheticalMOF_5071704_i_2_j_25_k_5_m_14,38.24073714765487,LinearRegression,"GSA,PV,PLD"
hypotheticalMOF_5042926_i_1_j_23_k_5_m_5,38.64475299833789,LinearRegression,"GSA,PV,PLD"
hypotheticalMOF_5046686_i_1_j_25_k_5_m_5,38.199269841923716,LinearRegression,"GSA,PV,PLD"
hypotheticalMOF_5019463_i_0_j_25_k_24_m_12,38.35413629230048,LinearRegression,"GSA,PV,PLD"
hypotheticalMOF_5073282_i_2_j_25_k_21_m_11,38.51559816226029,LinearRegression,"GSA,PV,PLD"
hypotheticalMOF_5073564_i_2_j_25_k_25_m_4,38.55903439876865,LinearRegression,"GSA,PV,PLD"
hypotheticalMOF_5073604_i_2_j_25_k_25_m_10,38.424729404516185,LinearRegression,"GSA,PV,PLD"
hypotheticalMOF_5019315_i_0_j_25_k_23_m_6,38.37575725461548,LinearRegression,"GSA,PV,PLD"
hypotheticalMOF_5072982_i_2_j_25_k_20_m_2,38.14496574537473,SGDRegressor,"GSA,PV,PLD"
hypotheticalMOF_5039680_i_1_j_21_k_11_m_1,38.16564735603407,SGDRegressor,"GSA,PV,PLD"
hypotheticalMOF_5072950_i_2_j_25_k_20_m_1,38.05187432451653,SGDRegressor,"GSA,PV,PLD"
hypotheticalMOF_5039799_i_1_j_21_k_12_m_1,38.07373759857211,SGDRegressor,"GSA,PV,PLD"
hypotheticalMOF_5040969_i_1_j_21_k_21_m_2,38.145323166633545,SGDRegressor,"GSA,PV,PLD"
hypotheticalMOF_5066046_i_2_j_21_k_21_m_2,38.12295534812447,SGDRegressor,"GSA,PV,PLD"
hypotheticalMOF_5040957_i_1_j_21_k_21_m_1,38.252942125821136,SGDRegressor,"GSA,PV,PLD"
hypotheticalMOF_5034210_i_1_j_19_k_5_m_1,38.0819639413769,SGDRegressor,"GSA,PV,PLD"
hypotheticalMOF_5065011_i_2_j_21_k_12_m_10,38.11925429779079,SGDRegressor,"GSA,PV,PLD"
hypotheticalMOF_5040949_i_1_j_21_k_21_m_1,38.26604572599385,SGDRegressor,"GSA,PV,PLD"
hypotheticalMOF_5034212_i_1_j_19_k_5_m_1,38.08744635112609,SGDRegressor,"GSA,PV,PLD"
hypotheticalMOF_5064903_i_2_j_21_k_12_m_2,38.04282919593633,SGDRegressor,"GSA,PV,PLD"
hypotheticalMOF_5064899_i_2_j_21_k_12_m_2,38.026381966688746,SGDRegressor,"GSA,PV,PLD"
hypotheticalMOF_5059356_i_2_j_19_k_5_m_1,38.217323583944676,SGDRegressor,"GSA,PV,PLD"
hypotheticalMOF_5069018_i_2_j_23_k_20_m_7,38.180728075115844,SGDRegressor,"GSA,PV,PLD"
hypotheticalMOF_5059369_i_2_j_19_k_5_m_1,38.184429125449526,SGDRegressor,"GSA,PV,PLD"
hypotheticalMOF_5044033_i_1_j_23_k_20_m_7,38.29048581497776,SGDRegressor,"GSA,PV,PLD"
hypotheticalMOF_5065897_i_2_j_21_k_20_m_8,38.00264763801387,SGDRegressor,"GSA,PV,PLD"
hypotheticalMOF_5066151_i_2_j_21_k_21_m_9,38.12985290433834,SGDRegressor,"GSA,PV,PLD"
hypotheticalMOF_5066159_i_2_j_21_k_21_m_10,38.09135209790363,SGDRegressor,"GSA,PV,PLD"
hypotheticalMOF_5065872_i_2_j_21_k_20_m_7,38.14036515101213,SGDRegressor,"GSA,PV,PLD"
hypotheticalMOF_5059447_i_2_j_19_k_5_m_9,38.23863913360988,SGDRegressor,"GSA,PV,PLD"
hypotheticalMOF_5039014_i_1_j_21_k_5_m_2,38.20259134917141,SGDRegressor,"GSA,PV,PLD"
hypotheticalMOF_5069039_i_2_j_23_k_20_m_9,38.12812351655173,SGDRegressor,"GSA,PV,PLD"
hypotheticalMOF_5041110_i_1_j_21_k_21_m_10,38.029883776940565,SGDRegressor,"GSA,PV,PLD"
hypotheticalMOF_5073043_i_2_j_25_k_20_m_6,38.30082215183228,SGDRegressor,"GSA,PV,PLD"
hypotheticalMOF_5077691_i_2_j_27_k_20_m_13,38.04638297781704,SGDRegressor,"GSA,PV,PLD"
hypotheticalMOF_5017599_i_0_j_25_k_10_m_4,38.26457860790027,SGDRegressor,"GSA,PV,PLD"
hypotheticalMOF_5059452_i_2_j_19_k_5_m_9,38.134173500365584,SGDRegressor,"GSA,PV,PLD"
hypotheticalMOF_5048098_i_1_j_25_k_20_m_2,38.26998571575797,SGDRegressor,"GSA,PV,PLD"
hypotheticalMOF_5063791_i_2_j_21_k_2_m_7,38.10496569889182,SGDRegressor,"GSA,PV,PLD"
hypotheticalMOF_5018703_i_0_j_25_k_19_m_14,38.2335141451195,SGDRegressor,"GSA,PV,PLD"
hypotheticalMOF_5065039_i_2_j_21_k_12_m_11,38.23221399989488,SGDRegressor,"GSA,PV,PLD"
hypotheticalMOF_5059443_i_2_j_19_k_5_m_9,38.12078444549553,SGDRegressor,"GSA,PV,PLD"
hypotheticalMOF_5030897_i_0_j_29_k_6_m_0_cat_1,38.286738249377166,SGDRegressor,"GSA,PV,PLD"
hypotheticalMOF_5064198_i_2_j_21_k_5_m_10,38.0624441444395,SGDRegressor,"GSA,PV,PLD"
hypotheticalMOF_5019133_i_0_j_25_k_21_m_13,38.19099804702917,SGDRegressor,"GSA,PV,PLD"
hypotheticalMOF_5061611_i_2_j_20_k_5_m_12,38.15172497008594,SGDRegressor,"GSA,PV,PLD"
hypotheticalMOF_5066093_i_2_j_21_k_21_m_5,38.24866122914246,SGDRegressor,"GSA,PV,PLD"
hypotheticalMOF_3000706_i_1_j_26_k_23_m_7_cat_1,38.04655221697625,SGDRegressor,"GSA,PV,PLD"
hypotheticalMOF_5073133_i_2_j_25_k_20_m_14,38.26302725096489,SGDRegressor,"GSA,PV,PLD"
hypotheticalMOF_5048164_i_1_j_25_k_20_m_6,38.034732247683905,SGDRegressor,"GSA,PV,PLD"
str_m3_o25_o27_f0_pcu.sym.111.out,38.02481409540911,SGDRegressor,"GSA,PV,PLD"
hypotheticalMOF_5048681_i_1_j_25_k_25_m_2,38.180923979867686,SGDRegressor,"GSA,PV,PLD"
hypotheticalMOF_5073591_i_2_j_25_k_25_m_9,38.015070783913814,SGDRegressor,"GSA,PV,PLD"
hypotheticalMOF_5048414_i_1_j_25_k_21_m_10,38.1467492258222,SGDRegressor,"GSA,PV,PLD"
hypotheticalMOF_3001275_i_2_j_24_k_23_m_6_cat_1,38.10947659805063,SGDRegressor,"GSA,PV,PLD"
hypotheticalMOF_3000141_i_1_j_23_k_23_m_13_cat_1,38.05085084229725,SGDRegressor,"GSA,PV,PLD"
hypotheticalMOF_5050801_i_1_j_26_k_25_m_9,38.030964832409026,SGDRegressor,"GSA,PV,PLD"
hypotheticalMOF_5067991_i_2_j_23_k_5_m_14,38.16275281919549,SGDRegressor,"GSA,PV,PLD"
hypotheticalMOF_5041133_i_1_j_21_k_21_m_12,38.27555434012263,SGDRegressor,"GSA,PV,PLD"
hypotheticalMOF_3001436_i_2_j_24_k_24_m_12_cat_1,38.25962604864085,SGDRegressor,"GSA,PV,PLD"
hypotheticalMOF_3000264_i_1_j_24_k_23_m_13_cat_1,38.23337581361683,SGDRegressor,"GSA,PV,PLD"
hypotheticalMOF_28738_i_2_j_5_k_5_m_5,38.024372580566784,SGDRegressor,"GSA,PV,PLD"
hypotheticalMOF_5048160_i_1_j_25_k_20_m_6,38.23846868015259,SGDRegressor,"GSA,PV,PLD"
mof_4797,38.22649265071526,SGDRegressor,"GSA,PV,PLD"
hypotheticalMOF_5073112_i_2_j_25_k_20_m_11,38.16730689829117,SGDRegressor,"GSA,PV,PLD"
hypotheticalMOF_5047125_i_1_j_25_k_10_m_0,38.030699227385966,SGDRegressor,"GSA,PV,PLD"
hypotheticalMOF_5044017_i_1_j_23_k_20_m_4,38.11923656914847,SGDRegressor,"GSA,PV,PLD"
hypotheticalMOF_5072337_i_2_j_25_k_12_m_10,38.28891127303807,SGDRegressor,"GSA,PV,PLD"
hypotheticalMOF_5048035_i_1_j_25_k_19_m_11,38.0364061832533,SGDRegressor,"GSA,PV,PLD"
hypotheticalMOF_5067953_i_2_j_23_k_5_m_7,38.134873949570924,SGDRegressor,"GSA,PV,PLD"
hypotheticalMOF_5046281_i_1_j_25_k_1_m_4,38.089913766434634,SGDRegressor,"GSA,PV,PLD"
hypotheticalMOF_3001271_i_2_j_24_k_23_m_6_cat_1,38.100788890729234,SGDRegressor,"GSA,PV,PLD"
hypotheticalMOF_5072361_i_2_j_25_k_12_m_14,38.26581436395736,SGDRegressor,"GSA,PV,PLD"
hypotheticalMOF_5050837_i_1_j_26_k_25_m_14,38.254440151571266,SGDRegressor,"GSA,PV,PLD"
hypotheticalMOF_24589_i_1_j_15_k_5_m_6,38.15558420159657,SGDRegressor,"GSA,PV,PLD"
hypotheticalMOF_5050836_i_1_j_26_k_25_m_14,38.02663196410145,SGDRegressor,"GSA,PV,PLD"
hypotheticalMOF_18258_i_1_j_5_k_5_m_12,38.03845314769187,SGDRegressor,"GSA,PV,PLD"
hypotheticalMOF_5048775_i_1_j_25_k_25_m_11,38.15995691451099,SGDRegressor,"GSA,PV,PLD"
hypotheticalMOF_3001220_i_2_j_23_k_23_m_13_cat_1,38.031342103342126,SGDRegressor,"GSA,PV,PLD"
hypotheticalMOF_5073609_i_2_j_25_k_25_m_11,38.02428848698327,SGDRegressor,"GSA,PV,PLD"
hypotheticalMOF_5053519_i_1_j_27_k_25_m_5,38.18820759870667,SGDRegressor,"GSA,PV,PLD"
hypotheticalMOF_5048757_i_1_j_25_k_25_m_10,38.0477140306982,SGDRegressor,"GSA,PV,PLD"
hypotheticalMOF_5073229_i_2_j_25_k_21_m_5,38.25531651059587,SGDRegressor,"GSA,PV,PLD"
str_m2_o19_o27_f0_nbo.sym.73.out,38.04129863740195,SGDRegressor,"GSA,LCD,PLD"
str_m1_o20_o27_f0_pcu.sym.45.out,38.12519505134077,SGDRegressor,"GSA,LCD,PLD"
str_m1_o20_o28_f0_pcu.sym.79.out,38.042963804079896,SGDRegressor,"GSA,LCD,PLD"
str_m2_o8_o29_f0_pcu.sym.23.out,38.09033859681546,SGDRegressor,"GSA,LCD,PLD"
str_m3_o23_o24_f0_nbo.sym.214.out,38.0440859402065,SGDRegressor,"GSA,LCD,PLD"
str_m3_o3_o7_f0_pcu.sym.57.out,38.02741871574656,SGDRegressor,"GSA,LCD,PLD"
str_m1_o8_o26_f0_pcu.sym.232.out,38.11717686224449,SGDRegressor,"GSA,LCD,PLD"
str_m2_o6_o11_f0_nbo.sym.16.out,38.13303596668667,SGDRegressor,"GSA,LCD,PLD"
str_m1_o26_o26_f0_pcu.sym.229.out,38.03155835504211,SGDRegressor,"GSA,LCD,PLD"
str_m2_o3_o26_f0_pcu.sym.66.out,38.068290496779554,SGDRegressor,"GSA,LCD,PLD"
str_m2_o7_o9_f0_nbo.sym.3.out,38.02634511095506,SGDRegressor,"GSA,LCD,PLD"
str_m2_o3_o14_f0_nbo.sym.83.out,38.00025882957274,SGDRegressor,"GSA,LCD,PLD"
str_m2_o17_o27_f0_nbo.sym.89.out,38.15025704988129,SGDRegressor,"GSA,LCD,PLD"
str_m2_o11_o20_f0_nbo.sym.66.out,38.062934798534805,RandomForest,"VSA,VF,PV"
str_m2_o11_o23_f0_nbo.sym.184.out,38.04472638750139,RandomForest,"VSA,VF,PV"
str_m3_o20_o26_f0_pcu.sym.41.out,38.06599999999999,RandomForest,"VSA,PV,LCD"
str_m3_o20_o26_f0_pcu.sym.62.out,38.12800000000002,RandomForest,"VSA,PV,LCD"
str_m1_o20_o24_f0_pcu.sym.135.out,38.171878814697266,XGBoost,"VSA,LCD,PLD"
str_m3_o6_o7_f0_pcu.sym.168.out,38.2984619140625,XGBoost,"VSA,LCD,PLD"
str_m1_o20_o24_f0_pcu.sym.28.out,38.171878814697266,XGBoost,"VSA,LCD,PLD"
str_m3_o6_o7_f0_pcu.sym.85.out,38.23594665527344,XGBoost,"VSA,LCD,PLD"
str_m2_o25_o27_f0_pcu.sym.25.out,38.3304328918457,XGBoost,"VSA,LCD,PLD"
str_m1_o23_o24_f0_pcu.sym.31.out,38.350589752197266,XGBoost,"VSA,LCD,PLD"
str_m2_o25_o27_f0_pcu.sym.140.out,38.09872817993164,XGBoost,"VSA,LCD,PLD"
str_m3_o6_o27_f0_pcu.sym.88.out,38.532325744628906,XGBoost,"VSA,LCD,PLD"
mof_4653,38.759490966796875,XGBoost,"VSA,LCD,PLD"
str_m2_o6_o6_f0_pcu.sym.49.out,38.96103286743164,XGBoost,"VSA,LCD,PLD"
mof_4654,38.759490966796875,XGBoost,"VSA,LCD,PLD"
str_m3_o23_o27_f0_pcu.sym.129.out,38.01215744018555,XGBoost,"VSA,LCD,PLD"
str_m3_o23_o27_f0_pcu.sym.51.out,38.04412841796875,XGBoost,"VSA,LCD,PLD"
str_m1_o6_o24_f0_pcu.sym.110.out,38.5890007019043,XGBoost,"VSA,LCD,PLD"
str_m2_o23_o27_f0_pcu.sym.240.out,38.01570510864258,XGBoost,"VSA,LCD,PLD"
str_m1_o23_o24_f0_pcu.sym.80.out,39.01115036010742,XGBoost,"VSA,LCD,PLD"
str_m1_o23_o24_f0_pcu.sym.280.out,38.939453125,XGBoost,"VSA,LCD,PLD"
str_m1_o6_o9_f0_pcu.sym.13.out,38.21678924560547,XGBoost,"VSA,LCD,PLD"
str_m1_o6_o9_f0_pcu.sym.61.out,38.79022979736328,XGBoost,"VSA,LCD,PLD"
str_m1_o8_o12_f0_pcu.sym.180.out,38.219573974609375,XGBoost,"VSA,LCD,PLD"
str_m1_o6_o15_f0_pcu.sym.74.out,38.09782409667969,XGBoost,"VSA,LCD,PLD"
str_m2_o14_o19_f0_nbo.sym.138.out,38.4952392578125,XGBoost,"VSA,LCD,PLD"
str_m1_o3_o24_f0_pcu.sym.100.out,38.25764846801758,XGBoost,"VSA,LCD,PLD"
str_m2_o25_o27_f0_pcu.sym.18.out,38.964210510253906,XGBoost,"VSA,LCD,PLD"
str_m1_o6_o14_f0_pcu.sym.241.out,38.57468032836914,XGBoost,"VSA,LCD,PLD"
str_m2_o14_o20_f0_nbo.sym.193.out,38.27494430541992,XGBoost,"VSA,LCD,PLD"
str_m1_o9_o23_f0_pcu.sym.22.out,39.03445053100586,XGBoost,"VSA,LCD,PLD"
str_m1_o9_o23_f0_pcu.sym.173.out,38.68130874633789,XGBoost,"VSA,LCD,PLD"
str_m1_o3_o9_f0_pcu.sym.165.out,38.502410888671875,XGBoost,"VSA,LCD,PLD"
str_m1_o6_o15_f0_pcu.sym.46.out,38.53165054321289,XGBoost,"VSA,LCD,PLD"
str_m1_o8_o10_f0_pcu.sym.161.out,38.166141510009766,XGBoost,"VSA,LCD,PLD"
str_m3_o3_o11_f0_pcu.sym.59.out,38.492862701416016,XGBoost,"VSA,LCD,PLD"
str_m1_o9_o23_f0_pcu.sym.183.out,38.953739166259766,XGBoost,"VSA,LCD,PLD"
str_m1_o3_o24_f0_pcu.sym.75.out,38.75019454956055,XGBoost,"VSA,LCD,PLD"
str_m1_o3_o24_f0_pcu.sym.4.out,39.449798583984375,XGBoost,"VSA,LCD,PLD"
str_m2_o3_o5_f0_pcu.sym.95.out,39.3065071105957,XGBoost,"VSA,LCD,PLD"
str_m3_o3_o5_f0_pcu.sym.57.out,38.12247848510742,XGBoost,"VSA,LCD,PLD"
str_m2_o3_o11_f0_pcu.sym.165.out,38.02708053588867,XGBoost,"VSA,LCD,PLD"
str_m2_o8_o8_f0_pcu.sym.79.out,39.841102600097656,XGBoost,"VSA,LCD,PLD"
str_m2_o3_o5_f0_pcu.sym.28.out,39.04487991333008,XGBoost,"VSA,LCD,PLD"
str_m3_o3_o11_f0_pcu.sym.232.out,38.33677673339844,XGBoost,"VSA,LCD,PLD"
str_m3_o3_o19_f0_pcu.sym.60.out,38.16360092163086,XGBoost,"VSA,LCD,PLD"
str_m2_o3_o10_f0_pcu.sym.164.out,38.09645462036133,XGBoost,"VSA,LCD,PLD"
str_m3_o3_o5_f0_pcu.sym.219.out,39.150760650634766,XGBoost,"VSA,LCD,PLD"
str_m2_o3_o5_f0_pcu.sym.220.out,38.62314224243164,XGBoost,"VSA,LCD,PLD"
str_m2_o3_o10_f0_pcu.sym.18.out,38.44655227661133,XGBoost,"VSA,LCD,PLD"
str_m3_o3_o11_f0_pcu.sym.228.out,38.155677795410156,XGBoost,"VSA,LCD,PLD"
str_m3_o3_o10_f0_pcu.sym.206.out,39.0040168762207,XGBoost,"VSA,LCD,PLD"
str_m2_o3_o10_f0_pcu.sym.205.out,38.020591735839844,XGBoost,"VSA,LCD,PLD"
str_m2_o3_o5_f0_pcu.sym.207.out,38.917415618896484,XGBoost,"VSA,LCD,PLD"
str_m2_o3_o19_f0_pcu.sym.201.out,38.24720001220703,XGBoost,"VSA,LCD,PLD"
str_m3_o3_o5_f0_pcu.sym.4.out,38.356231689453125,XGBoost,"VSA,LCD,PLD"
str_m1_o3_o5_f0_pcu.sym.40.out,38.15882110595703,XGBoost,"VSA,LCD,PLD"
str_m3_o3_o10_f0_pcu.sym.252.out,38.79117202758789,XGBoost,"VSA,LCD,PLD"
str_m3_o3_o10_f0_pcu.sym.226.out,38.845821380615234,XGBoost,"VSA,LCD,PLD"
str_m2_o3_o10_f0_pcu.sym.165.out,38.649200439453125,XGBoost,"VSA,LCD,PLD"
mof_4698,38.35643768310547,XGBoost,"VSA,LCD,PLD"
str_m3_o3_o10_f0_pcu.sym.124.out,38.617774963378906,XGBoost,"VSA,LCD,PLD"
str_m3_o3_o5_f0_pcu.sym.20.out,38.944313049316406,XGBoost,"VSA,LCD,PLD"
str_m2_o3_o11_f0_pcu.sym.19.out,38.12579345703125,XGBoost,"VSA,LCD,PLD"
str_m3_o3_o5_f0_pcu.sym.119.out,38.56867218017578,XGBoost,"VSA,LCD,PLD"
str_m2_o3_o5_f0_pcu.sym.168.out,38.492862701416016,XGBoost,"VSA,LCD,PLD"
str_m3_o3_o10_f0_pcu.sym.121.out,38.61418151855469,XGBoost,"VSA,LCD,PLD"
XUTQEI_UM,39.13418960571289,XGBoost,"VSA,LCD,PLD"
HUDWOU_CSD17,38.82079315185547,XGBoost,"VSA,LCD,PLD"
FIHHUB_CoRE,39.4644660949707,XGBoost,"VSA,LCD,PLD"
mof_12418,38.24651463989068,LinearRegression,"VF,PV,LCD"
str_m1_o7_o19_f0_pcu.sym.43.out,38.12957702451928,LinearRegression,"PV,LCD,PLD"
str_m1_o7_o17_f0_pcu.sym.12.out,38.10608701264299,LinearRegression,"PV,LCD,PLD"
str_m2_o27_o27_f0_pcu.sym.25.out,38.07596452904793,LinearRegression,"PV,LCD,PLD"
str_m1_o3_o19_f0_pcu.sym.38.out,38.02973808305023,LinearRegression,"PV,LCD,PLD"
str_m3_o27_o27_f0_pcu.sym.90.out,38.09928188646505,LinearRegression,"PV,LCD,PLD"
str_m1_o7_o17_f0_pcu.sym.142.out,38.23113273096878,LinearRegression,"PV,LCD,PLD"
str_m1_o7_o17_f0_pcu.sym.25.out,38.05049877050241,LinearRegression,"PV,LCD,PLD"
str_m1_o7_o15_f0_pcu.sym.41.out,38.176226819934236,LinearRegression,"PV,LCD,PLD"
str_m1_o3_o4_f0_pcu.sym.5.out,38.37598792580025,LinearRegression,"PV,LCD,PLD"
mof_9590,38.428053206448666,LinearRegression,"PV,LCD,PLD"
mof_9588,38.27590818752482,LinearRegression,"PV,LCD,PLD"
str_m1_o3_o9_f0_pcu.sym.69.out,38.52531729307038,LinearRegression,"PV,LCD,PLD"
str_m1_o3_o15_f0_pcu.sym.16.out,38.956129017417936,LinearRegression,"PV,LCD,PLD"
mof_9030,38.52472128919394,LinearRegression,"PV,LCD,PLD"
str_m2_o9_o28_f0_pcu.sym.51.out,38.262962081392594,LinearRegression,"PV,LCD,PLD"
str_m1_o8_o8_f0_pcu.sym.209.out,38.10035640680965,SGDRegressor,"PV,LCD,PLD"
str_m3_o3_o5_f0_nbo.sym.35.out,38.45538933229113,SGDRegressor,"PV,LCD,PLD"
mof_3093,38.26177686776114,SGDRegressor,"PV,LCD,PLD"
str_m1_o7_o24_f0_pcu.sym.120.out,38.905911242859275,SGDRegressor,"PV,LCD,PLD"
str_m1_o6_o27_f0_pcu.sym.76.out,38.4948391020677,SGDRegressor,"PV,LCD,PLD"
str_m1_o26_o26_f0_pcu.sym.104.out,38.59272500524281,SGDRegressor,"PV,LCD,PLD"
str_m1_o8_o26_f0_pcu.sym.134.out,38.23460192591622,SGDRegressor,"PV,LCD,PLD"
str_m1_o8_o8_f0_pcu.sym.274.out,38.80231468342795,SGDRegressor,"PV,LCD,PLD"
str_m1_o8_o26_f0_pcu.sym.144.out,38.165438433293836,SGDRegressor,"PV,LCD,PLD"
str_m1_o3_o24_f0_pcu.sym.62.out,38.04291194447015,SGDRegressor,"PV,LCD,PLD"
str_m1_o8_o26_f0_pcu.sym.44.out,38.45401858081739,SGDRegressor,"PV,LCD,PLD"
str_m1_o8_o26_f0_pcu.sym.164.out,38.2637594923473,SGDRegressor,"PV,LCD,PLD"
str_m1_o8_o8_f0_pcu.sym.233.out,38.80578427645373,SGDRegressor,"PV,LCD,PLD"
str_m1_o26_o26_f0_pcu.sym.199.out,38.21311199438095,SGDRegressor,"PV,LCD,PLD"
str_m1_o7_o14_f0_pcu.sym.8.out,38.59313009037004,SGDRegressor,"PV,LCD,PLD"
str_m2_o27_o27_f0_pcu.sym.20.out,38.05204054309304,SGDRegressor,"PV,LCD,PLD"
str_m3_o27_o29_f0_pcu.sym.141.out,38.25128194246905,SGDRegressor,"PV,LCD,PLD"
str_m2_o7_o22_f0_nbo.sym.85.out,38.315605449357875,SGDRegressor,"PV,LCD,PLD"
str_m1_o3_o24_f0_pcu.sym.13.out,38.612870190016864,SGDRegressor,"PV,LCD,PLD"
str_m2_o27_o27_f0_pcu.sym.152.out,38.61651650027672,SGDRegressor,"PV,LCD,PLD"
str_m1_o7_o28_f0_pcu.sym.130.out,39.24248831518696,SGDRegressor,"PV,LCD,PLD"
str_m3_o3_o24_f0_nbo.sym.19.out,38.85622941123944,SGDRegressor,"PV,LCD,PLD"
str_m2_o27_o27_f0_pcu.sym.36.out,38.670431228088205,SGDRegressor,"PV,LCD,PLD"
str_m2_o3_o28_f0_pcu.sym.206.out,38.16570129674267,SGDRegressor,"PV,LCD,PLD"
str_m3_o3_o14_f0_nbo.sym.72.out,38.41433601834311,SGDRegressor,"PV,LCD,PLD"
str_m3_o3_o22_f0_nbo.sym.62.out,38.633343163312496,SGDRegressor,"PV,LCD,PLD"
str_m3_o7_o24_f0_nbo.sym.70.out,38.41663758184174,SGDRegressor,"PV,LCD,PLD"
str_m2_o3_o22_f0_nbo.sym.21.out,38.52717775212916,SGDRegressor,"PV,LCD,PLD"
str_m2_o27_o27_f0_pcu.sym.201.out,38.23591217712177,SGDRegressor,"PV,LCD,PLD"
str_m2_o3_o4_f0_nbo.sym.5.out,39.27657679713687,SGDRegressor,"PV,LCD,PLD"
str_m3_o3_o24_f0_nbo.sym.35.out,38.32122995939932,SGDRegressor,"PV,LCD,PLD"
str_m3_o3_o4_f0_nbo.sym.33.out,38.57485131321627,SGDRegressor,"PV,LCD,PLD"
str_m3_o3_o4_f0_nbo.sym.10.out,38.70737707118552,SGDRegressor,"PV,LCD,PLD"
str_m2_o27_o27_f0_pcu.sym.88.out,38.636985048767784,SGDRegressor,"PV,LCD,PLD"
str_m2_o3_o15_f0_nbo.sym.22.out,38.28157746767616,SGDRegressor,"PV,LCD,PLD"
mof_9109,38.368407864339886,SGDRegressor,"PV,LCD,PLD"
str_m2_o3_o29_f0_pcu.sym.167.out,38.05119587728292,SGDRegressor,"PV,LCD,PLD"
str_m1_o7_o17_f0_pcu.sym.51.out,38.89401549534232,SGDRegressor,"PV,LCD,PLD"
mof_5100,38.192846167836464,SGDRegressor,"PV,LCD,PLD"
str_m2_o3_o15_f0_nbo.sym.6.out,38.96329998850109,SGDRegressor,"PV,LCD,PLD"
str_m3_o3_o19_f0_nbo.sym.89.out,38.20754355980314,SGDRegressor,"PV,LCD,PLD"
str_m2_o3_o28_f0_pcu.sym.92.out,38.47186220209281,SGDRegressor,"PV,LCD,PLD"
str_m3_o3_o9_f0_nbo.sym.27.out,39.23782504668747,SGDRegressor,"PV,LCD,PLD"
str_m1_o3_o19_f0_pcu.sym.11.out,38.81502502600391,SGDRegressor,"PV,LCD,PLD"
str_m3_o3_o9_f0_nbo.sym.11.out,39.24980694041918,SGDRegressor,"PV,LCD,PLD"
str_m2_o3_o9_f0_nbo.sym.190.out,39.01642576720014,SGDRegressor,"PV,LCD,PLD"
str_m2_o3_o15_f0_nbo.sym.31.out,38.32140667663339,SGDRegressor,"PV,LCD,PLD"
str_m2_o3_o9_f0_nbo.sym.16.out,38.25612228696857,SGDRegressor,"PV,LCD,PLD"
str_m3_o3_o9_f0_nbo.sym.5.out,38.24804514214098,SGDRegressor,"PV,LCD,PLD"
str_m1_o3_o4_f0_pcu.sym.20.out,38.39593181584839,SGDRegressor,"PV,LCD,PLD"
str_m2_o27_o27_f0_pcu.sym.26.out,38.13100094168034,SGDRegressor,"PV,LCD,PLD"
str_m2_o3_o3_f0_pcu.sym.59.out,38.65337177235472,SGDRegressor,"PV,LCD,PLD"
str_m3_o27_o28_f0_pcu.sym.197.out,38.35586981419345,SGDRegressor,"PV,LCD,PLD"
str_m2_o3_o3_f0_pcu.sym.30.out,38.255419484070885,SGDRegressor,"PV,LCD,PLD"
str_m1_o3_o25_f0_pcu.sym.96.out,38.49203745761798,SGDRegressor,"PV,LCD,PLD"
str_m1_o7_o17_f0_pcu.sym.36.out,38.601965754793,SGDRegressor,"PV,LCD,PLD"
str_m3_o27_o27_f0_pcu.sym.129.out,38.337672758449884,SGDRegressor,"PV,LCD,PLD"
str_m2_o27_o29_f0_pcu.sym.137.out,38.70638133408788,SGDRegressor,"PV,LCD,PLD"
str_m2_o27_o29_f0_pcu.sym.126.out,38.65815161658604,SGDRegressor,"PV,LCD,PLD"
str_m1_o3_o9_f0_pcu.sym.100.out,38.37493754045966,SGDRegressor,"PV,LCD,PLD"
str_m2_o28_o28_f0_pcu.sym.94.out,38.69215395232119,SGDRegressor,"PV,LCD,PLD"
str_m1_o9_o27_f0_pcu.sym.96.out,38.74968013607089,SGDRegressor,"PV,LCD,PLD"
str_m2_o27_o29_f0_pcu.sym.174.out,38.40205198203638,SGDRegressor,"PV,LCD,PLD"
str_m1_o3_o9_f0_pcu.sym.3.out,38.105864699885224,SGDRegressor,"PV,LCD,PLD"
str_m2_o3_o3_f0_pcu.sym.28.out,38.38467837096094,SGDRegressor,"PV,LCD,PLD"
str_m2_o3_o29_f0_pcu.sym.213.out,38.00897453380775,SGDRegressor,"PV,LCD,PLD"
str_m1_o3_o9_f0_pcu.sym.27.out,38.630713811292296,SGDRegressor,"PV,LCD,PLD"
str_m2_o3_o29_f0_pcu.sym.111.out,38.00459977470365,SGDRegressor,"PV,LCD,PLD"
str_m1_o3_o27_f0_pcu.sym.131.out,38.636752256070075,SGDRegressor,"PV,LCD,PLD"
str_m1_o3_o22_f0_pcu.sym.5.out,38.06463466870313,SGDRegressor,"PV,LCD,PLD"
str_m1_o3_o15_f0_pcu.sym.43.out,38.62278331294766,SGDRegressor,"PV,LCD,PLD"
str_m2_o28_o28_f0_pcu.sym.136.out,38.00891403353955,SGDRegressor,"PV,LCD,PLD"
str_m3_o28_o28_f0_pcu.sym.217.out,38.97399727697382,SGDRegressor,"PV,LCD,PLD"
mof_9646,38.516471255281374,SGDRegressor,"PV,LCD,PLD"
str_m2_o28_o29_f0_pcu.sym.43.out,38.48069786651577,SGDRegressor,"PV,LCD,PLD"
str_m1_o3_o15_f0_pcu.sym.34.out,38.34933571326913,SGDRegressor,"PV,LCD,PLD"
str_m2_o28_o28_f0_pcu.sym.112.out,38.00652189902161,SGDRegressor,"PV,LCD,PLD"
str_m1_o3_o9_f0_pcu.sym.18.out,38.227132588162455,SGDRegressor,"PV,LCD,PLD"
mof_9587,38.005237652528585,SGDRegressor,"PV,LCD,PLD"
mof_12841,38.034015779779,SGDRegressor,"PV,LCD,PLD"
str_m1_o3_o9_f0_pcu.sym.47.out,38.174355819126994,SGDRegressor,"PV,LCD,PLD"
mof_8895,38.14368121350518,SGDRegressor,"PV,LCD,PLD"
mof_9632,38.505390102823426,SGDRegressor,"PV,LCD,PLD"
mof_12992,38.04766135918439,SGDRegressor,"PV,LCD,PLD"
str_m1_o3_o15_f0_pcu.sym.1.out,38.08801665380524,SGDRegressor,"PV,LCD,PLD"
str_m2_o9_o29_f0_pcu.sym.5.out,38.1602706590387,SGDRegressor,"PV,LCD,PLD"
str_m2_o9_o28_f0_pcu.sym.74.out,38.411004222191174,SGDRegressor,"PV,LCD,PLD"
str_m3_o11_o25_f0_nbo.sym.98.out,38.135005314104525,RandomForest,"Density,GSA,VF,PV"
mof_7696,38.051104034501975,SGDRegressor,"Density,GSA,VF,LCD"
str_m2_o5_o25_f0_nbo.sym.167.out,38.039920634920634,RandomForest,"Density,GSA,VF,LCD"
str_m2_o3_o3_f0_pcu.sym.122.out,38.0142330324812,SGDRegressor,"Density,GSA,PV,LCD"
str_m2_o19_o24_f0_nbo.sym.112.out,38.07705714285715,RandomForest,"Density,GSA,PV,LCD"
str_m1_o19_o23_f0_pcu.sym.159.out,38.02786666666666,RandomForest,"Density,GSA,PV,LCD"
str_m3_o11_o29_f0_nbo.sym.123.out,38.29243469238281,XGBoost,"Density,GSA,PV,PLD"
str_m3_o6_o29_f0_pcu.sym.146.out,38.07525634765625,XGBoost,"Density,GSA,PV,PLD"
mof_6493,38.139557465978974,RandomForest,"Density,VSA,VF,LCD"
str_m3_o19_o29_f0_nbo.sym.57.out,38.18725238095237,RandomForest,"Density,VF,PV,PLD"
str_m3_o19_o29_f0_nbo.sym.12.out,38.009466666666654,RandomForest,"Density,VF,PV,PLD"
str_m3_o19_o29_f0_nbo.sym.30.out,38.158852380952375,RandomForest,"Density,VF,PV,PLD"
str_m1_o19_o29_f0_pcu.sym.109.out,38.04008744588745,RandomForest,"Density,VF,LCD,PLD"
str_m2_o19_o25_f0_nbo.sym.73.out,38.02168253968252,RandomForest,"Density,VF,LCD,PLD"
str_m3_o19_o27_f0_nbo.sym.82.out,38.061150793650796,RandomForest,"Density,VF,LCD,PLD"
mof_7788,38.19725924144399,LinearRegression,"GSA,VSA,VF,PV"
str_m1_o20_o25_f0_pcu.sym.12.out,38.022119149757174,LinearRegression,"GSA,VSA,VF,PV"
mof_7260,38.478683642158295,LinearRegression,"GSA,VSA,VF,PV"
mof_7172,38.41524129898046,LinearRegression,"GSA,VSA,VF,PV"
mof_7349,38.19999052733045,LinearRegression,"GSA,VSA,VF,PV"
str_m3_o6_o11_f0_nbo.sym.108.out,38.02482294559802,SGDRegressor,"GSA,VSA,VF,PV"
str_m3_o6_o11_f0_nbo.sym.56.out,38.0692773725378,SGDRegressor,"GSA,VSA,VF,PV"
str_m3_o11_o20_f0_nbo.sym.122.out,38.04300000000003,RandomForest,"GSA,VSA,VF,LCD"
str_m1_o21_o26_f0_pcu.sym.127.out,38.01860256410254,RandomForest,"GSA,VSA,VF,LCD"
str_m3_o6_o8_f0_pcu.sym.12.out,38.244873046875,XGBoost,"GSA,VSA,LCD,PLD"
str_m3_o6_o7_f0_pcu.sym.82.out,38.47243118286133,XGBoost,"GSA,VSA,LCD,PLD"
str_m3_o6_o7_f0_pcu.sym.109.out,38.100032806396484,XGBoost,"GSA,VSA,LCD,PLD"
str_m3_o7_o8_f0_pcu.sym.50.out,38.00434494018555,XGBoost,"GSA,VSA,LCD,PLD"
str_m2_o2_o11_f0_nbo.sym.42.out,38.52372360229492,XGBoost,"GSA,VSA,LCD,PLD"
str_m2_o6_o26_f0_pcu.sym.71.out,38.333404541015625,XGBoost,"GSA,VSA,LCD,PLD"
str_m3_o3_o19_f0_pcu.sym.181.out,38.18833923339844,XGBoost,"GSA,VSA,LCD,PLD"
str_m3_o6_o27_f0_pcu.sym.97.out,38.464839935302734,XGBoost,"GSA,VSA,LCD,PLD"
str_m3_o3_o19_f0_pcu.sym.98.out,38.18833923339844,XGBoost,"GSA,VSA,LCD,PLD"
str_m3_o26_o27_f0_pcu.sym.174.out,38.015655517578125,XGBoost,"GSA,VSA,LCD,PLD"
str_m2_o6_o21_f0_pcu.sym.101.out,38.05653762817383,XGBoost,"GSA,VSA,LCD,PLD"
str_m2_o6_o8_f0_pcu.sym.159.out,38.080345153808594,XGBoost,"GSA,VSA,LCD,PLD"
str_m2_o25_o27_f0_pcu.sym.12.out,38.140647888183594,XGBoost,"GSA,VSA,LCD,PLD"
str_m2_o3_o25_f0_pcu.sym.202.out,38.3602294921875,XGBoost,"GSA,VSA,LCD,PLD"
str_m2_o6_o21_f0_pcu.sym.47.out,38.10258865356445,XGBoost,"GSA,VSA,LCD,PLD"
str_m3_o8_o29_f0_pcu.sym.107.out,38.273780822753906,XGBoost,"GSA,VSA,LCD,PLD"
str_m2_o23_o27_f0_pcu.sym.81.out,38.115055084228516,XGBoost,"GSA,VSA,LCD,PLD"
str_m3_o3_o19_f0_pcu.sym.65.out,38.14772415161133,XGBoost,"GSA,VSA,LCD,PLD"
str_m3_o7_o23_f0_pcu.sym.76.out,38.005859375,XGBoost,"GSA,VSA,LCD,PLD"
str_m2_o3_o25_f0_pcu.sym.173.out,38.12846755981445,XGBoost,"GSA,VSA,LCD,PLD"
str_m1_o25_o28_f0_pcu.sym.60.out,38.089717864990234,XGBoost,"GSA,VSA,LCD,PLD"
str_m2_o26_o29_f0_pcu.sym.182.out,38.006004333496094,XGBoost,"GSA,VSA,LCD,PLD"
str_m1_o6_o11_f0_pcu.sym.20.out,38.15120228967389,SGDRegressor,"GSA,PV,LCD,PLD"
str_m1_o7_o19_f0_pcu.sym.20.out,38.26196070900419,SGDRegressor,"GSA,PV,LCD,PLD"
str_m1_o7_o11_f0_pcu.sym.5.out,38.128859232617984,SGDRegressor,"GSA,PV,LCD,PLD"
str_m3_o7_o8_f0_pcu.sym.29.out,38.15394864507929,SGDRegressor,"GSA,PV,LCD,PLD"
str_m1_o23_o23_f0_pcu.sym.48.out,38.08263050339064,SGDRegressor,"GSA,PV,LCD,PLD"
str_m2_o7_o8_f0_pcu.sym.80.out,38.05788366437827,SGDRegressor,"GSA,PV,LCD,PLD"
str_m1_o26_o26_f0_pcu.sym.263.out,38.1626969380448,SGDRegressor,"GSA,PV,LCD,PLD"
str_m1_o25_o29_f0_pcu.sym.4.out,38.0664812121652,SGDRegressor,"GSA,PV,LCD,PLD"
str_m1_o7_o20_f0_pcu.sym.6.out,38.21518535546865,SGDRegressor,"GSA,PV,LCD,PLD"
str_m1_o25_o27_f0_pcu.sym.32.out,38.29550440906914,SGDRegressor,"GSA,PV,LCD,PLD"
str_m2_o3_o3_f0_pcu.sym.31.out,38.72187627226659,SGDRegressor,"GSA,PV,LCD,PLD"
str_m1_o23_o27_f0_pcu.sym.47.out,38.26900808563557,SGDRegressor,"GSA,PV,LCD,PLD"
str_m2_o7_o27_f0_pcu.sym.97.out,38.78794949135036,SGDRegressor,"GSA,PV,LCD,PLD"
str_m3_o3_o27_f0_pcu.sym.228.out,38.32697930369332,SGDRegressor,"GSA,PV,LCD,PLD"
str_m3_o7_o27_f0_pcu.sym.49.out,38.01112990078792,SGDRegressor,"GSA,PV,LCD,PLD"
str_m2_o26_o26_f0_pcu.sym.88.out,38.45340123226474,SGDRegressor,"GSA,PV,LCD,PLD"
str_m3_o27_o28_f0_pcu.sym.110.out,38.046740346389164,SGDRegressor,"GSA,PV,LCD,PLD"
str_m3_o3_o29_f0_pcu.sym.148.out,38.12123050716555,SGDRegressor,"GSA,PV,LCD,PLD"
str_m2_o25_o26_f0_pcu.sym.36.out,38.20868507786556,SGDRegressor,"GSA,PV,LCD,PLD"
str_m2_o25_o26_f0_pcu.sym.188.out,38.155126274762964,SGDRegressor,"GSA,PV,LCD,PLD"
str_m3_o27_o27_f0_pcu.sym.144.out,38.84036760262343,SGDRegressor,"GSA,PV,LCD,PLD"
str_m3_o3_o26_f0_pcu.sym.178.out,38.29456384130073,SGDRegressor,"GSA,PV,LCD,PLD"
str_m2_o3_o25_f0_pcu.sym.118.out,38.10447605768261,SGDRegressor,"GSA,PV,LCD,PLD"
str_m3_o3_o26_f0_pcu.sym.159.out,38.13634685980651,SGDRegressor,"GSA,PV,LCD,PLD"
str_m1_o7_o25_f0_pcu.sym.31.out,38.22581467414558,SGDRegressor,"GSA,PV,LCD,PLD"
str_m2_o25_o26_f0_pcu.sym.18.out,38.16816648957302,SGDRegressor,"GSA,PV,LCD,PLD"
str_m1_o6_o7_f0_pcu.sym.13.out,38.47299629199067,SGDRegressor,"GSA,PV,LCD,PLD"
str_m2_o3_o19_f0_pcu.sym.88.out,38.356547853516616,SGDRegressor,"GSA,PV,LCD,PLD"
str_m3_o27_o27_f0_pcu.sym.198.out,38.16631472947715,SGDRegressor,"GSA,PV,LCD,PLD"
str_m2_o3_o26_f0_pcu.sym.230.out,38.22057404134701,SGDRegressor,"GSA,PV,LCD,PLD"
LEJCEK_CSD17,38.40397360167275,SGDRegressor,"GSA,PV,LCD,PLD"
str_m2_o23_o26_f0_pcu.sym.109.out,38.077638636159065,SGDRegressor,"GSA,PV,LCD,PLD"
str_m3_o27_o27_f0_pcu.sym.37.out,38.363506681622965,SGDRegressor,"GSA,PV,LCD,PLD"
str_m3_o23_o26_f0_pcu.sym.161.out,38.18788045190688,SGDRegressor,"GSA,PV,LCD,PLD"
str_m3_o17_o20_f0_nbo.sym.73.out,38.01839050047315,SGDRegressor,"GSA,PV,LCD,PLD"
PUZLOM_CSD17,38.01802275948504,SGDRegressor,"GSA,PV,LCD,PLD"
str_m2_o3_o25_f0_pcu.sym.195.out,38.246212834991994,SGDRegressor,"GSA,PV,LCD,PLD"
str_m2_o11_o20_f0_nbo.sym.170.out,38.13451666666667,RandomForest,"VF,PV,LCD,PLD"
str_m2_o11_o20_f0_nbo.sym.50.out,38.05233333333334,RandomForest,"VF,PV,LCD,PLD"
str_m3_o19_o28_f0_nbo.sym.37.out,38.08445238095238,RandomForest,"VF,PV,LCD,PLD"
str_m2_o11_o20_f0_nbo.sym.38.out,38.041004761904766,RandomForest,"VF,PV,LCD,PLD"
str_m1_o19_o25_f0_pcu.sym.16.out,38.005619913419906,RandomForest,"VF,PV,LCD,PLD"
str_m3_o1_o27_f0_nbo.sym.129.out,38.03008571428572,RandomForest,"VF,PV,LCD,PLD"
str_m1_o21_o21_f0_pcu.sym.77.out,38.02670000000001,RandomForest,"VF,PV,LCD,PLD"
hypotheticalMOF_3000275_i_1_j_24_k_24_m_1_cat_1,38.01756939813289,LinearRegression,"Density,GSA,VSA,VF,PV"
str_m1_o6_o29_f0_pcu.sym.66.out,38.062645012117144,SGDRegressor,"GSA,VSA,VF,PV,LCD"
str_m1_o19_o25_f0_pcu.sym.129.out,38.00238095238096,RandomForest,"VSA,VF,PV,LCD,PLD"
XAHPON_CoRE,38.043616190546615,LinearRegression,"Density,GSA,VSA,VF,PV,PLD"
AHAYUF_CSD17,38.21199999999997,RandomForest,"Density,VSA,VF,PV,LCD,PLD"
str_m3_o20_o29_f0_pcu.sym.128.out,38.04600000000003,RandomForest,"Density,VSA,VF,PV,LCD,PLD"
str_m3_o11_o20_f0_nbo.sym.93.out,38.02200000000003,RandomForest,"Density,VSA,VF,PV,LCD,PLD"
str_m1_o8_o21_f0_pcu.sym.197.out,38.06973830473835,SGDRegressor,"Density,GSA,VSA,VF,PV,LCD,PLD"
